Year,Afghanistan,Albania,Algeria,Angola,Antigua and Barbuda,Argentina,Armenia,Aruba,Australia,Austria,Azerbaijan,Bahamas,Bahrain,Bangladesh,Barbados,Belarus,Belgium,Belize,Benin,Bhutan,Bolivia,Bosnia and Herzegovina,Botswana,Brazil,Brunei,Bulgaria,Burkina Faso,Burundi,Cambodia,Cameroon,Canada,Cape Verde,Central African Republic,Chad,Channel Islands,Chile,China,Colombia,Comoros,Congo,Costa Rica,Cote d'Ivoire,Croatia,Cuba,Curacao,Cyprus,Czech Republic,Democratic Republic of Congo,Denmark,Djibouti,Dominican Republic,Ecuador,Egypt,El Salvador,Equatorial Guinea,Eritrea,Estonia,Ethiopia,Fiji,Finland,France,French Guiana,French Polynesia,Gabon,Gambia,Georgia,Germany,Ghana,Greece,Grenada,Guadeloupe,Guam,Guatemala,Guinea,Guinea-Bissau,Guyana,Haiti,Honduras,Hong Kong,Hungary,Iceland,India,Indonesia,Iran,Iraq,Ireland,Israel,Italy,Jamaica,Japan,Jordan,Kazakhstan,Kenya,Kiribati,Kuwait,Kyrgyzstan,Laos,Latvia,Lebanon,Lesotho,Liberia,Libya,Lithuania,Luxembourg,Macao,Macedonia,Madagascar,Malawi,Malaysia,Maldives,Mali,Malta,Martinique,Mauritania,Mauritius,Mayotte,Melanesia,Mexico,Micronesia,Micronesia (region),Moldova,Mongolia,Montenegro,Morocco,Mozambique,Myanmar,Namibia,Nepal,Netherlands,New Caledonia,New Zealand,Nicaragua,Niger,Nigeria,North Korea,Norway,Oman,Pakistan,Palestine,Panama,Papua New Guinea,Paraguay,Peru,Philippines,Poland,Polynesia,Portugal,Puerto Rico,Qatar,Reunion,Romania,Russia,Rwanda,Saint Lucia,Saint Vincent and the Grenadines,Samoa,Sao Tome and Principe,Saudi Arabia,Senegal,Serbia (including Kosovo),Seychelles,Sierra Leone,Singapore,Slovakia,Slovenia,Solomon Islands,Somalia,South Africa,South Korea,South Sudan,Spain,Sri Lanka,Sudan,Suriname,Swaziland,Sweden,Switzerland,Syria,Taiwan,Tajikistan,Tanzania,Thailand,Timor,Togo,Tonga,Trinidad and Tobago,Tunisia,Turkey,Turkmenistan,Uganda,Ukraine,United Arab Emirates,United Kingdom,United States,United States Virgin Islands,Uruguay,Uzbekistan,Vanuatu,Venezuela,Vietnam,World,Yemen,Zambia,Zimbabwe
1950,7.45,5.963,7.287,7.342,4.446,3.164,4.132,5.801,3.005,1.866,5.075,3.978,7.029,6.233,4.516,2.502,2.332,6.69,5.751,6.67,6.928,5.321,6.469,6.141,6.862,2.66,6.034,6.819,6.953,5.537,3.469,6.497,5.403,6.062,2.053,5.083,6.665,6.774,5.686,5.67,5.651,7.375,2.924,4.758,4.856,3.851,2.943,5.994,2.575,6.304,7.507,6.725,6.724,6.236,5.676,6.924,2.089,7.35,6.297,3.132,2.834,5.076,5.972,3.948,5.23,2.655,2.089,6.367,2.467,5.184,5.621,5.444,7.147,5.973,5.914,5.689,6.31,7.469,4.414,2.77,3.621,5.91,5.346,6.915,8.11,3.475,4.523,2.461,3.802,3.444,7.564,4.305,7.36,5.846,7.218,3.925,5.938,2.014,5.76,5.811,6.251,7.104,2.895,1.868,4.051,5.521,7.299,6.841,6.364,5.595,6.961,4.211,5.643,6.117,6.049,7.91,6.252,6.72,7.303,6.173,3.475,5.497,4.621,6.485,6.972,6.026,5.962,5.958,3.053,5.224,3.385,6.884,7.262,6.357,1.946,2.464,7.25,6.6,7.563,5.679,6.231,6.49,6.954,7.448,3.527,6.72,3.104,4.975,6.968,7.19,3.046,2.814,7.916,5.338,7.256,7.639,6.227,7.2,6.787,3.638,5.157,6.09,6.487,3.592,2.866,6.401,7.248,6.041,5.017,6.628,2.449,5.635,6.675,6.582,6.711,2.254,2.325,7.176,6.902,5.039,6.699,6.132,6.509,6.335,7.327,5.276,6.557,6.738,4.89,6.893,2.718,6.941,2.076,3.052,5.142,2.692,5.084,7.683,6.544,4.963,5.048,7.369,6.623,6.753
1951,7.45,6.041,7.279,7.326,4.464,3.162,4.239,5.767,3.056,1.93,5.101,3.991,7.008,6.266,4.485,2.534,2.337,6.68,5.777,6.67,6.919,5.18,6.477,6.127,6.872,2.622,6.053,6.811,6.95,5.519,3.518,6.513,5.433,6.071,2.047,5.103,6.468,6.768,5.771,5.671,5.734,7.395,2.87,4.564,4.928,3.808,2.886,5.99,2.566,6.304,7.536,6.733,6.733,6.269,5.673,6.938,2.082,7.298,6.402,3.094,2.806,5.053,5.987,3.953,5.244,2.681,2.097,6.385,2.475,5.358,5.616,5.458,7.143,5.979,5.909,5.794,6.306,7.479,4.409,2.756,3.691,5.908,5.387,6.912,7.875,3.449,4.453,2.427,3.912,3.308,7.5,4.332,7.39,5.912,7.212,4.042,5.94,2.011,5.753,5.82,6.255,7.117,2.883,1.896,4.147,5.397,7.299,6.842,6.356,5.715,6.957,4.197,5.665,6.179,5.993,7.91,6.268,6.73,7.275,6.193,3.485,5.504,4.547,6.516,6.981,6.017,5.971,5.958,3.05,5.223,3.474,6.982,7.271,6.356,2.407,2.502,7.251,6.6,7.499,5.704,6.233,6.493,6.952,7.444,3.569,6.735,3.101,4.978,6.968,7.112,3.065,2.827,7.939,5.529,7.281,7.635,6.218,7.191,6.788,3.519,5.103,6.069,6.538,3.571,2.813,6.401,7.249,6.044,5.209,6.634,2.47,5.691,6.667,6.573,6.707,2.247,2.316,7.188,6.861,5.132,6.711,6.134,6.488,6.332,7.316,5.282,6.581,6.727,4.995,6.894,2.754,6.951,2.099,3.13,5.17,2.701,5.135,7.663,6.513,5.083,5.018,7.361,6.64,6.761
1952,7.45,6.186,7.27,7.298,4.496,3.157,4.437,5.695,3.15,2.053,5.158,4.021,6.973,6.331,4.429,2.593,2.352,6.66,5.829,6.67,6.901,4.915,6.492,6.104,6.891,2.552,6.089,6.798,6.946,5.49,3.612,6.546,5.491,6.09,2.042,5.139,6.111,6.759,5.934,5.676,5.89,7.434,2.768,4.218,5.054,3.727,2.778,5.981,2.551,6.306,7.589,6.748,6.748,6.334,5.668,6.962,2.068,7.201,6.59,3.021,2.756,5.011,6.009,3.969,5.271,2.731,2.114,6.422,2.485,5.686,5.609,5.493,7.131,5.993,5.901,5.988,6.299,7.496,4.41,2.721,3.822,5.903,5.463,6.908,7.437,3.409,4.322,2.366,4.128,3.051,7.39,4.385,7.45,6.043,7.202,4.267,5.942,2.005,5.741,5.837,6.264,7.139,2.857,1.953,4.326,5.157,7.3,6.846,6.343,5.943,6.951,4.163,5.705,6.296,5.897,7.91,6.296,6.746,7.222,6.232,3.502,5.537,4.404,6.577,6.998,6.002,5.99,5.959,3.047,5.223,3.638,7.158,7.29,6.354,3.247,2.575,7.252,6.6,7.39,5.749,6.236,6.499,6.949,7.432,3.636,6.764,3.097,4.979,6.97,6.97,3.089,2.848,7.983,5.886,7.324,7.629,6.202,7.176,6.792,3.296,5.01,6.034,6.62,3.527,2.714,6.4,7.25,6.049,5.559,6.645,2.512,5.789,6.652,6.559,6.701,2.237,2.303,7.212,6.774,5.316,6.733,6.137,6.451,6.328,7.299,5.294,6.628,6.703,5.203,6.896,2.814,6.968,2.148,3.272,5.225,2.719,5.239,7.623,6.46,5.313,4.966,7.348,6.675,6.781
1953,7.45,6.308,7.271,7.283,4.518,3.152,4.601,5.616,3.231,2.168,5.226,4.062,6.949,6.392,4.386,2.642,2.371,6.64,5.883,6.67,6.881,4.68,6.508,6.087,6.906,2.489,6.122,6.793,6.945,5.471,3.695,6.582,5.546,6.109,2.05,5.166,5.828,6.754,6.085,5.685,6.029,7.471,2.676,3.956,5.142,3.661,2.681,5.975,2.541,6.312,7.629,6.758,6.759,6.395,5.663,6.979,2.053,7.118,6.731,2.958,2.719,4.977,6.015,3.992,5.301,2.776,2.135,6.46,2.487,5.974,5.606,5.541,7.115,6.006,5.895,6.147,6.296,7.507,4.435,2.672,3.933,5.9,5.527,6.906,7.065,3.394,4.207,2.321,4.331,2.824,7.316,4.434,7.511,6.167,7.194,4.477,5.944,1.997,5.733,5.849,6.275,7.156,2.828,2.008,4.482,4.933,7.3,6.852,6.34,6.149,6.946,4.122,5.733,6.4,5.838,7.91,6.319,6.759,7.172,6.272,3.51,5.607,4.272,6.639,7.01,5.991,6.009,5.959,3.05,5.223,3.777,7.297,7.309,6.353,3.923,2.64,7.253,6.6,7.316,5.789,6.239,6.503,6.948,7.416,3.672,6.79,3.096,4.973,6.971,6.852,3.079,2.863,8.023,6.191,7.355,7.626,6.191,7.166,6.801,3.101,4.946,6.009,6.661,3.481,2.627,6.4,7.251,6.053,5.845,6.656,2.551,5.857,6.641,6.551,6.697,2.231,2.301,7.239,6.679,5.493,6.752,6.14,6.421,6.331,7.289,5.306,6.674,6.675,5.405,6.9,2.846,6.98,2.203,3.389,5.279,2.739,5.35,7.581,6.427,5.519,4.926,7.342,6.717,6.808
1954,7.45,6.408,7.282,7.281,4.531,3.146,4.732,5.53,3.297,2.275,5.304,4.115,6.938,6.45,4.355,2.681,2.395,6.62,5.938,6.67,6.86,4.475,6.523,6.076,6.917,2.434,6.152,6.795,6.945,5.465,3.766,6.621,5.597,6.129,2.072,5.185,5.619,6.754,6.223,5.7,6.15,7.507,2.595,3.778,5.193,3.609,2.596,5.972,2.537,6.322,7.656,6.765,6.765,6.452,5.659,6.988,2.038,7.048,6.824,2.905,2.695,4.951,6.005,4.025,5.333,2.816,2.162,6.499,2.48,6.221,5.605,5.603,7.094,6.021,5.892,6.273,6.296,7.512,4.483,2.609,4.024,5.899,5.579,6.906,6.758,3.404,4.109,2.291,4.522,2.627,7.278,4.477,7.573,6.284,7.189,4.672,5.947,1.988,5.729,5.858,6.289,7.167,2.795,2.063,4.612,4.726,7.301,6.859,6.346,6.335,6.944,4.071,5.749,6.49,5.816,7.91,6.336,6.769,7.127,6.313,3.511,5.714,4.151,6.701,7.016,5.985,6.029,5.959,3.057,5.223,3.889,7.4,7.329,6.353,4.435,2.698,7.253,6.6,7.279,5.821,6.244,6.506,6.948,7.394,3.676,6.815,3.098,4.959,6.971,6.759,3.037,2.87,8.059,6.445,7.373,7.626,6.185,7.161,6.815,2.936,4.912,5.996,6.661,3.433,2.553,6.399,7.251,6.056,6.064,6.666,2.589,5.893,6.635,6.55,6.694,2.229,2.309,7.267,6.575,5.665,6.768,6.141,6.397,6.34,7.288,5.318,6.718,6.643,5.602,6.907,2.852,6.986,2.264,3.479,5.331,2.76,5.469,7.536,6.414,5.703,4.899,7.343,6.763,6.842
1955,7.45,6.484,7.303,7.29,4.534,3.141,4.828,5.436,3.349,2.374,5.393,4.178,6.938,6.504,4.336,2.71,2.425,6.6,5.993,6.67,6.837,4.3,6.538,6.071,6.924,2.387,6.18,6.804,6.947,5.469,3.827,6.662,5.646,6.149,2.108,5.194,5.482,6.759,6.348,5.719,6.253,7.541,2.523,3.682,5.207,3.571,2.522,5.97,2.539,6.336,7.672,6.767,6.767,6.504,5.655,6.99,2.023,6.992,6.871,2.861,2.684,4.934,5.979,4.066,5.367,2.851,2.193,6.539,2.466,6.428,5.609,5.678,7.069,6.036,5.892,6.365,6.298,7.513,4.553,2.531,4.095,5.899,5.619,6.908,6.516,3.439,4.028,2.276,4.7,2.46,7.276,4.516,7.636,6.396,7.188,4.852,5.949,1.978,5.729,5.862,6.304,7.173,2.759,2.117,4.718,4.536,7.301,6.867,6.361,6.499,6.943,4.011,5.753,6.568,5.828,7.91,6.347,6.775,7.085,6.354,3.504,5.859,4.04,6.763,7.017,5.985,6.049,5.959,3.069,5.223,3.975,7.466,7.35,6.353,4.786,2.748,7.252,6.6,7.276,5.848,6.248,6.509,6.95,7.366,3.648,6.836,3.103,4.937,6.971,6.69,2.964,2.869,8.09,6.646,7.379,7.628,6.184,7.161,6.834,2.799,4.906,5.993,6.62,3.382,2.491,6.398,7.251,6.057,6.219,6.676,2.624,5.9,6.634,6.555,6.693,2.232,2.328,7.298,6.463,5.83,6.781,6.142,6.38,6.355,7.294,5.33,6.76,6.607,5.793,6.917,2.832,6.987,2.33,3.544,5.383,2.782,5.595,7.489,6.419,5.864,4.884,7.351,6.815,6.883
1956,7.45,6.537,7.335,7.312,4.528,3.136,4.89,5.334,3.386,2.464,5.49,4.248,6.951,6.555,4.327,2.728,2.458,6.58,6.05,6.67,6.813,4.155,6.553,6.07,6.925,2.346,6.205,6.821,6.95,5.485,3.874,6.706,5.692,6.169,2.156,5.194,5.417,6.767,6.46,5.743,6.338,7.573,2.461,3.665,5.185,3.546,2.459,5.972,2.546,6.354,7.675,6.765,6.764,6.552,5.652,6.984,2.007,6.948,6.871,2.826,2.685,4.925,5.938,4.115,5.404,2.881,2.228,6.58,2.444,6.59,5.615,5.762,7.04,6.052,5.893,6.425,6.303,7.508,4.643,2.44,4.146,5.9,5.647,6.911,6.34,3.496,3.964,2.276,4.867,2.322,7.308,4.549,7.7,6.5,7.19,5.015,5.952,1.967,5.732,5.863,6.321,7.174,2.719,2.17,4.797,4.362,7.3,6.877,6.383,6.642,6.943,3.941,5.746,6.632,5.872,7.91,6.351,6.779,7.046,6.396,3.488,6.037,3.939,6.825,7.012,5.989,6.069,5.959,3.086,5.223,4.035,7.497,7.37,6.354,4.981,2.791,7.251,6.6,7.308,5.868,6.254,6.51,6.954,7.334,3.589,6.855,3.111,4.906,6.971,6.644,2.862,2.86,8.118,6.798,7.373,7.633,6.187,7.165,6.858,2.69,4.93,6.002,6.538,3.329,2.441,6.397,7.25,6.058,6.31,6.685,2.657,5.876,6.637,6.566,6.693,2.239,2.356,7.33,6.342,5.989,6.791,6.143,6.369,6.377,7.308,5.339,6.801,6.567,5.976,6.929,2.787,6.983,2.402,3.582,5.433,2.804,5.727,7.439,6.442,6.002,4.882,7.366,6.871,6.929
1957,7.45,6.566,7.375,7.344,4.513,3.13,4.918,5.223,3.409,2.545,5.593,4.323,6.974,6.602,4.328,2.736,2.495,6.56,6.108,6.67,6.787,4.037,6.568,6.074,6.92,2.313,6.227,6.845,6.955,5.512,3.907,6.751,5.734,6.19,2.215,5.185,5.42,6.779,6.56,5.771,6.403,7.604,2.408,3.721,5.128,3.531,2.406,5.976,2.557,6.376,7.665,6.76,6.758,6.594,5.649,6.971,1.992,6.917,6.827,2.798,2.697,4.924,5.882,4.173,5.443,2.905,2.267,6.622,2.416,6.709,5.623,5.851,7.007,6.068,5.898,6.452,6.31,7.498,4.746,2.339,4.176,5.902,5.665,6.916,6.228,3.574,3.915,2.29,5.022,2.213,7.371,4.573,7.763,6.595,7.195,5.161,5.954,1.955,5.736,5.861,6.34,7.173,2.677,2.221,4.848,4.205,7.3,6.889,6.41,6.764,6.946,3.861,5.729,6.685,5.942,7.91,6.35,6.779,7.012,6.435,3.463,6.245,3.847,6.886,7.003,5.999,6.09,5.959,3.106,5.223,4.069,7.495,7.392,6.354,5.031,2.827,7.25,6.6,7.371,5.88,6.26,6.511,6.958,7.296,3.502,6.871,3.122,4.866,6.97,6.618,2.737,2.843,8.141,6.901,7.354,7.639,6.195,7.174,6.887,2.608,4.981,6.021,6.415,3.273,2.402,6.395,7.25,6.057,6.338,6.693,2.688,5.825,6.645,6.58,6.696,2.25,2.392,7.365,6.212,6.142,6.798,6.143,6.364,6.404,7.326,5.344,6.84,6.523,6.152,6.944,2.718,6.975,2.477,3.595,5.482,2.827,5.863,7.386,6.48,6.118,4.89,7.388,6.931,6.982
1958,7.45,6.569,7.421,7.384,4.49,3.124,4.91,5.102,3.418,2.616,5.697,4.397,7.006,6.646,4.333,2.733,2.534,6.54,6.166,6.67,6.76,3.942,6.583,6.078,6.906,2.286,6.248,6.875,6.96,5.549,3.923,6.797,5.773,6.21,2.282,5.167,5.484,6.792,6.648,5.804,6.446,7.633,2.363,3.839,5.041,3.522,2.361,5.982,2.569,6.401,7.643,6.75,6.748,6.63,5.648,6.952,1.977,6.897,6.74,2.776,2.718,4.93,5.815,4.237,5.484,2.923,2.309,6.665,2.385,6.778,5.632,5.939,6.971,6.084,5.904,6.45,6.317,7.485,4.853,2.231,4.185,5.904,5.672,6.921,6.178,3.666,3.88,2.317,5.165,2.131,7.461,4.588,7.827,6.678,7.206,5.288,5.956,1.941,5.741,5.856,6.361,7.173,2.632,2.269,4.865,4.066,7.3,6.903,6.435,6.867,6.951,3.767,5.7,6.725,6.027,7.91,6.343,6.777,6.982,6.47,3.429,6.476,3.762,6.944,6.99,6.012,6.111,5.959,3.128,5.224,4.079,7.463,7.413,6.355,4.957,2.856,7.249,6.6,7.461,5.885,6.266,6.509,6.963,7.252,3.389,6.881,3.134,4.813,6.969,6.609,2.597,2.815,8.161,6.959,7.323,7.645,6.208,7.186,6.92,2.55,5.057,6.049,6.254,3.214,2.374,6.393,7.25,6.055,6.307,6.702,2.717,5.749,6.657,6.595,6.701,2.263,2.434,7.399,6.074,6.286,6.803,6.143,6.365,6.438,7.345,5.338,6.876,6.475,6.315,6.96,2.629,6.962,2.553,3.583,5.529,2.848,6,7.329,6.528,6.213,4.909,7.416,6.993,7.039
1959,7.45,6.544,7.472,7.431,4.46,3.117,4.867,4.969,3.411,2.677,5.795,4.458,7.045,6.687,4.337,2.719,2.571,6.52,6.225,6.67,6.731,3.866,6.599,6.079,6.879,2.264,6.269,6.912,6.965,5.594,3.916,6.842,5.808,6.23,2.353,5.139,5.598,6.802,6.725,5.84,6.464,7.662,2.323,4.001,4.93,3.514,2.321,5.99,2.581,6.43,7.606,6.737,6.734,6.657,5.649,6.928,1.964,6.886,6.616,2.755,2.744,4.945,5.739,4.308,5.527,2.936,2.353,6.707,2.355,6.792,5.639,6.011,6.934,6.1,5.912,6.422,6.322,7.471,4.949,2.123,4.17,5.906,5.672,6.925,6.188,3.764,3.857,2.352,5.298,2.073,7.57,4.586,7.888,6.745,7.221,5.392,5.959,1.927,5.743,5.848,6.383,7.181,2.586,2.312,4.842,3.945,7.3,6.92,6.452,6.952,6.958,3.657,5.663,6.755,6.109,7.91,6.33,6.773,6.956,6.495,3.384,6.718,3.682,6.997,6.973,6.03,6.13,5.959,3.149,5.224,4.066,7.408,7.434,6.355,4.793,2.878,7.248,6.6,7.569,5.882,6.271,6.506,6.968,7.203,3.257,6.885,3.148,4.745,6.969,6.609,2.458,2.776,8.176,6.979,7.28,7.65,6.223,7.2,6.957,2.514,5.155,6.085,6.055,3.152,2.354,6.391,7.25,6.049,6.224,6.711,2.743,5.652,6.672,6.606,6.708,2.278,2.478,7.434,5.927,6.422,6.805,6.144,6.368,6.477,7.36,5.315,6.911,6.423,6.463,6.979,2.527,6.946,2.627,3.545,5.574,2.867,6.133,7.267,6.576,6.289,4.934,7.45,7.056,7.098
1960,7.45,6.489,7.524,7.478,4.425,3.109,4.786,4.82,3.389,2.725,5.878,4.495,7.087,6.725,4.333,2.693,2.602,6.5,6.282,6.67,6.7,3.801,6.615,6.07,6.836,2.245,6.291,6.953,6.967,5.647,3.88,6.885,5.84,6.25,2.421,5.102,5.748,6.807,6.792,5.88,6.451,7.691,2.288,4.182,4.801,3.5,2.282,6.001,2.588,6.461,7.555,6.721,6.716,6.674,5.653,6.899,1.953,6.88,6.461,2.733,2.771,4.967,5.658,4.384,5.573,2.942,2.395,6.749,2.33,6.743,5.641,6.052,6.896,6.114,5.921,6.372,6.324,7.458,5.014,2.023,4.131,5.906,5.666,6.927,6.252,3.857,3.843,2.392,5.419,2.036,7.687,4.562,7.946,6.788,7.244,5.469,5.961,1.911,5.739,5.839,6.406,7.202,2.539,2.349,4.772,3.842,7.3,6.94,6.45,7.021,6.967,3.527,5.617,6.775,6.167,7.91,6.31,6.768,6.934,6.506,3.328,6.953,3.603,7.04,6.954,6.051,6.149,5.959,3.165,5.224,4.03,7.336,7.454,6.354,4.579,2.895,7.247,6.6,7.687,5.87,6.275,6.5,6.971,7.148,3.113,6.881,3.162,4.657,6.971,6.609,2.338,2.723,8.187,6.967,7.224,7.651,6.242,7.216,6.996,2.494,5.27,6.127,5.821,3.085,2.341,6.388,7.25,6.041,6.095,6.721,2.766,5.541,6.691,6.608,6.717,2.291,2.52,7.467,5.772,6.547,6.806,6.147,6.373,6.521,7.363,5.264,6.942,6.366,6.59,6.999,2.418,6.929,2.694,3.483,5.615,2.88,6.255,7.197,6.616,6.348,4.963,7.488,7.115,7.158
1961,7.45,6.401,7.573,7.524,4.386,3.1,4.67,4.655,3.353,2.759,5.937,4.496,7.129,6.761,4.313,2.656,2.624,6.48,6.339,6.67,6.668,3.74,6.632,6.047,6.771,2.229,6.316,6.999,6.964,5.705,3.809,6.922,5.867,6.268,2.481,5.054,5.919,6.801,6.849,5.921,6.405,7.72,2.253,4.36,4.661,3.471,2.243,6.015,2.587,6.493,7.487,6.7,6.696,6.679,5.661,6.868,1.946,6.877,6.281,2.705,2.795,4.995,5.577,4.462,5.621,2.943,2.434,6.789,2.316,6.627,5.636,6.048,6.859,6.127,5.931,6.305,6.318,7.448,5.03,1.938,4.066,5.902,5.656,6.924,6.364,3.933,3.835,2.434,5.529,2.016,7.802,4.512,7.998,6.803,7.273,5.516,5.964,1.895,5.724,5.829,6.429,7.243,2.493,2.375,4.646,3.758,7.301,6.964,6.42,7.075,6.979,3.375,5.564,6.787,6.178,7.91,6.285,6.762,6.917,6.496,3.259,7.168,3.522,7.072,6.935,6.073,6.167,5.96,3.172,5.224,3.975,7.257,7.473,6.351,4.357,2.906,7.248,6.6,7.803,5.846,6.278,6.489,6.97,7.087,2.964,6.864,3.175,4.547,6.973,6.6,2.254,2.655,8.194,6.931,7.155,7.645,6.263,7.23,7.037,2.486,5.397,6.171,5.557,3.013,2.333,6.385,7.252,6.028,5.929,6.733,2.786,5.421,6.713,6.594,6.73,2.3,2.554,7.497,5.609,6.661,6.806,6.151,6.376,6.57,7.346,5.177,6.97,6.304,6.689,7.019,2.31,6.91,2.748,3.399,5.651,2.886,6.36,7.12,6.637,6.392,4.993,7.531,7.169,7.215
1962,7.45,6.282,7.614,7.563,4.344,3.089,4.521,4.471,3.303,2.778,5.961,4.45,7.163,6.794,4.269,2.608,2.632,6.46,6.394,6.67,6.633,3.676,6.649,6.004,6.683,2.213,6.344,7.046,6.955,5.766,3.701,6.953,5.891,6.285,2.525,4.996,6.089,6.779,6.897,5.965,6.322,7.75,2.218,4.509,4.519,3.421,2.199,6.03,2.575,6.527,7.404,6.676,6.673,6.67,5.673,6.837,1.943,6.875,6.085,2.666,2.81,5.025,5.5,4.541,5.672,2.937,2.466,6.827,2.318,6.442,5.619,5.984,6.824,6.138,5.941,6.226,6.302,7.443,4.98,1.875,3.976,5.894,5.645,6.914,6.514,3.984,3.83,2.472,5.627,2.007,7.904,4.432,8.042,6.784,7.309,5.532,5.966,1.878,5.694,5.82,6.453,7.31,2.45,2.39,4.462,3.691,7.303,6.991,6.353,7.118,6.994,3.2,5.504,6.794,6.124,7.91,6.254,6.758,6.905,6.46,3.178,7.347,3.436,7.088,6.916,6.096,6.184,5.962,3.166,5.223,3.903,7.179,7.49,6.346,4.173,2.912,7.251,6.6,7.907,5.812,6.278,6.472,6.963,7.02,2.819,6.834,3.185,4.411,6.977,6.569,2.223,2.571,8.197,6.88,7.074,7.63,6.284,7.243,7.078,2.484,5.526,6.216,5.27,2.937,2.327,6.383,7.255,6.01,5.738,6.747,2.802,5.299,6.737,6.558,6.745,2.304,2.575,7.522,5.438,6.76,6.804,6.155,6.375,6.622,7.302,5.047,6.993,6.237,6.756,7.04,2.212,6.892,2.785,3.294,5.679,2.884,6.441,7.033,6.628,6.425,5.017,7.575,7.214,7.267
1963,7.45,6.133,7.646,7.592,4.299,3.078,4.345,4.271,3.24,2.78,5.945,4.356,7.185,6.825,4.196,2.551,2.624,6.44,6.447,6.67,6.597,3.601,6.666,5.937,6.572,2.198,6.377,7.094,6.937,5.828,3.555,6.976,5.91,6.301,2.55,4.926,6.237,6.736,6.939,6.008,6.201,7.781,2.18,4.606,4.381,3.346,2.15,6.048,2.548,6.561,7.303,6.646,6.646,6.645,5.69,6.806,1.945,6.872,5.881,2.613,2.812,5.054,5.43,4.619,5.723,2.924,2.488,6.862,2.336,6.196,5.587,5.857,6.794,6.147,5.951,6.14,6.274,7.441,4.857,1.84,3.864,5.88,5.634,6.896,6.689,4.002,3.824,2.503,5.711,2.007,7.983,4.323,8.078,6.728,7.347,5.517,5.969,1.862,5.647,5.812,6.476,7.402,2.41,2.39,4.221,3.638,7.305,7.023,6.246,7.152,7.011,3.005,5.437,6.798,5.993,7.91,6.218,6.754,6.897,6.397,3.086,7.477,3.344,7.086,6.898,6.116,6.199,5.964,3.143,5.222,3.818,7.109,7.505,6.341,4.057,2.912,7.256,6.6,7.988,5.765,6.275,6.447,6.948,6.947,2.687,6.789,3.19,4.252,6.982,6.506,2.25,2.474,8.198,6.821,6.981,7.604,6.306,7.252,7.117,2.482,5.649,6.26,4.967,2.858,2.32,6.385,7.258,5.986,5.533,6.763,2.816,5.18,6.762,6.497,6.763,2.3,2.579,7.541,5.26,6.844,6.803,6.157,6.367,6.677,7.226,4.873,7.009,6.165,6.788,7.06,2.131,6.875,2.8,3.173,5.696,2.874,6.494,6.938,6.581,6.448,5.033,7.621,7.249,7.311
1964,7.45,5.96,7.665,7.611,4.25,3.068,4.15,4.059,3.168,2.765,5.888,4.22,7.188,6.853,4.094,2.49,2.599,6.42,6.497,6.67,6.559,3.515,6.681,5.847,6.44,2.181,6.414,7.141,6.909,5.89,3.377,6.989,5.925,6.318,2.551,4.844,6.346,6.668,6.975,6.052,6.044,7.811,2.14,4.643,4.248,3.249,2.099,6.067,2.507,6.595,7.186,6.61,6.615,6.606,5.711,6.778,1.953,6.867,5.676,2.544,2.8,5.076,5.368,4.694,5.776,2.906,2.495,6.893,2.369,5.906,5.539,5.67,6.767,6.154,5.961,6.05,6.233,7.443,4.665,1.833,3.736,5.859,5.623,6.868,6.872,3.987,3.817,2.523,5.775,2.01,8.034,4.191,8.103,6.634,7.383,5.475,5.971,1.849,5.583,5.806,6.5,7.517,2.376,2.374,3.934,3.595,7.307,7.058,6.1,7.179,7.03,2.798,5.363,6.799,5.785,7.91,6.179,6.752,6.893,6.308,2.989,7.558,3.246,7.065,6.884,6.13,6.216,5.965,3.101,5.22,3.723,7.052,7.518,6.336,4.022,2.905,7.263,6.6,8.041,5.707,6.268,6.41,6.921,6.867,2.572,6.727,3.189,4.075,6.986,6.404,2.333,2.369,8.198,6.758,6.876,7.567,6.327,7.257,7.154,2.478,5.757,6.3,4.658,2.779,2.312,6.394,7.261,5.956,5.325,6.781,2.826,5.067,6.787,6.412,6.782,2.287,2.564,7.555,5.076,6.911,6.801,6.151,6.347,6.734,7.117,4.664,7.015,6.089,6.787,7.078,2.07,6.857,2.791,3.041,5.698,2.858,6.518,6.836,6.495,6.464,5.037,7.665,7.274,7.347
1965,7.45,5.773,7.675,7.619,4.193,3.058,3.95,3.842,3.09,2.731,5.792,4.057,7.162,6.878,3.963,2.428,2.557,6.4,6.544,6.67,6.519,3.417,6.692,5.733,6.297,2.165,6.454,7.183,6.868,5.949,3.175,6.993,5.937,6.337,2.526,4.747,6.396,6.567,7.004,6.094,5.853,7.841,2.1,4.617,4.118,3.133,2.05,6.089,2.453,6.629,7.053,6.564,6.577,6.552,5.734,6.752,1.967,6.864,5.475,2.458,2.772,5.08,5.314,4.766,5.83,2.882,2.481,6.918,2.414,5.597,5.472,5.439,6.744,6.16,5.971,5.957,6.179,7.442,4.422,1.85,3.599,5.83,5.612,6.827,7.044,3.949,3.81,2.531,5.815,2.016,8.057,4.048,8.119,6.501,7.409,5.417,5.973,1.841,5.501,5.802,6.524,7.647,2.348,2.342,3.615,3.552,7.308,7.096,5.923,7.201,7.05,2.592,5.278,6.799,5.51,7.91,6.137,6.755,6.894,6.196,2.891,7.593,3.145,7.026,6.872,6.136,6.236,5.966,3.038,5.222,3.623,7.01,7.529,6.335,4.063,2.889,7.271,6.6,8.063,5.638,6.258,6.356,6.878,6.781,2.479,6.649,3.18,3.888,6.988,6.251,2.455,2.265,8.198,6.688,6.76,7.519,6.349,7.26,7.186,2.469,5.842,6.337,4.356,2.703,2.301,6.419,7.261,5.92,5.125,6.8,2.834,4.959,6.81,6.304,6.802,2.265,2.528,7.564,4.884,6.962,6.798,6.129,6.314,6.792,6.973,4.433,7.008,6.011,6.756,7.094,2.032,6.838,2.757,2.902,5.679,2.841,6.516,6.73,6.368,6.475,5.025,7.705,7.291,7.373
1966,7.45,5.581,7.676,7.618,4.125,3.051,3.758,3.625,3.011,2.677,5.663,3.893,7.099,6.901,3.807,2.372,2.501,6.379,6.588,6.67,6.477,3.313,6.698,5.6,6.156,2.151,6.493,7.218,6.813,6.004,2.963,6.99,5.945,6.362,2.475,4.632,6.375,6.425,7.027,6.136,5.63,7.868,2.062,4.54,3.983,3.01,2.013,6.111,2.39,6.665,6.903,6.507,6.529,6.488,5.756,6.728,1.987,6.867,5.278,2.355,2.73,5.059,5.267,4.834,5.884,2.854,2.44,6.937,2.462,5.3,5.387,5.187,6.724,6.168,5.982,5.86,6.109,7.435,4.152,1.882,3.463,5.794,5.599,6.77,7.188,3.902,3.804,2.529,5.821,2.027,8.053,3.912,8.126,6.329,7.417,5.354,5.974,1.841,5.403,5.801,6.552,7.781,2.328,2.291,3.283,3.502,7.307,7.137,5.728,7.218,7.07,2.401,5.181,6.798,5.187,7.91,6.093,6.768,6.9,6.068,2.801,7.599,3.046,6.969,6.864,6.13,6.263,5.963,2.953,5.234,3.521,6.981,7.537,6.342,4.157,2.861,7.277,6.6,8.054,5.559,6.244,6.276,6.816,6.689,2.407,6.555,3.161,3.703,6.988,6.038,2.589,2.17,8.198,6.607,6.632,7.462,6.371,7.262,7.215,2.454,5.894,6.37,4.074,2.637,2.287,6.47,7.257,5.878,4.941,6.819,2.842,4.849,6.831,6.182,6.822,2.233,2.471,7.569,4.683,6.999,6.795,6.084,6.268,6.851,6.795,4.2,6.984,5.933,6.703,7.106,2.015,6.817,2.696,2.762,5.634,2.83,6.495,6.626,6.203,6.485,4.996,7.737,7.304,7.391
1967,7.45,5.394,7.672,7.613,4.042,3.048,3.582,3.417,2.933,2.606,5.512,3.75,6.997,6.92,3.637,2.326,2.433,6.358,6.63,6.67,6.432,3.208,6.697,5.454,6.026,2.14,6.53,7.245,6.745,6.058,2.752,6.982,5.95,6.393,2.404,4.499,6.286,6.246,7.044,6.177,5.383,7.893,2.03,4.433,3.836,2.889,1.993,6.135,2.321,6.702,6.738,6.436,6.469,6.415,5.776,6.706,2.012,6.88,5.083,2.237,2.678,5.006,5.222,4.899,5.938,2.821,2.371,6.95,2.507,5.04,5.286,4.939,6.705,6.177,5.994,5.756,6.026,7.417,3.887,1.92,3.335,5.751,5.582,6.699,7.295,3.859,3.803,2.519,5.79,2.044,8.033,3.795,8.125,6.125,7.402,5.295,5.973,1.851,5.295,5.803,6.583,7.905,2.316,2.223,2.958,3.439,7.304,7.179,5.529,7.231,7.089,2.238,5.069,6.798,4.847,7.91,6.049,6.789,6.911,5.932,2.722,7.591,2.953,6.9,6.859,6.111,6.301,5.958,2.848,5.255,3.418,6.961,7.544,6.359,4.257,2.819,7.282,6.6,8.023,5.472,6.227,6.17,6.733,6.589,2.352,6.446,3.132,3.53,6.983,5.77,2.708,2.093,8.201,6.508,6.494,7.4,6.394,7.264,7.24,2.437,5.915,6.402,3.815,2.582,2.272,6.549,7.248,5.832,4.772,6.838,2.851,4.734,6.85,6.053,6.841,2.194,2.397,7.572,4.474,7.024,6.791,6.009,6.207,6.911,6.59,3.985,6.942,5.855,6.635,7.113,2.014,6.791,2.613,2.623,5.561,2.831,6.461,6.526,6.014,6.493,4.951,7.76,7.317,7.403
1968,7.45,5.218,7.666,7.608,3.942,3.049,3.429,3.226,2.858,2.52,5.351,3.641,6.86,6.935,3.46,2.291,2.36,6.337,6.671,6.67,6.384,3.109,6.687,5.304,5.912,2.133,6.563,7.265,6.666,6.108,2.555,6.97,5.953,6.432,2.318,4.351,6.133,6.034,7.055,6.216,5.123,7.912,2.006,4.312,3.675,2.779,1.994,6.161,2.251,6.739,6.561,6.351,6.399,6.337,5.791,6.686,2.041,6.903,4.892,2.113,2.62,4.921,5.174,4.961,5.991,2.785,2.278,6.957,2.541,4.835,5.17,4.716,6.685,6.189,6.008,5.642,5.937,7.383,3.649,1.954,3.218,5.702,5.556,6.617,7.362,3.83,3.806,2.501,5.722,2.066,8.004,3.705,8.117,5.902,7.358,5.245,5.973,1.87,5.181,5.805,6.617,8.01,2.311,2.143,2.657,3.36,7.297,7.221,5.34,7.237,7.106,2.111,4.939,6.795,4.516,7.91,6.006,6.813,6.924,5.797,2.66,7.584,2.871,6.821,6.854,6.077,6.347,5.948,2.727,5.28,3.315,6.941,7.551,6.387,4.327,2.763,7.286,6.6,7.977,5.378,6.208,6.041,6.63,6.485,2.31,6.328,3.093,3.377,6.97,5.46,2.791,2.038,8.207,6.387,6.345,7.334,6.419,7.267,7.26,2.419,5.9,6.434,3.582,2.541,2.258,6.655,7.232,5.782,4.617,6.855,2.86,4.609,6.865,5.922,6.857,2.148,2.312,7.574,4.259,7.035,6.785,5.903,6.132,6.971,6.371,3.802,6.881,5.778,6.56,7.117,2.021,6.757,2.515,2.49,5.459,2.844,6.421,6.433,5.811,6.494,4.891,7.777,7.332,7.411
1969,7.45,5.057,7.656,7.604,3.824,3.056,3.302,3.054,2.786,2.422,5.185,3.571,6.692,6.945,3.284,2.268,2.283,6.316,6.71,6.67,6.335,3.016,6.67,5.153,5.812,2.132,6.593,7.279,6.574,6.157,2.38,6.954,5.954,6.477,2.222,4.189,5.92,5.797,7.06,6.253,4.861,7.927,1.989,4.18,3.501,2.686,2.015,6.187,2.183,6.774,6.375,6.252,6.319,6.255,5.802,6.667,2.07,6.937,4.71,1.987,2.557,4.803,5.12,5.021,6.043,2.747,2.166,6.957,2.562,4.69,5.042,4.526,6.664,6.205,6.024,5.517,5.846,7.334,3.448,1.982,3.118,5.648,5.521,6.528,7.383,3.817,3.812,2.477,5.617,2.09,7.968,3.646,8.103,5.673,7.281,5.207,5.972,1.897,5.064,5.807,6.655,8.087,2.309,2.054,2.392,3.265,7.286,7.262,5.167,7.237,7.121,2.023,4.789,6.791,4.213,7.91,5.964,6.831,6.935,5.668,2.613,7.578,2.8,6.736,6.849,6.029,6.401,5.934,2.596,5.302,3.212,6.919,7.558,6.425,4.352,2.693,7.293,6.6,7.921,5.279,6.187,5.894,6.51,6.376,2.278,6.202,3.047,3.248,6.947,5.119,2.829,2.005,8.217,6.249,6.185,7.265,6.444,7.273,7.276,2.403,5.85,6.465,3.375,2.514,2.243,6.781,7.209,5.728,4.474,6.869,2.868,4.477,6.878,5.79,6.869,2.099,2.218,7.574,4.042,7.031,6.778,5.764,6.039,7.029,6.15,3.658,6.802,5.7,6.482,7.118,2.034,6.713,2.407,2.366,5.328,2.869,6.377,6.348,5.605,6.487,4.818,7.792,7.349,7.415
1970,7.45,4.91,7.643,7.601,3.684,3.073,3.199,2.908,2.713,2.317,5.018,3.531,6.501,6.947,3.113,2.254,2.206,6.299,6.748,6.671,6.284,2.929,6.645,5.009,5.719,2.135,6.623,7.289,6.465,6.203,2.232,6.935,5.954,6.528,2.121,4.019,5.648,5.548,7.061,6.288,4.611,7.936,1.979,4.033,3.32,2.61,2.055,6.215,2.117,6.804,6.182,6.138,6.233,6.172,5.808,6.65,2.097,6.978,4.543,1.869,2.488,4.653,5.057,5.081,6.093,2.707,2.042,6.95,2.569,4.604,4.901,4.372,6.642,6.225,6.041,5.38,5.762,7.27,3.284,2.006,3.031,5.587,5.474,6.44,7.362,3.813,3.817,2.444,5.477,2.11,7.926,3.611,8.081,5.457,7.169,5.177,5.974,1.925,4.948,5.808,6.695,8.132,2.308,1.96,2.167,3.158,7.27,7.303,5.014,7.227,7.133,1.975,4.613,6.784,3.952,7.912,5.922,6.83,6.938,5.546,2.582,7.569,2.737,6.646,6.84,5.964,6.459,5.918,2.458,5.304,3.107,6.892,7.567,6.471,4.315,2.608,7.311,6.601,7.862,5.173,6.163,5.739,6.378,6.264,2.254,6.073,2.994,3.146,6.91,4.765,2.824,1.991,8.231,6.101,6.014,7.194,6.468,7.28,7.289,2.388,5.761,6.496,3.19,2.499,2.231,6.914,7.182,5.67,4.336,6.881,2.872,4.342,6.888,5.653,6.875,2.046,2.121,7.572,3.829,7.003,6.771,5.595,5.917,7.084,5.941,3.554,6.705,5.619,6.404,7.115,2.047,6.655,2.294,2.253,5.167,2.902,6.326,6.272,5.404,6.465,4.731,7.813,7.367,7.417
1971,7.45,4.775,7.624,7.603,3.517,3.104,3.114,2.788,2.636,2.207,4.85,3.504,6.297,6.942,2.949,2.244,2.129,6.288,6.786,6.674,6.233,2.844,6.615,4.877,5.619,2.144,6.657,7.299,6.332,6.246,2.112,6.913,5.954,6.582,2.019,3.844,5.322,5.3,7.06,6.319,4.385,7.941,1.973,3.857,3.142,2.547,2.112,6.244,2.055,6.823,5.983,6.011,6.144,6.087,5.808,6.636,2.118,7.02,4.397,1.768,2.412,4.471,4.98,5.143,6.141,2.665,1.917,6.936,2.565,4.561,4.746,4.248,6.62,6.249,6.06,5.226,5.692,7.195,3.149,2.031,2.954,5.519,5.413,6.359,7.308,3.807,3.813,2.401,5.305,2.118,7.876,3.59,8.051,5.273,7.018,5.147,5.979,1.949,4.836,5.807,6.736,8.147,2.303,1.867,1.979,3.044,7.248,7.345,4.88,7.201,7.141,1.964,4.404,6.773,3.741,7.918,5.881,6.789,6.925,5.433,2.56,7.546,2.68,6.552,6.824,5.884,6.517,5.901,2.316,5.264,2.997,6.855,7.58,6.522,4.21,2.509,7.35,6.602,7.804,5.06,6.137,5.591,6.239,6.152,2.238,5.945,2.938,3.068,6.855,4.418,2.786,1.991,8.252,5.953,5.828,7.119,6.49,7.289,7.296,2.377,5.632,6.524,3.014,2.495,2.22,7.04,7.151,5.605,4.192,6.892,2.87,4.208,6.899,5.504,6.876,1.99,2.021,7.566,3.627,6.943,6.765,5.397,5.751,7.136,5.761,3.484,6.591,5.529,6.323,7.111,2.056,6.579,2.182,2.153,4.976,2.938,6.263,6.202,5.219,6.421,4.63,7.852,7.383,7.419
1972,7.45,4.642,7.597,7.606,3.328,3.148,3.035,2.691,2.549,2.098,4.681,3.469,6.094,6.928,2.794,2.232,2.052,6.284,6.823,6.679,6.182,2.759,6.582,4.756,5.5,2.155,6.697,7.312,6.175,6.287,2.014,6.887,5.953,6.636,1.918,3.672,4.956,5.067,7.058,6.347,4.188,7.942,1.967,3.646,2.976,2.491,2.175,6.275,1.994,6.83,5.781,5.873,6.056,6,5.805,6.624,2.129,7.06,4.275,1.689,2.328,4.267,4.889,5.208,6.185,2.622,1.8,6.915,2.554,4.537,4.58,4.137,6.599,6.277,6.078,5.057,5.642,7.111,3.023,2.062,2.88,5.444,5.338,6.292,7.234,3.785,3.798,2.346,5.108,2.11,7.818,3.569,8.012,5.13,6.835,5.105,5.99,1.964,4.73,5.802,6.777,8.135,2.291,1.778,1.818,2.932,7.221,7.389,4.757,7.159,7.147,1.978,4.165,6.757,3.575,7.928,5.839,6.7,6.894,5.326,2.542,7.497,2.624,6.455,6.801,5.79,6.57,5.884,2.175,5.173,2.878,6.807,7.596,6.575,4.05,2.4,7.414,6.605,7.749,4.939,6.108,5.458,6.099,6.041,2.227,5.818,2.882,3.006,6.781,4.096,2.734,1.993,8.278,5.813,5.629,7.039,6.51,7.299,7.299,2.369,5.468,6.55,2.836,2.497,2.213,7.145,7.118,5.535,4.036,6.903,2.86,4.083,6.91,5.336,6.871,1.932,1.923,7.556,3.441,6.845,6.761,5.181,5.541,7.182,5.616,3.432,6.465,5.429,6.237,7.107,2.059,6.484,2.074,2.063,4.76,2.969,6.185,6.134,5.053,6.35,4.517,7.915,7.392,7.42
1973,7.45,4.509,7.558,7.611,3.122,3.203,2.956,2.613,2.452,1.992,4.51,3.411,5.899,6.904,2.648,2.216,1.977,6.285,6.86,6.685,6.132,2.671,6.547,4.647,5.355,2.169,6.744,7.329,6.004,6.328,1.933,6.855,5.952,6.688,1.822,3.506,4.57,4.857,7.055,6.369,4.026,7.939,1.96,3.4,2.83,2.44,2.238,6.308,1.934,6.823,5.58,5.727,5.974,5.91,5.8,6.615,2.132,7.094,4.178,1.634,2.239,4.055,4.785,5.275,6.226,2.577,1.7,6.888,2.54,4.512,4.403,4.028,6.578,6.306,6.098,4.877,5.616,7.025,2.892,2.101,2.804,5.363,5.251,6.243,7.153,3.739,3.767,2.279,4.899,2.086,7.75,3.536,7.963,5.034,6.627,5.047,6.006,1.968,4.629,5.794,6.815,8.102,2.271,1.697,1.679,2.828,7.188,7.432,4.64,7.103,7.151,2.004,3.9,6.736,3.444,7.94,5.796,6.558,6.842,5.223,2.523,7.413,2.567,6.356,6.769,5.685,6.613,5.868,2.039,5.027,2.751,6.748,7.616,6.625,3.852,2.284,7.504,6.608,7.699,4.81,6.077,5.351,5.963,5.931,2.221,5.696,2.825,2.955,6.69,3.812,2.685,1.993,8.307,5.686,5.417,6.952,6.525,7.307,7.299,2.364,5.277,6.573,2.652,2.5,2.207,7.216,7.086,5.457,3.86,6.912,2.839,3.97,6.921,5.148,6.86,1.874,1.829,7.537,3.273,6.714,6.758,4.953,5.298,7.222,5.512,3.389,6.33,5.316,6.143,7.103,2.056,6.372,1.976,1.984,4.527,2.989,6.088,6.067,4.905,6.251,4.397,8.003,7.393,7.417
1974,7.45,4.373,7.505,7.614,2.908,3.264,2.875,2.552,2.348,1.894,4.341,3.33,5.721,6.869,2.513,2.194,1.905,6.287,6.896,6.69,6.081,2.58,6.51,4.55,5.183,2.181,6.799,7.35,5.831,6.367,1.866,6.818,5.951,6.736,1.735,3.353,4.181,4.675,7.052,6.384,3.898,7.929,1.95,3.127,2.705,2.393,2.293,6.341,1.876,6.803,5.382,5.577,5.899,5.816,5.795,6.609,2.125,7.121,4.106,1.605,2.147,3.847,4.67,5.343,6.262,2.533,1.62,6.855,2.523,4.479,4.217,3.917,6.558,6.337,6.12,4.689,5.614,6.935,2.754,2.145,2.726,5.278,5.152,6.214,7.072,3.667,3.722,2.202,4.685,2.046,7.675,3.488,7.905,4.985,6.403,4.97,6.029,1.961,4.534,5.78,6.849,8.048,2.243,1.627,1.562,2.738,7.149,7.476,4.528,7.04,7.153,2.035,3.619,6.709,3.341,7.95,5.75,6.366,6.77,5.123,2.503,7.294,2.507,6.255,6.729,5.572,6.642,5.853,1.913,4.83,2.619,6.678,7.64,6.669,3.63,2.168,7.617,6.611,7.654,4.675,6.041,5.272,5.832,5.824,2.217,5.58,2.769,2.908,6.581,3.575,2.642,1.987,8.339,5.571,5.197,6.859,6.534,7.312,7.296,2.363,5.066,6.594,2.461,2.501,2.202,7.248,7.057,5.374,3.667,6.92,2.804,3.87,6.93,4.945,6.843,1.818,1.743,7.51,3.125,6.553,6.755,4.721,5.037,7.254,5.449,3.349,6.189,5.191,6.04,7.1,2.046,6.245,1.892,1.915,4.286,2.995,5.973,5.999,4.779,6.125,4.273,8.115,7.382,7.41
1975,7.45,4.235,7.434,7.615,2.701,3.321,2.792,2.506,2.242,1.809,4.176,3.234,5.56,6.821,2.393,2.167,1.839,6.278,6.929,6.692,6.029,2.489,6.472,4.463,4.99,2.19,6.859,7.373,5.681,6.406,1.812,6.771,5.95,6.78,1.659,3.215,3.809,4.523,7.052,6.389,3.805,7.91,1.937,2.844,2.604,2.352,2.332,6.376,1.817,6.77,5.193,5.426,5.833,5.717,5.791,6.609,2.112,7.143,4.054,1.598,2.06,3.659,4.548,5.412,6.293,2.489,1.563,6.815,2.502,4.436,4.022,3.801,6.535,6.369,6.15,4.503,5.641,6.844,2.608,2.184,2.645,5.192,5.043,6.212,6.993,3.571,3.662,2.118,4.478,1.995,7.598,3.427,7.84,4.978,6.176,4.876,6.059,1.946,4.444,5.761,6.88,7.97,2.208,1.57,1.478,2.663,7.102,7.517,4.425,6.981,7.154,2.063,3.333,6.676,3.255,7.953,5.701,6.13,6.682,5.027,2.483,7.144,2.447,6.156,6.683,5.457,6.654,5.838,1.803,4.596,2.487,6.597,7.668,6.706,3.404,2.055,7.747,6.612,7.611,4.537,6,5.223,5.705,5.718,2.217,5.471,2.711,2.864,6.46,3.388,2.608,1.976,8.37,5.462,4.973,6.761,6.534,7.313,7.293,2.364,4.845,6.611,2.272,2.496,2.195,7.236,7.033,5.287,3.462,6.924,2.751,3.783,6.936,4.734,6.82,1.766,1.669,7.472,2.995,6.376,6.751,4.488,4.794,7.275,5.426,3.313,6.042,5.058,5.926,7.099,2.032,6.111,1.825,1.858,4.047,2.983,5.842,5.929,4.67,5.973,4.151,8.243,7.359,7.395
1976,7.45,4.099,7.344,7.609,2.514,3.366,2.712,2.472,2.142,1.74,4.018,3.139,5.417,6.758,2.288,2.139,1.781,6.25,6.959,6.685,5.975,2.401,6.433,4.385,4.784,2.191,6.922,7.394,5.585,6.448,1.769,6.714,5.951,6.82,1.596,3.095,3.472,4.396,7.055,6.382,3.741,7.877,1.925,2.573,2.524,2.323,2.347,6.41,1.758,6.729,5.014,5.276,5.776,5.609,5.791,6.614,2.095,7.167,4.018,1.609,1.984,3.508,4.423,5.48,6.316,2.448,1.527,6.771,2.474,4.385,3.816,3.681,6.51,6.402,6.192,4.327,5.698,6.749,2.458,2.206,2.565,5.108,4.927,6.238,6.915,3.458,3.59,2.029,4.286,1.939,7.523,3.355,7.769,4.999,5.962,4.77,6.096,1.929,4.357,5.736,6.907,7.866,2.17,1.528,1.437,2.606,7.044,7.556,4.331,6.944,7.154,2.08,3.059,6.638,3.169,7.941,5.648,5.864,6.586,4.933,2.465,6.969,2.391,6.06,6.633,5.343,6.647,5.822,1.711,4.345,2.361,6.51,7.701,6.735,3.197,1.953,7.885,6.608,7.565,4.398,5.954,5.198,5.578,5.613,2.222,5.369,2.646,2.818,6.332,3.245,2.577,1.964,8.401,5.347,4.752,6.656,6.524,7.309,7.294,2.365,4.623,6.628,2.096,2.484,2.183,7.182,7.016,5.198,3.254,6.922,2.679,3.705,6.933,4.526,6.793,1.719,1.61,7.422,2.88,6.197,6.743,4.257,4.611,7.286,5.438,3.287,5.89,4.921,5.796,7.099,2.015,5.973,1.776,1.814,3.818,2.953,5.699,5.858,4.574,5.8,4.036,8.376,7.323,7.369
1977,7.449,3.966,7.234,7.594,2.358,3.391,2.641,2.446,2.057,1.687,3.869,3.062,5.285,6.681,2.198,2.114,1.731,6.195,6.984,6.668,5.917,2.318,6.392,4.311,4.58,2.184,6.984,7.41,5.557,6.492,1.735,6.645,5.952,6.857,1.546,2.993,3.18,4.284,7.061,6.36,3.695,7.828,1.913,2.332,2.458,2.31,2.336,6.444,1.697,6.685,4.847,5.129,5.727,5.493,5.795,6.625,2.079,7.195,3.992,1.628,1.922,3.402,4.301,5.543,6.333,2.409,1.504,6.721,2.438,4.337,3.602,3.561,6.48,6.436,6.249,4.169,5.779,6.649,2.312,2.203,2.489,5.029,4.806,6.289,6.834,3.338,3.511,1.938,4.115,1.885,7.455,3.283,7.695,5.031,5.769,4.66,6.139,1.917,4.271,5.706,6.93,7.736,2.133,1.497,1.445,2.562,6.976,7.59,4.249,6.936,7.153,2.085,2.809,6.596,3.071,7.909,5.59,5.587,6.49,4.843,2.455,6.78,2.341,5.967,6.585,5.233,6.622,5.804,1.636,4.1,2.247,6.42,7.738,6.757,3.025,1.864,8.018,6.599,7.51,4.26,5.9,5.189,5.447,5.506,2.232,5.273,2.571,2.769,6.201,3.133,2.542,1.956,8.429,5.216,4.54,6.547,6.504,7.299,7.298,2.366,4.407,6.644,1.945,2.465,2.166,7.096,7.005,5.108,3.052,6.913,2.587,3.633,6.919,4.332,6.762,1.68,1.566,7.359,2.775,6.029,6.73,4.03,4.514,7.284,5.471,3.273,5.733,4.785,5.651,7.099,2.001,5.84,1.744,1.783,3.607,2.907,5.55,5.787,4.483,5.614,3.931,8.502,7.276,7.33
1978,7.449,3.841,7.105,7.571,2.239,3.391,2.582,2.425,1.989,1.648,3.73,3.012,5.158,6.59,2.121,2.095,1.689,6.109,7.004,6.64,5.855,2.243,6.345,4.235,4.389,2.168,7.041,7.418,5.603,6.538,1.708,6.564,5.953,6.892,1.505,2.906,2.938,4.177,7.069,6.324,3.657,7.763,1.903,2.134,2.402,2.312,2.302,6.476,1.636,6.639,4.693,4.988,5.682,5.369,5.804,6.64,2.066,7.23,3.968,1.648,1.878,3.343,4.185,5.6,6.342,2.373,1.489,6.665,2.392,4.299,3.384,3.447,6.443,6.468,6.32,4.031,5.872,6.543,2.176,2.173,2.422,4.956,4.682,6.354,6.748,3.221,3.43,1.848,3.965,1.84,7.391,3.216,7.618,5.058,5.599,4.553,6.186,1.914,4.182,5.672,6.95,7.582,2.1,1.476,1.499,2.529,6.898,7.618,4.179,6.961,7.152,2.078,2.593,6.551,2.954,7.854,5.528,5.317,6.398,4.755,2.454,6.587,2.3,5.876,6.539,5.126,6.581,5.783,1.579,3.881,2.151,6.327,7.775,6.772,2.897,1.79,8.137,6.583,7.445,4.128,5.839,5.186,5.31,5.399,2.247,5.18,2.485,2.718,6.07,3.04,2.499,1.955,8.451,5.064,4.339,6.434,6.473,7.281,7.304,2.364,4.203,6.66,1.827,2.44,2.14,6.99,7,5.018,2.866,6.897,2.478,3.562,6.892,4.161,6.728,1.648,1.535,7.285,2.674,5.885,6.711,3.808,4.513,7.27,5.509,3.271,5.572,4.654,5.494,7.099,1.992,5.716,1.727,1.764,3.42,2.852,5.399,5.716,4.391,5.423,3.839,8.609,7.219,7.273
1979,7.449,3.725,6.957,7.54,2.159,3.368,2.538,2.408,1.941,1.621,3.605,2.99,5.036,6.483,2.057,2.083,1.655,5.992,7.018,6.601,5.787,2.178,6.288,4.156,4.216,2.143,7.09,7.42,5.714,6.583,1.685,6.473,5.954,6.925,1.475,2.834,2.753,4.071,7.075,6.273,3.622,7.682,1.895,1.987,2.353,2.328,2.248,6.506,1.577,6.596,4.552,4.853,5.639,5.237,5.817,6.658,2.06,7.271,3.941,1.665,1.851,3.332,4.08,5.648,6.343,2.341,1.479,6.605,2.335,4.269,3.17,3.34,6.399,6.5,6.401,3.915,5.97,6.431,2.052,2.117,2.362,4.889,4.557,6.422,6.658,3.109,3.351,1.763,3.839,1.806,7.329,3.158,7.538,5.072,5.452,4.454,6.233,1.922,4.092,5.633,6.964,7.408,2.074,1.463,1.591,2.505,6.813,7.636,4.12,7.013,7.151,2.059,2.418,6.504,2.818,7.777,5.461,5.064,6.311,4.67,2.462,6.395,2.268,5.783,6.499,5.024,6.524,5.756,1.539,3.696,2.075,6.232,7.812,6.781,2.815,1.735,8.232,6.561,7.368,4.002,5.771,5.183,5.167,5.29,2.265,5.09,2.389,2.664,5.94,2.96,2.45,1.963,8.462,4.891,4.154,6.32,6.434,7.252,7.311,2.36,4.016,6.675,1.743,2.409,2.106,6.871,7.003,4.928,2.697,6.874,2.355,3.488,6.853,4.015,6.69,1.625,1.518,7.197,2.575,5.77,6.685,3.594,4.606,7.245,5.541,3.278,5.408,4.528,5.331,7.1,1.988,5.603,1.721,1.757,3.261,2.789,5.251,5.645,4.296,5.232,3.762,8.693,7.156,7.196
1980,7.449,3.621,6.794,7.504,2.115,3.325,2.51,2.392,1.912,1.604,3.497,2.989,4.916,6.359,2.004,2.079,1.629,5.849,7.025,6.553,5.715,2.122,6.214,4.068,4.067,2.113,7.127,7.418,5.87,6.625,1.665,6.375,5.954,6.958,1.454,2.778,2.63,3.965,7.078,6.21,3.588,7.59,1.888,1.892,2.312,2.354,2.18,6.535,1.524,6.554,4.422,4.727,5.6,5.1,5.835,6.675,2.063,7.316,3.907,1.676,1.84,3.361,3.989,5.684,6.337,2.314,1.472,6.539,2.268,4.251,2.97,3.248,6.342,6.529,6.487,3.817,6.058,6.313,1.94,2.043,2.312,4.827,4.43,6.481,6.569,3.001,3.28,1.685,3.733,1.783,7.262,3.114,7.455,5.07,5.316,4.367,6.277,1.944,3.997,5.589,6.973,7.219,2.056,1.456,1.709,2.486,6.725,7.643,4.068,7.081,7.15,2.033,2.287,6.457,2.672,7.681,5.388,4.836,6.223,4.588,2.481,6.209,2.243,5.684,6.464,4.92,6.451,5.725,1.514,3.551,2.02,6.132,7.844,6.783,2.773,1.699,8.299,6.535,7.284,3.884,5.694,5.174,5.021,5.183,2.282,5.002,2.286,2.607,5.806,2.893,2.399,1.979,8.461,4.703,3.985,6.203,6.386,7.206,7.312,2.353,3.848,6.69,1.692,2.374,2.064,6.748,7.013,4.837,2.543,6.85,2.224,3.408,6.802,3.895,6.646,1.616,1.512,7.094,2.475,5.688,6.653,3.392,4.767,7.207,5.553,3.284,5.243,4.405,5.17,7.1,1.99,5.505,1.726,1.759,3.138,2.726,5.112,5.575,4.199,5.046,3.7,8.754,7.087,7.095
1981,7.449,3.53,6.617,7.469,2.098,3.27,2.499,2.377,1.898,1.591,3.41,2.994,4.8,6.217,1.96,2.083,1.609,5.684,7.025,6.504,5.637,2.075,6.114,3.97,3.943,2.082,7.152,7.417,6.042,6.661,1.648,6.274,5.955,6.99,1.441,2.737,2.57,3.855,7.072,6.134,3.552,7.488,1.879,1.843,2.282,2.385,2.108,6.562,1.48,6.513,4.303,4.611,5.563,4.96,5.856,6.686,2.078,7.36,3.864,1.68,1.839,3.417,3.916,5.709,6.323,2.296,1.466,6.468,2.188,4.244,2.798,3.177,6.271,6.557,6.569,3.728,6.122,6.19,1.838,1.964,2.269,4.766,4.301,6.516,6.485,2.897,3.219,1.616,3.643,1.769,7.18,3.085,7.365,5.051,5.177,4.296,6.315,1.979,3.898,5.542,6.973,7.023,2.048,1.452,1.835,2.468,6.637,7.637,4.021,7.151,7.15,2.004,2.202,6.411,2.532,7.574,5.309,4.635,6.129,4.511,2.51,6.033,2.224,5.571,6.436,4.809,6.362,5.687,1.503,3.44,1.987,6.022,7.868,6.779,2.753,1.681,8.338,6.508,7.194,3.775,5.609,5.155,4.875,5.078,2.295,4.916,2.177,2.548,5.661,2.838,2.355,2.006,8.444,4.512,3.832,6.086,6.333,7.138,7.3,2.344,3.698,6.704,1.669,2.338,2.016,6.632,7.03,4.744,2.399,6.829,2.091,3.319,6.741,3.798,6.596,1.621,1.515,6.976,2.371,5.64,6.618,3.202,4.956,7.158,5.532,3.281,5.078,4.282,5.022,7.101,1.996,5.422,1.739,1.769,3.053,2.666,4.984,5.503,4.104,4.865,3.653,8.795,7.017,6.967
1982,7.45,3.452,6.43,7.438,2.096,3.213,2.503,2.364,1.891,1.577,3.343,2.989,4.688,6.058,1.922,2.092,1.594,5.51,7.021,6.456,5.556,2.034,5.984,3.861,3.84,2.055,7.165,7.423,6.193,6.688,1.634,6.174,5.955,7.023,1.434,2.709,2.56,3.744,7.056,6.05,3.517,7.383,1.868,1.826,2.262,2.415,2.042,6.587,1.45,6.471,4.19,4.503,5.528,4.82,5.88,6.69,2.103,7.397,3.813,1.678,1.844,3.484,3.858,5.722,6.303,2.284,1.463,6.392,2.099,4.243,2.66,3.128,6.185,6.581,6.64,3.64,6.154,6.062,1.745,1.892,2.232,4.703,4.167,6.515,6.407,2.79,3.17,1.554,3.559,1.758,7.074,3.069,7.268,5.022,5.018,4.24,6.345,2.023,3.796,5.491,6.964,6.826,2.047,1.45,1.953,2.449,6.554,7.618,3.974,7.203,7.15,1.982,2.15,6.367,2.412,7.463,5.224,4.457,6.02,4.438,2.546,5.864,2.208,5.441,6.413,4.685,6.259,5.645,1.502,3.351,1.971,5.9,7.882,6.767,2.734,1.679,8.352,6.483,7.105,3.675,5.515,5.126,4.733,4.978,2.301,4.831,2.069,2.49,5.5,2.798,2.321,2.041,8.41,4.328,3.692,5.968,6.276,7.047,7.271,2.334,3.56,6.715,1.664,2.304,1.963,6.525,7.053,4.646,2.256,6.813,1.96,3.223,6.674,3.715,6.537,1.641,1.522,6.843,2.265,5.613,6.58,3.024,5.13,7.099,5.475,3.261,4.915,4.155,4.895,7.101,2.003,5.35,1.757,1.786,3,2.615,4.868,5.43,4.014,4.691,3.618,8.825,6.946,6.811
1983,7.452,3.383,6.237,7.413,2.098,3.163,2.517,2.353,1.887,1.56,3.293,2.965,4.578,5.884,1.889,2.102,1.582,5.336,7.01,6.41,5.472,1.998,5.826,3.743,3.751,2.033,7.167,7.438,6.296,6.704,1.623,6.075,5.953,7.056,1.433,2.691,2.582,3.634,7.026,5.959,3.482,7.278,1.852,1.825,2.253,2.438,1.989,6.612,1.435,6.426,4.082,4.401,5.489,4.684,5.903,6.683,2.134,7.424,3.755,1.673,1.847,3.548,3.812,5.723,6.277,2.277,1.46,6.31,2.002,4.245,2.558,3.1,6.086,6.602,6.694,3.548,6.149,5.932,1.657,1.837,2.199,4.636,4.028,6.47,6.338,2.678,3.133,1.5,3.477,1.746,6.94,3.063,7.16,4.988,4.83,4.195,6.363,2.07,3.692,5.436,6.946,6.63,2.05,1.448,2.046,2.426,6.477,7.585,3.925,7.219,7.15,1.97,2.123,6.324,2.325,7.351,5.135,4.296,5.894,4.369,2.585,5.696,2.192,5.291,6.392,4.547,6.145,5.597,1.506,3.274,1.966,5.762,7.886,6.749,2.701,1.688,8.34,6.46,7.022,3.581,5.415,5.087,4.6,4.883,2.298,4.747,1.965,2.436,5.322,2.772,2.3,2.077,8.357,4.161,3.561,5.85,6.217,6.933,7.221,2.322,3.43,6.724,1.667,2.274,1.909,6.431,7.08,4.542,2.113,6.806,1.838,3.12,6.605,3.64,6.468,1.674,1.53,6.695,2.159,5.599,6.542,2.859,5.256,7.031,5.385,3.218,4.752,4.021,4.791,7.102,2.009,5.283,1.777,1.806,2.973,2.574,4.763,5.356,3.933,4.521,3.588,8.847,6.877,6.633
1984,7.455,3.323,6.038,7.394,2.098,3.123,2.538,2.342,1.883,1.538,3.259,2.919,4.47,5.698,1.858,2.11,1.572,5.17,6.994,6.362,5.386,1.964,5.644,3.618,3.675,2.015,7.159,7.459,6.338,6.707,1.615,5.979,5.949,7.089,1.434,2.678,2.623,3.526,6.982,5.866,3.448,7.176,1.831,1.832,2.254,2.453,1.95,6.636,1.435,6.378,3.978,4.305,5.444,4.554,5.926,6.665,2.166,7.437,3.693,1.667,1.846,3.603,3.774,5.712,6.248,2.275,1.458,6.223,1.903,4.243,2.492,3.092,5.977,6.619,6.727,3.452,6.106,5.802,1.576,1.803,2.172,4.563,3.887,6.374,6.276,2.564,3.106,1.454,3.394,1.732,6.777,3.063,7.042,4.952,4.61,4.16,6.369,2.113,3.587,5.377,6.917,6.435,2.056,1.448,2.104,2.399,6.41,7.538,3.872,7.189,7.15,1.968,2.113,6.283,2.273,7.236,5.044,4.151,5.752,4.304,2.62,5.526,2.175,5.123,6.373,4.395,6.022,5.546,1.514,3.205,1.971,5.611,7.88,6.726,2.65,1.704,8.299,6.436,6.947,3.494,5.312,5.037,4.475,4.795,2.284,4.663,1.87,2.387,5.128,2.754,2.288,2.11,8.282,4.014,3.439,5.734,6.158,6.798,7.152,2.309,3.307,6.729,1.673,2.246,1.853,6.349,7.112,4.432,1.971,6.806,1.728,3.012,6.535,3.57,6.387,1.717,1.537,6.534,2.057,5.588,6.504,2.707,5.324,6.954,5.266,3.151,4.59,3.883,4.711,7.103,2.01,5.215,1.796,1.829,2.967,2.546,4.669,5.282,3.861,4.359,3.561,8.861,6.81,6.435
1985,7.458,3.269,5.835,7.38,2.092,3.093,2.559,2.332,1.877,1.514,3.235,2.857,4.36,5.501,1.83,2.112,1.565,5.019,6.972,6.306,5.3,1.932,5.445,3.488,3.608,1.997,7.142,7.485,6.313,6.695,1.612,5.883,5.94,7.124,1.437,2.667,2.661,3.42,6.921,5.773,3.411,7.078,1.805,1.837,2.261,2.458,1.925,6.658,1.45,6.328,3.878,4.213,5.382,4.433,5.946,6.636,2.189,7.435,3.629,1.663,1.84,3.65,3.738,5.689,6.219,2.273,1.452,6.131,1.805,4.231,2.451,3.095,5.865,6.631,6.739,3.354,6.028,5.674,1.503,1.79,2.15,4.484,3.745,6.223,6.22,2.45,3.087,1.415,3.308,1.713,6.588,3.061,6.911,4.912,4.357,4.13,6.361,2.145,3.482,5.313,6.875,6.236,2.06,1.45,2.121,2.368,6.353,7.474,3.816,7.106,7.151,1.977,2.111,6.244,2.252,7.107,4.953,4.019,5.6,4.241,2.643,5.345,2.156,4.942,6.354,4.231,5.893,5.49,1.524,3.144,1.982,5.448,7.865,6.698,2.581,1.726,8.222,6.407,6.883,3.413,5.21,4.974,4.358,4.712,2.261,4.58,1.784,2.344,4.925,2.74,2.274,2.131,8.177,3.888,3.328,5.62,6.101,6.649,7.063,2.292,3.191,6.731,1.68,2.221,1.796,6.278,7.149,4.315,1.839,6.81,1.633,2.904,6.467,3.505,6.294,1.768,1.543,6.359,1.962,5.573,6.465,2.571,5.336,6.869,5.128,3.06,4.425,3.741,4.65,7.103,2.004,5.139,1.812,1.853,2.973,2.53,4.585,5.209,3.794,4.205,3.532,8.866,6.746,6.223
1986,7.46,3.217,5.627,7.366,2.082,3.073,2.578,2.32,1.87,1.491,3.217,2.789,4.245,5.298,1.805,2.1,1.562,4.886,6.942,6.23,5.215,1.9,5.239,3.358,3.546,1.976,7.119,7.509,6.226,6.667,1.613,5.784,5.926,7.161,1.441,2.654,2.675,3.32,6.842,5.681,3.371,6.984,1.771,1.836,2.273,2.456,1.91,6.679,1.479,6.28,3.783,4.123,5.294,4.322,5.962,6.597,2.193,7.418,3.568,1.664,1.827,3.691,3.697,5.654,6.19,2.269,1.442,6.032,1.714,4.2,2.426,3.099,5.757,6.637,6.734,3.263,5.921,5.553,1.44,1.794,2.136,4.399,3.606,6.014,6.164,2.338,3.072,1.383,3.223,1.689,6.376,3.05,6.763,4.871,4.074,4.1,6.342,2.156,3.379,5.244,6.82,6.023,2.06,1.458,2.094,2.335,6.307,7.392,3.759,6.965,7.153,1.993,2.111,6.206,2.256,6.946,4.866,3.899,5.446,4.179,2.646,5.14,2.137,4.754,6.332,4.062,5.76,5.431,1.534,3.093,1.998,5.278,7.845,6.664,2.503,1.752,8.101,6.367,6.835,3.336,5.11,4.9,4.249,4.632,2.231,4.496,1.711,2.308,4.718,2.722,2.246,2.129,8.038,3.781,3.23,5.51,6.044,6.495,6.962,2.268,3.084,6.732,1.687,2.195,1.737,6.211,7.19,4.19,1.728,6.816,1.554,2.8,6.401,3.445,6.185,1.825,1.546,6.168,1.88,5.543,6.424,2.451,5.308,6.775,4.989,2.949,4.252,3.598,4.603,7.103,1.987,5.047,1.822,1.878,2.986,2.524,4.509,5.141,3.73,4.062,3.494,8.858,6.685,6.004
1987,7.461,3.164,5.412,7.349,2.07,3.056,2.591,2.307,1.865,1.473,3.199,2.728,4.124,5.092,1.782,2.074,1.562,4.771,6.904,6.127,5.132,1.868,5.04,3.232,3.488,1.944,7.092,7.527,6.097,6.626,1.621,5.68,5.905,7.199,1.446,2.637,2.654,3.227,6.749,5.59,3.328,6.892,1.731,1.826,2.286,2.45,1.896,6.699,1.518,6.234,3.694,4.034,5.177,4.221,5.974,6.552,2.171,7.387,3.512,1.674,1.809,3.737,3.645,5.609,6.164,2.26,1.426,5.928,1.633,4.146,2.401,3.097,5.658,6.637,6.717,3.186,5.799,5.439,1.388,1.805,2.131,4.311,3.472,5.758,6.105,2.234,3.057,1.357,3.142,1.661,6.153,3.024,6.599,4.829,3.777,4.065,6.313,2.142,3.279,5.169,6.752,5.79,2.051,1.473,2.031,2.301,6.27,7.291,3.703,6.776,7.156,2.009,2.108,6.168,2.272,6.746,4.785,3.786,5.299,4.116,2.625,4.906,2.12,4.567,6.308,3.894,5.625,5.371,1.545,3.053,2.016,5.104,7.824,6.625,2.429,1.779,7.933,6.31,6.799,3.262,5.018,4.818,4.142,4.554,2.197,4.412,1.649,2.279,4.516,2.696,2.193,2.101,7.863,3.683,3.144,5.404,5.988,6.342,6.853,2.236,2.987,6.731,1.695,2.166,1.674,6.139,7.237,4.059,1.646,6.816,1.487,2.703,6.337,3.391,6.061,1.883,1.547,5.962,1.817,5.495,6.379,2.346,5.271,6.672,4.864,2.827,4.07,3.461,4.557,7.102,1.96,4.934,1.827,1.904,2.997,2.524,4.438,5.078,3.665,3.929,3.446,8.833,6.624,5.784
1988,7.461,3.108,5.191,7.324,2.062,3.037,2.592,2.291,1.863,1.463,3.175,2.683,3.997,4.887,1.765,2.032,1.567,4.671,6.858,5.994,5.051,1.835,4.854,3.113,3.428,1.899,7.064,7.533,5.944,6.573,1.633,5.565,5.878,7.238,1.452,2.614,2.593,3.142,6.644,5.503,3.281,6.801,1.688,1.809,2.297,2.442,1.876,6.717,1.562,6.188,3.612,3.945,5.031,4.129,5.982,6.502,2.121,7.347,3.465,1.691,1.79,3.791,3.579,5.554,6.141,2.243,1.406,5.82,1.565,4.068,2.366,3.082,5.572,6.631,6.693,3.127,5.673,5.333,1.349,1.814,2.135,4.222,3.346,5.467,6.039,2.14,3.04,1.335,3.069,1.63,5.926,2.98,6.425,4.784,3.482,4.02,6.274,2.1,3.182,5.088,6.673,5.533,2.033,1.496,1.944,2.269,6.237,7.176,3.65,6.548,7.161,2.021,2.099,6.128,2.287,6.507,4.711,3.678,5.167,4.052,2.578,4.644,2.104,4.387,6.281,3.734,5.491,5.308,1.556,3.024,2.034,4.931,7.803,6.582,2.369,1.807,7.719,6.234,6.772,3.19,4.934,4.73,4.037,4.476,2.16,4.329,1.597,2.256,4.329,2.66,2.111,2.046,7.657,3.589,3.072,5.303,5.932,6.194,6.744,2.196,2.898,6.73,1.706,2.131,1.608,6.056,7.288,3.924,1.597,6.808,1.431,2.617,6.274,3.345,5.924,1.937,1.548,5.746,1.772,5.427,6.328,2.256,5.256,6.561,4.763,2.7,3.878,3.331,4.504,7.1,1.921,4.797,1.827,1.932,2.999,2.525,4.368,5.022,3.597,3.802,3.387,8.786,6.563,5.569
1989,7.461,3.046,4.962,7.291,2.058,3.016,2.578,2.272,1.863,1.46,3.14,2.654,3.866,4.686,1.75,1.974,1.574,4.584,6.805,5.829,4.971,1.803,4.687,3.005,3.363,1.841,7.036,7.526,5.777,6.509,1.648,5.441,5.845,7.276,1.457,2.584,2.489,3.065,6.531,5.422,3.229,6.71,1.644,1.782,2.304,2.43,1.846,6.733,1.608,6.137,3.537,3.856,4.857,4.043,5.986,6.448,2.043,7.298,3.427,1.715,1.77,3.851,3.498,5.491,6.122,2.217,1.383,5.71,1.51,3.966,2.32,3.053,5.5,6.618,6.663,3.089,5.548,5.233,1.319,1.817,2.145,4.132,3.229,5.15,5.965,2.06,3.019,1.316,3.003,1.597,5.702,2.916,6.244,4.738,3.205,3.962,6.222,2.032,3.09,5.004,6.587,5.256,2.004,1.526,1.838,2.238,6.208,7.051,3.6,6.286,7.164,2.026,2.081,6.085,2.296,6.236,4.647,3.573,5.052,3.986,2.506,4.356,2.091,4.217,6.248,3.586,5.358,5.242,1.567,3.002,2.05,4.762,7.786,6.537,2.323,1.832,7.462,6.138,6.748,3.121,4.861,4.639,3.933,4.397,2.121,4.246,1.555,2.236,4.159,2.613,2.002,1.964,7.427,3.495,3.01,5.208,5.876,6.052,6.636,2.149,2.817,6.726,1.718,2.089,1.542,5.961,7.341,3.788,1.578,6.789,1.383,2.544,6.213,3.304,5.776,1.982,1.549,5.526,1.746,5.336,6.273,2.179,5.273,6.444,4.691,2.574,3.678,3.213,4.436,7.097,1.871,4.636,1.822,1.958,2.987,2.525,4.293,4.971,3.524,3.68,3.318,8.713,6.502,5.365
1990,7.466,2.978,4.726,7.247,2.061,2.989,2.544,2.249,1.863,1.462,3.09,2.639,3.732,4.494,1.74,1.902,1.583,4.508,6.744,5.639,4.894,1.772,4.54,2.909,3.291,1.769,7.007,7.505,5.601,6.436,1.663,5.307,5.808,7.313,1.46,2.547,2.35,2.994,6.412,5.349,3.172,6.622,1.604,1.75,2.305,2.411,1.802,6.746,1.652,6.073,3.465,3.767,4.663,3.964,5.987,6.387,1.943,7.246,3.398,1.743,1.752,3.912,3.401,5.421,6.107,2.18,1.359,5.602,1.469,3.842,2.263,3.013,5.437,6.598,6.627,3.069,5.43,5.139,1.295,1.808,2.157,4.045,3.122,4.818,5.882,1.996,2.996,1.3,2.947,1.563,5.488,2.83,6.066,4.688,2.967,3.888,6.151,1.94,3.002,4.919,6.499,4.966,1.963,1.562,1.722,2.206,6.179,6.922,3.554,5.993,7.165,2.026,2.054,6.04,2.293,5.954,4.593,3.47,4.958,3.917,2.414,4.052,2.078,4.057,6.211,3.455,5.227,5.172,1.575,2.983,2.061,4.597,7.772,6.49,2.289,1.853,7.165,6.024,6.718,3.057,4.802,4.547,3.828,4.32,2.077,4.163,1.522,2.219,4.013,2.559,1.874,1.861,7.184,3.399,2.956,5.118,5.82,5.911,6.53,2.098,2.74,6.721,1.726,2.036,1.478,5.851,7.397,3.654,1.584,6.761,1.343,2.483,6.152,3.267,5.619,2.009,1.548,5.31,1.735,5.226,6.213,2.113,5.34,6.324,4.644,2.453,3.476,3.107,4.344,7.091,1.81,4.454,1.813,1.983,2.954,2.52,4.208,4.927,3.448,3.553,3.24,8.606,6.442,5.176
1991,7.479,2.905,4.479,7.193,2.073,2.954,2.484,2.221,1.861,1.466,3.019,2.631,3.599,4.314,1.733,1.818,1.592,4.436,6.677,5.431,4.817,1.748,4.411,2.827,3.209,1.686,6.979,7.473,5.421,6.354,1.674,5.162,5.767,7.346,1.461,2.503,2.187,2.927,6.291,5.287,3.11,6.536,1.574,1.715,2.297,2.381,1.741,6.758,1.691,5.986,3.397,3.679,4.455,3.889,5.985,6.316,1.828,7.193,3.374,1.769,1.736,3.967,3.291,5.345,6.094,2.132,1.337,5.499,1.439,3.701,2.202,2.969,5.38,6.57,6.582,3.063,5.318,5.046,1.274,1.783,2.167,3.959,3.022,4.478,5.794,1.949,2.973,1.285,2.899,1.529,5.286,2.725,5.901,4.635,2.791,3.795,6.054,1.826,2.919,4.837,6.414,4.67,1.91,1.6,1.606,2.171,6.149,6.798,3.51,5.674,7.159,2.021,2.021,5.991,2.278,5.686,4.55,3.369,4.882,3.849,2.309,3.746,2.063,3.903,6.167,3.341,5.098,5.097,1.581,2.96,2.064,4.433,7.761,6.443,2.262,1.869,6.831,5.896,6.674,2.999,4.756,4.457,3.722,4.246,2.026,4.079,1.498,2.201,3.893,2.5,1.739,1.745,6.942,3.302,2.907,5.034,5.765,5.761,6.426,2.046,2.664,6.711,1.73,1.971,1.419,5.728,7.454,3.525,1.604,6.726,1.309,2.433,6.091,3.232,5.455,2.01,1.545,5.107,1.736,5.101,6.148,2.055,5.469,6.202,4.612,2.339,3.276,3.016,4.222,7.082,1.738,4.253,1.801,2.002,2.895,2.509,4.106,4.887,3.37,3.415,3.156,8.459,6.384,5.001
1992,7.502,2.829,4.223,7.13,2.096,2.913,2.4,2.187,1.857,1.467,2.929,2.621,3.471,4.146,1.729,1.728,1.599,4.363,6.603,5.216,4.741,1.73,4.292,2.756,3.118,1.597,6.95,7.432,5.237,6.264,1.677,5.011,5.727,7.376,1.457,2.456,2.021,2.86,6.171,5.236,3.044,6.454,1.557,1.684,2.281,2.337,1.664,6.767,1.722,5.869,3.329,3.594,4.247,3.815,5.984,6.233,1.711,7.143,3.352,1.789,1.724,4.009,3.175,5.263,6.082,2.076,1.321,5.403,1.417,3.551,2.149,2.929,5.32,6.535,6.526,3.066,5.21,4.952,1.252,1.743,2.171,3.877,2.929,4.139,5.702,1.918,2.952,1.27,2.86,1.496,5.096,2.605,5.755,4.576,2.682,3.686,5.928,1.702,2.841,4.759,6.336,4.381,1.848,1.637,1.495,2.131,6.116,6.683,3.466,5.336,7.146,2.012,1.987,5.939,2.253,5.454,4.516,3.273,4.82,3.781,2.199,3.451,2.046,3.75,6.119,3.243,4.97,5.015,1.584,2.928,2.06,4.27,7.752,6.395,2.235,1.879,6.472,5.76,6.607,2.95,4.723,4.368,3.617,4.177,1.966,3.993,1.481,2.179,3.795,2.444,1.613,1.628,6.713,3.203,2.86,4.956,5.71,5.594,6.322,1.997,2.585,6.696,1.727,1.894,1.367,5.596,7.511,3.405,1.626,6.686,1.28,2.39,6.028,3.197,5.287,1.984,1.541,4.923,1.742,4.971,6.081,2.003,5.651,6.082,4.583,2.231,3.085,2.937,4.071,7.071,1.659,4.041,1.789,2.015,2.813,2.49,3.987,4.85,3.292,3.26,3.073,8.272,6.329,4.84
1993,7.535,2.751,3.962,7.063,2.128,2.866,2.297,2.149,1.85,1.463,2.823,2.601,3.352,3.99,1.728,1.636,1.603,4.286,6.526,5.003,4.664,1.72,4.177,2.694,3.02,1.507,6.917,7.387,5.052,6.17,1.672,4.856,5.687,7.399,1.45,2.408,1.868,2.794,6.053,5.195,2.973,6.374,1.552,1.66,2.259,2.278,1.576,6.773,1.745,5.721,3.262,3.514,4.048,3.74,5.981,6.137,1.602,7.094,3.33,1.8,1.717,4.034,3.059,5.176,6.069,2.013,1.311,5.317,1.4,3.401,2.109,2.899,5.252,6.493,6.458,3.071,5.103,4.853,1.226,1.691,2.167,3.799,2.842,3.81,5.61,1.901,2.937,1.257,2.826,1.466,4.918,2.48,5.633,4.512,2.641,3.566,5.772,1.577,2.765,4.686,6.267,4.109,1.781,1.669,1.395,2.085,6.078,6.582,3.422,4.987,7.124,2.001,1.958,5.883,2.221,5.273,4.49,3.182,4.766,3.715,2.093,3.18,2.025,3.597,6.067,3.16,4.842,4.926,1.586,2.886,2.05,4.105,7.743,6.348,2.202,1.886,6.098,5.622,6.515,2.909,4.7,4.282,3.514,4.113,1.896,3.908,1.469,2.153,3.714,2.396,1.506,1.519,6.505,3.104,2.811,4.882,5.655,5.407,6.214,1.953,2.505,6.674,1.716,1.809,1.325,5.461,7.566,3.294,1.638,6.644,1.254,2.353,5.964,3.16,5.119,1.934,1.535,4.762,1.748,4.841,6.013,1.956,5.874,5.965,4.547,2.131,2.907,2.868,3.898,7.057,1.576,3.827,1.777,2.021,2.712,2.465,3.85,4.814,3.218,3.089,2.994,8.048,6.278,4.691
1994,7.572,2.672,3.702,6.992,2.166,2.815,2.179,2.108,1.839,1.453,2.705,2.566,3.244,3.846,1.729,1.549,1.605,4.201,6.446,4.796,4.585,1.713,4.064,2.638,2.914,1.421,6.882,7.338,4.867,6.073,1.658,4.698,5.651,7.416,1.441,2.36,1.739,2.727,5.941,5.165,2.899,6.298,1.559,1.645,2.231,2.206,1.481,6.777,1.76,5.546,3.195,3.437,3.865,3.662,5.978,6.03,1.507,7.046,3.305,1.8,1.717,4.04,2.946,5.087,6.054,1.946,1.309,5.239,1.384,3.254,2.084,2.881,5.174,6.444,6.381,3.074,4.997,4.749,1.195,1.628,2.154,3.723,2.761,3.5,5.517,1.895,2.928,1.245,2.797,1.439,4.754,2.355,5.535,4.445,2.66,3.436,5.589,1.458,2.691,4.617,6.208,3.859,1.711,1.694,1.309,2.033,6.033,6.495,3.372,4.637,7.094,1.987,1.933,5.825,2.183,5.149,4.468,3.097,4.716,3.651,1.994,2.941,2.002,3.445,6.015,3.09,4.715,4.828,1.586,2.832,2.033,3.942,7.734,6.303,2.164,1.887,5.72,5.482,6.396,2.877,4.683,4.196,3.413,4.056,1.818,3.824,1.461,2.122,3.647,2.359,1.425,1.425,6.324,3.001,2.76,4.815,5.6,5.2,6.105,1.916,2.423,6.645,1.697,1.718,1.293,5.326,7.614,3.196,1.636,6.601,1.231,2.32,5.897,3.12,4.955,1.863,1.527,4.625,1.747,4.714,5.946,1.911,6.125,5.855,4.501,2.04,2.747,2.809,3.707,7.039,1.493,3.618,1.766,2.022,2.599,2.435,3.698,4.775,3.147,2.904,2.923,7.795,6.231,4.555
1995,7.606,2.591,3.448,6.922,2.208,2.762,2.056,2.064,1.825,1.438,2.579,2.514,3.147,3.713,1.73,1.468,1.605,4.109,6.364,4.597,4.503,1.706,3.951,2.586,2.802,1.344,6.844,7.288,4.685,5.978,1.637,4.539,5.618,7.425,1.43,2.313,1.639,2.66,5.835,5.144,2.821,6.224,1.572,1.637,2.202,2.124,1.385,6.779,1.767,5.352,3.13,3.364,3.705,3.577,5.971,5.914,1.432,6.995,3.276,1.792,1.723,4.027,2.841,4.996,6.038,1.879,1.313,5.168,1.37,3.116,2.074,2.872,5.087,6.391,6.294,3.074,4.89,4.64,1.16,1.559,2.132,3.651,2.688,3.216,5.423,1.898,2.924,1.236,2.768,1.414,4.605,2.237,5.459,4.374,2.72,3.299,5.385,1.355,2.617,4.548,6.156,3.636,1.64,1.711,1.238,1.977,5.979,6.424,3.313,4.298,7.058,1.966,1.916,5.765,2.143,5.076,4.448,3.018,4.664,3.589,1.901,2.738,1.977,3.298,5.964,3.035,4.589,4.72,1.588,2.768,2.012,3.78,7.725,6.262,2.121,1.884,5.346,5.342,6.251,2.852,4.668,4.108,3.317,4.005,1.733,3.742,1.456,2.086,3.588,2.335,1.37,1.35,6.172,2.892,2.703,4.751,5.545,4.98,5.995,1.885,2.345,6.608,1.67,1.625,1.269,5.197,7.653,3.11,1.616,6.554,1.213,2.291,5.829,3.077,4.798,1.782,1.516,4.509,1.737,4.588,5.883,1.867,6.384,5.755,4.447,1.961,2.606,2.755,3.512,7.018,1.412,3.418,1.756,2.019,2.481,2.4,3.534,4.73,3.082,2.714,2.861,7.525,6.189,4.433
1996,7.63,2.507,3.208,6.854,2.248,2.711,1.938,2.021,1.809,1.421,2.45,2.443,3.062,3.592,1.733,1.399,1.605,4.01,6.282,4.4,4.418,1.69,3.836,2.535,2.685,1.28,6.801,7.236,4.504,5.886,1.61,4.38,5.589,7.426,1.42,2.269,1.571,2.596,5.736,5.13,2.737,6.152,1.582,1.635,2.173,2.036,1.297,6.777,1.767,5.152,3.069,3.294,3.571,3.482,5.96,5.793,1.378,6.935,3.244,1.777,1.734,3.998,2.745,4.903,6.021,1.812,1.322,5.102,1.357,2.988,2.075,2.87,4.993,6.334,6.201,3.069,4.779,4.525,1.12,1.491,2.104,3.582,2.627,2.961,5.325,1.908,2.923,1.229,2.738,1.393,4.469,2.133,5.4,4.304,2.796,3.159,5.165,1.273,2.543,4.475,6.109,3.44,1.57,1.72,1.175,1.919,5.912,6.364,3.238,3.975,7.02,1.933,1.904,5.703,2.104,5.041,4.426,2.946,4.608,3.527,1.811,2.57,1.951,3.161,5.919,2.994,4.466,4.6,1.594,2.695,1.989,3.623,7.716,6.224,2.079,1.876,4.981,5.198,6.085,2.83,4.653,4.014,3.226,3.961,1.646,3.664,1.454,2.049,3.532,2.326,1.339,1.296,6.046,2.772,2.641,4.692,5.491,4.754,5.884,1.859,2.275,6.564,1.634,1.534,1.251,5.077,7.679,3.036,1.576,6.503,1.2,2.268,5.758,3.033,4.652,1.701,1.503,4.41,1.713,4.461,5.828,1.823,6.627,5.666,4.391,1.896,2.485,2.705,3.323,6.994,1.338,3.232,1.744,2.013,2.367,2.363,3.362,4.677,3.022,2.529,2.81,7.251,6.153,4.327
1997,7.635,2.422,2.988,6.791,2.281,2.664,1.832,1.978,1.793,1.404,2.326,2.357,2.987,3.479,1.736,1.341,1.607,3.908,6.199,4.203,4.331,1.662,3.72,2.482,2.564,1.23,6.754,7.182,4.325,5.799,1.582,4.222,5.564,7.419,1.411,2.225,1.527,2.535,5.642,5.12,2.649,6.079,1.583,1.634,2.148,1.946,1.222,6.774,1.763,4.958,3.014,3.225,3.459,3.377,5.941,5.67,1.341,6.861,3.209,1.761,1.751,3.958,2.66,4.809,6.002,1.749,1.331,5.036,1.345,2.87,2.08,2.867,4.895,6.273,6.105,3.061,4.665,4.408,1.08,1.427,2.074,3.514,2.579,2.734,5.221,1.92,2.924,1.226,2.704,1.373,4.345,2.045,5.348,4.235,2.861,3.018,4.939,1.215,2.468,4.394,6.061,3.267,1.502,1.721,1.116,1.864,5.835,6.31,3.145,3.674,6.983,1.886,1.897,5.64,2.067,5.024,4.4,2.88,4.544,3.465,1.719,2.43,1.927,3.038,5.882,2.965,4.345,4.47,1.605,2.621,1.966,3.473,7.707,6.19,2.042,1.865,4.63,5.048,5.907,2.81,4.632,3.911,3.142,3.922,1.559,3.591,1.454,2.011,3.473,2.33,1.322,1.261,5.936,2.641,2.576,4.637,5.437,4.533,5.774,1.837,2.219,6.512,1.592,1.45,1.236,4.968,7.689,2.973,1.525,6.444,1.195,2.252,5.686,2.988,4.518,1.632,1.488,4.319,1.677,4.327,5.78,1.781,6.832,5.588,4.34,1.843,2.379,2.657,3.154,6.967,1.272,3.062,1.728,2.009,2.265,2.327,3.19,4.614,2.967,2.359,2.766,6.986,6.121,4.236
1998,7.616,2.334,2.796,6.734,2.304,2.623,1.747,1.939,1.778,1.39,2.213,2.263,2.919,3.372,1.739,1.294,1.611,3.805,6.118,4.002,4.241,1.619,3.606,2.426,2.444,1.196,6.704,7.126,4.146,5.718,1.556,4.065,5.541,7.405,1.405,2.183,1.503,2.481,5.552,5.112,2.557,6.006,1.571,1.631,2.128,1.861,1.167,6.768,1.758,4.78,2.966,3.157,3.367,3.263,5.914,5.549,1.319,6.769,3.171,1.748,1.771,3.914,2.585,4.716,5.984,1.692,1.34,4.969,1.334,2.762,2.086,2.86,4.797,6.211,6.009,3.05,4.547,4.291,1.042,1.374,2.046,3.446,2.544,2.533,5.112,1.932,2.924,1.228,2.666,1.354,4.231,1.978,5.296,4.17,2.895,2.882,4.717,1.18,2.39,4.302,6.008,3.112,1.439,1.716,1.056,1.812,5.748,6.257,3.036,3.399,6.95,1.825,1.893,5.576,2.036,5.005,4.369,2.821,4.471,3.403,1.623,2.312,1.906,2.933,5.853,2.945,4.229,4.33,1.622,2.548,1.947,3.331,7.698,6.159,2.014,1.85,4.297,4.892,5.727,2.789,4.604,3.798,3.064,3.886,1.477,3.526,1.455,1.975,3.407,2.342,1.312,1.24,5.835,2.499,2.509,4.587,5.384,4.325,5.667,1.815,2.179,6.455,1.547,1.375,1.223,4.872,7.683,2.918,1.467,6.377,1.198,2.242,5.614,2.944,4.394,1.585,1.47,4.229,1.631,4.188,5.741,1.742,6.986,5.52,4.3,1.801,2.287,2.607,3.013,6.937,1.216,2.907,1.71,2.008,2.184,2.294,3.025,4.542,2.915,2.213,2.729,6.738,6.093,4.161
1999,7.569,2.246,2.635,6.683,2.316,2.589,1.685,1.903,1.767,1.381,2.114,2.165,2.856,3.27,1.742,1.261,1.62,3.703,6.038,3.801,4.148,1.562,3.494,2.365,2.328,1.179,6.65,7.068,3.971,5.645,1.535,3.911,5.52,7.384,1.402,2.144,1.494,2.432,5.466,5.105,2.463,5.932,1.546,1.625,2.113,1.783,1.133,6.76,1.754,4.622,2.926,3.09,3.293,3.144,5.878,5.434,1.311,6.659,3.132,1.74,1.794,3.868,2.52,4.625,5.966,1.643,1.347,4.899,1.327,2.666,2.09,2.846,4.699,6.147,5.913,3.036,4.425,4.173,1.009,1.334,2.022,3.379,2.523,2.358,5.002,1.943,2.923,1.236,2.623,1.337,4.126,1.935,5.239,4.11,2.89,2.759,4.506,1.168,2.31,4.2,5.948,2.976,1.383,1.707,0.995,1.765,5.653,6.203,2.913,3.155,6.921,1.753,1.893,5.514,2.009,4.978,4.332,2.766,4.39,3.341,1.527,2.216,1.888,2.846,5.832,2.929,4.119,4.182,1.644,2.482,1.933,3.201,7.689,6.131,1.996,1.836,3.989,4.733,5.55,2.767,4.569,3.678,2.993,3.85,1.405,3.467,1.457,1.943,3.329,2.361,1.306,1.233,5.737,2.35,2.442,4.541,5.33,4.137,5.565,1.792,2.157,6.39,1.5,1.314,1.213,4.789,7.66,2.871,1.407,6.303,1.208,2.239,5.542,2.902,4.284,1.562,1.453,4.138,1.574,4.045,5.711,1.705,7.079,5.461,4.27,1.772,2.208,2.556,2.903,6.903,1.173,2.768,1.691,2.011,2.128,2.266,2.874,4.459,2.867,2.096,2.698,6.514,6.065,4.101
2000,7.494,2.157,2.514,6.639,2.316,2.561,1.648,1.872,1.762,1.375,2.031,2.071,2.795,3.17,1.744,1.242,1.633,3.6,5.962,3.604,4.055,1.497,3.387,2.3,2.218,1.178,6.592,7.008,3.805,5.58,1.521,3.762,5.5,7.354,1.402,2.107,1.497,2.389,5.384,5.096,2.373,5.859,1.513,1.617,2.102,1.716,1.123,6.751,1.753,4.484,2.892,3.027,3.233,3.022,5.834,5.328,1.318,6.529,3.09,1.737,1.818,3.824,2.463,4.539,5.947,1.608,1.35,4.826,1.323,2.582,2.091,2.824,4.598,6.082,5.82,3.017,4.302,4.055,0.983,1.307,2.005,3.311,2.512,2.211,4.894,1.952,2.92,1.248,2.577,1.322,4.033,1.921,5.178,4.058,2.845,2.656,4.311,1.178,2.225,4.089,5.88,2.856,1.338,1.695,0.938,1.723,5.551,6.149,2.784,2.944,6.897,1.674,1.897,5.453,1.985,4.939,4.289,2.716,4.3,3.282,1.435,2.143,1.875,2.777,5.818,2.914,4.018,4.03,1.67,2.424,1.929,3.083,7.679,6.106,1.987,1.824,3.716,4.58,5.383,2.744,4.525,3.553,2.929,3.811,1.346,3.416,1.457,1.913,3.236,2.383,1.305,1.238,5.64,2.202,2.379,4.503,5.278,3.971,5.471,1.769,2.151,6.319,1.454,1.268,1.206,4.72,7.623,2.829,1.347,6.223,1.225,2.241,5.471,2.861,4.187,1.566,1.437,4.043,1.51,3.907,5.689,1.671,7.112,5.41,4.25,1.753,2.142,2.503,2.824,6.865,1.146,2.644,1.676,2.017,2.1,2.242,2.744,4.368,2.822,2.01,2.672,6.313,6.036,4.055
2001,7.392,2.068,2.438,6.602,2.305,2.537,1.635,1.846,1.766,1.374,1.964,1.99,2.731,3.071,1.746,1.237,1.653,3.496,5.889,3.416,3.96,1.432,3.286,2.232,2.119,1.193,6.531,6.948,3.654,5.524,1.517,3.62,5.48,7.315,1.404,2.074,1.508,2.349,5.307,5.086,2.29,5.787,1.48,1.606,2.093,1.66,1.136,6.74,1.757,4.359,2.862,2.968,3.181,2.903,5.785,5.233,1.341,6.38,3.046,1.743,1.844,3.786,2.414,4.46,5.927,1.589,1.351,4.753,1.327,2.512,2.088,2.794,4.49,6.015,5.73,2.992,4.182,3.936,0.965,1.294,2,3.243,2.509,2.092,4.796,1.958,2.916,1.266,2.529,1.31,3.952,1.941,5.111,4.015,2.773,2.581,4.137,1.208,2.134,3.972,5.804,2.754,1.307,1.682,0.889,1.683,5.447,6.097,2.657,2.769,6.878,1.597,1.908,5.394,1.962,4.892,4.242,2.669,4.204,3.227,1.354,2.096,1.865,2.723,5.807,2.894,3.926,3.877,1.695,2.378,1.936,2.978,7.668,6.083,1.987,1.819,3.484,4.438,5.231,2.72,4.475,3.431,2.871,3.766,1.305,3.372,1.455,1.887,3.124,2.404,1.308,1.251,5.543,2.06,2.321,4.476,5.226,3.83,5.387,1.743,2.159,6.242,1.411,1.239,1.206,4.665,7.573,2.792,1.293,6.139,1.248,2.247,5.402,2.821,4.105,1.594,1.425,3.944,1.438,3.781,5.675,1.641,7.092,5.364,4.236,1.744,2.088,2.451,2.77,6.822,1.137,2.532,1.669,2.027,2.104,2.222,2.641,4.268,2.779,1.954,2.651,6.13,6.003,4.022
2002,7.271,1.981,2.403,6.568,2.288,2.516,1.637,1.823,1.781,1.375,1.91,1.927,2.663,2.973,1.749,1.244,1.677,3.39,5.82,3.244,3.866,1.374,3.194,2.163,2.03,1.221,6.468,6.887,3.521,5.475,1.522,3.484,5.459,7.268,1.408,2.046,1.524,2.311,5.235,5.076,2.216,5.717,1.454,1.594,2.081,1.614,1.166,6.73,1.767,4.24,2.835,2.914,3.133,2.792,5.731,5.149,1.378,6.216,3.001,1.754,1.869,3.752,2.37,4.389,5.906,1.586,1.351,4.681,1.338,2.455,2.084,2.759,4.372,5.947,5.641,2.961,4.065,3.815,0.955,1.29,2.006,3.175,2.511,1.997,4.711,1.964,2.911,1.287,2.482,1.303,3.884,1.991,5.044,3.979,2.691,2.536,3.983,1.251,2.037,3.856,5.722,2.668,1.29,1.669,0.852,1.644,5.342,6.049,2.539,2.625,6.861,1.526,1.925,5.337,1.936,4.844,4.193,2.623,4.105,3.179,1.291,2.076,1.858,2.68,5.795,2.865,3.844,3.724,1.718,2.341,1.954,2.887,7.656,6.06,1.99,1.821,3.293,4.314,5.094,2.698,4.422,3.315,2.818,3.712,1.282,3.335,1.45,1.863,2.996,2.42,1.318,1.271,5.445,1.933,2.271,4.46,5.174,3.708,5.314,1.716,2.177,6.158,1.372,1.226,1.217,4.618,7.513,2.759,1.246,6.054,1.275,2.257,5.334,2.783,4.036,1.637,1.418,3.844,1.363,3.675,5.666,1.616,7.037,5.32,4.221,1.744,2.046,2.4,2.73,6.772,1.146,2.428,1.674,2.039,2.132,2.205,2.563,4.162,2.739,1.92,2.634,5.954,5.963,4.001
2003,7.136,1.897,2.405,6.536,2.268,2.495,1.648,1.803,1.804,1.377,1.867,1.885,2.59,2.876,1.752,1.261,1.704,3.282,5.754,3.089,3.773,1.33,3.113,2.096,1.954,1.258,6.403,6.824,3.406,5.431,1.534,3.357,5.436,7.212,1.411,2.022,1.54,2.274,5.167,5.066,2.155,5.651,1.441,1.583,2.065,1.576,1.207,6.718,1.782,4.118,2.807,2.868,3.088,2.691,5.675,5.073,1.426,6.044,2.954,1.768,1.894,3.724,2.329,4.327,5.884,1.599,1.351,4.612,1.356,2.409,2.081,2.72,4.245,5.877,5.555,2.924,3.955,3.693,0.952,1.292,2.021,3.107,2.513,1.925,4.644,1.97,2.908,1.312,2.439,1.3,3.828,2.065,4.977,3.95,2.616,2.522,3.845,1.299,1.938,3.744,5.635,2.597,1.287,1.657,0.831,1.605,5.24,6.003,2.438,2.508,6.842,1.467,1.948,5.283,1.904,4.8,4.143,2.579,4.007,3.138,1.247,2.083,1.852,2.644,5.781,2.827,3.773,3.575,1.736,2.314,1.982,2.807,7.642,6.036,1.995,1.832,3.142,4.211,4.973,2.679,4.368,3.21,2.77,3.65,1.275,3.301,1.443,1.839,2.858,2.43,1.334,1.295,5.345,1.826,2.229,4.454,5.123,3.601,5.252,1.689,2.198,6.067,1.338,1.224,1.238,4.578,7.448,2.729,1.209,5.969,1.303,2.268,5.268,2.745,3.977,1.686,1.416,3.744,1.288,3.591,5.659,1.595,6.965,5.276,4.202,1.749,2.016,2.353,2.698,6.716,1.169,2.33,1.691,2.05,2.177,2.189,2.51,4.056,2.701,1.901,2.62,5.778,5.915,3.989
2004,6.988,1.821,2.438,6.502,2.246,2.474,1.665,1.787,1.834,1.381,1.835,1.863,2.514,2.782,1.755,1.287,1.733,3.175,5.691,2.954,3.683,1.301,3.043,2.033,1.893,1.3,6.335,6.759,3.309,5.39,1.552,3.237,5.411,7.147,1.413,2.001,1.554,2.236,5.103,5.054,2.105,5.589,1.441,1.575,2.046,1.545,1.254,6.705,1.799,3.994,2.779,2.828,3.047,2.604,5.618,5.005,1.481,5.867,2.907,1.786,1.918,3.701,2.289,4.274,5.86,1.625,1.351,4.548,1.379,2.373,2.077,2.679,4.11,5.804,5.47,2.883,3.853,3.57,0.958,1.297,2.044,3.038,2.515,1.87,4.594,1.977,2.907,1.337,2.398,1.302,3.784,2.157,4.91,3.927,2.552,2.537,3.724,1.349,1.839,3.64,5.547,2.539,1.297,1.647,0.827,1.566,5.141,5.958,2.355,2.415,6.821,1.423,1.974,5.232,1.867,4.759,4.095,2.536,3.912,3.106,1.224,2.112,1.847,2.613,5.761,2.779,3.714,3.43,1.748,2.295,2.016,2.738,7.626,6.011,1.999,1.848,3.029,4.129,4.867,2.663,4.315,3.119,2.725,3.579,1.282,3.27,1.432,1.815,2.713,2.433,1.355,1.322,5.243,1.74,2.196,4.456,5.072,3.505,5.201,1.661,2.221,5.969,1.31,1.232,1.27,4.54,7.378,2.702,1.183,5.885,1.331,2.278,5.204,2.708,3.925,1.738,1.42,3.648,1.219,3.533,5.651,1.58,6.881,5.229,4.177,1.758,1.997,2.31,2.671,6.653,1.204,2.238,1.721,2.058,2.233,2.174,2.478,3.95,2.664,1.894,2.607,5.601,5.859,3.984
2005,6.827,1.754,2.497,6.465,2.224,2.452,1.681,1.774,1.867,1.385,1.818,1.859,2.436,2.69,1.759,1.32,1.761,3.072,5.632,2.837,3.595,1.288,2.987,1.975,1.847,1.343,6.265,6.69,3.227,5.35,1.574,3.126,5.383,7.074,1.415,1.982,1.565,2.197,5.042,5.042,2.065,5.531,1.454,1.57,2.026,1.52,1.304,6.69,1.816,3.867,2.749,2.793,3.016,2.529,5.559,4.942,1.535,5.69,2.86,1.802,1.939,3.681,2.251,4.23,5.835,1.664,1.352,4.49,1.403,2.344,2.073,2.638,3.971,5.729,5.389,2.84,3.757,3.447,0.972,1.304,2.068,2.969,2.514,1.831,4.563,1.983,2.909,1.361,2.361,1.307,3.75,2.261,4.84,3.909,2.498,2.58,3.615,1.395,1.75,3.548,5.456,2.493,1.319,1.638,0.84,1.531,5.047,5.903,2.293,2.344,6.794,1.395,2,5.183,1.823,4.717,4.047,2.495,3.823,3.081,1.219,2.165,1.84,2.588,5.736,2.722,3.667,3.29,1.754,2.283,2.053,2.677,7.608,5.985,2.002,1.868,2.952,4.067,4.775,2.651,4.263,3.04,2.684,3.503,1.299,3.241,1.418,1.789,2.569,2.429,1.379,1.352,5.135,1.675,2.17,4.46,5.022,3.416,5.161,1.636,2.245,5.863,1.287,1.248,1.31,4.502,7.305,2.677,1.167,5.803,1.354,2.284,5.143,2.672,3.873,1.786,1.429,3.556,1.158,3.498,5.638,1.568,6.79,5.179,4.144,1.769,1.991,2.273,2.654,6.583,1.248,2.151,1.758,2.062,2.292,2.158,2.464,3.851,2.629,1.894,2.595,5.425,5.794,3.985
2006,6.651,1.703,2.575,6.42,2.203,2.432,1.694,1.766,1.898,1.39,1.817,1.865,2.363,2.603,1.763,1.359,1.784,2.977,5.576,2.734,3.51,1.287,2.946,1.926,1.819,1.383,6.192,6.616,3.155,5.309,1.596,3.022,5.353,6.992,1.417,1.964,1.572,2.157,4.984,5.028,2.034,5.476,1.473,1.572,2.01,1.498,1.35,6.671,1.829,3.739,2.718,2.763,3.004,2.465,5.498,4.881,1.582,5.519,2.816,1.816,1.956,3.662,2.216,4.194,5.81,1.712,1.356,4.438,1.423,2.321,2.068,2.599,3.833,5.653,5.312,2.797,3.667,3.325,0.992,1.311,2.089,2.897,2.51,1.805,4.549,1.989,2.917,1.383,2.325,1.317,3.725,2.366,4.763,3.895,2.45,2.647,3.517,1.434,1.678,3.473,5.366,2.46,1.351,1.629,0.869,1.501,4.956,5.83,2.249,2.294,6.76,1.381,2.022,5.139,1.775,4.669,4,2.456,3.739,3.064,1.227,2.239,1.832,2.571,5.706,2.658,3.635,3.151,1.754,2.277,2.085,2.622,7.588,5.958,2.001,1.886,2.909,4.02,4.695,2.643,4.21,2.97,2.648,3.425,1.321,3.211,1.401,1.76,2.433,2.422,1.404,1.387,5.021,1.63,2.149,4.46,4.974,3.329,5.132,1.614,2.268,5.747,1.271,1.269,1.355,4.459,7.227,2.655,1.162,5.721,1.37,2.283,5.085,2.638,3.819,1.828,1.442,3.471,1.11,3.485,5.616,1.561,6.694,5.123,4.104,1.78,1.999,2.241,2.653,6.507,1.295,2.073,1.798,2.057,2.345,2.142,2.461,3.76,2.595,1.901,2.583,5.253,5.721,3.991
2007,6.46,1.668,2.662,6.368,2.183,2.413,1.702,1.763,1.923,1.396,1.835,1.874,2.297,2.522,1.768,1.402,1.801,2.893,5.522,2.64,3.427,1.291,2.918,1.884,1.808,1.418,6.116,6.534,3.086,5.266,1.615,2.925,5.322,6.901,1.42,1.945,1.577,2.118,4.927,5.012,2.006,5.423,1.493,1.581,2,1.479,1.39,6.649,1.833,3.617,2.687,2.736,3.016,2.41,5.433,4.818,1.617,5.355,2.774,1.824,1.97,3.641,2.184,4.164,5.785,1.766,1.362,4.392,1.435,2.301,2.062,2.562,3.701,5.575,5.241,2.755,3.579,3.204,1.019,1.317,2.102,2.823,2.505,1.788,4.547,1.994,2.932,1.4,2.289,1.329,3.707,2.466,4.677,3.883,2.4,2.73,3.423,1.464,1.628,3.412,5.277,2.438,1.389,1.618,0.909,1.478,4.866,5.733,2.217,2.262,6.719,1.376,2.036,5.097,1.724,4.61,3.952,2.421,3.661,3.053,1.242,2.331,1.82,2.563,5.674,2.591,3.616,3.012,1.751,2.274,2.109,2.571,7.566,5.93,1.999,1.898,2.892,3.98,4.623,2.637,4.156,2.907,2.616,3.349,1.342,3.179,1.382,1.728,2.312,2.415,1.426,1.427,4.9,1.598,2.131,4.45,4.927,3.242,5.111,1.596,2.292,5.621,1.258,1.292,1.401,4.412,7.144,2.636,1.164,5.638,1.379,2.274,5.03,2.606,3.758,1.862,1.457,3.394,1.075,3.486,5.584,1.557,6.59,5.064,4.059,1.79,2.022,2.214,2.672,6.424,1.342,2.005,1.835,2.044,2.384,2.126,2.462,3.679,2.562,1.911,2.572,5.09,5.642,4.001
2008,6.254,1.65,2.749,6.307,2.164,2.396,1.706,1.764,1.938,1.403,1.868,1.879,2.241,2.449,1.772,1.449,1.811,2.821,5.469,2.55,3.348,1.297,2.901,1.851,1.809,1.448,6.036,6.447,3.018,5.219,1.628,2.833,5.289,6.803,1.424,1.925,1.581,2.08,4.87,4.995,1.979,5.372,1.508,1.596,1.999,1.461,1.424,6.621,1.829,3.502,2.656,2.71,3.055,2.358,5.363,4.752,1.639,5.201,2.735,1.825,1.979,3.617,2.155,4.137,5.76,1.821,1.37,4.35,1.438,2.282,2.054,2.528,3.58,5.496,5.174,2.718,3.493,3.087,1.05,1.322,2.103,2.748,2.499,1.778,4.552,1.997,2.951,1.413,2.251,1.342,3.693,2.553,4.582,3.872,2.344,2.82,3.331,1.485,1.601,3.365,5.19,2.425,1.431,1.605,0.957,1.465,4.777,5.611,2.191,2.244,6.67,1.377,2.04,5.059,1.673,4.539,3.903,2.391,3.589,3.045,1.256,2.434,1.805,2.563,5.639,2.526,3.608,2.874,1.747,2.272,2.121,2.522,7.542,5.902,1.994,1.9,2.89,3.942,4.554,2.632,4.101,2.846,2.589,3.278,1.357,3.146,1.363,1.691,2.211,2.41,1.445,1.474,4.774,1.574,2.112,4.426,4.88,3.151,5.095,1.584,2.316,5.487,1.248,1.315,1.444,4.359,7.056,2.619,1.17,5.552,1.38,2.257,4.977,2.575,3.689,1.887,1.472,3.325,1.053,3.493,5.542,1.553,6.477,5.001,4.012,1.799,2.057,2.192,2.712,6.337,1.384,1.949,1.864,2.023,2.408,2.11,2.462,3.608,2.53,1.923,2.562,4.94,5.561,4.014
2009,6.038,1.646,2.828,6.238,2.146,2.382,1.703,1.769,1.942,1.411,1.913,1.876,2.197,2.384,1.777,1.496,1.813,2.762,5.416,2.464,3.272,1.302,2.891,1.824,1.821,1.471,5.953,6.353,2.947,5.167,1.635,2.747,5.254,6.699,1.43,1.903,1.586,2.044,4.813,4.973,1.951,5.321,1.516,1.616,2.005,1.443,1.448,6.587,1.816,3.397,2.626,2.684,3.114,2.31,5.288,4.681,1.646,5.057,2.701,1.82,1.985,3.588,2.131,4.112,5.735,1.873,1.38,4.311,1.431,2.262,2.044,2.498,3.471,5.417,5.11,2.684,3.408,2.975,1.083,1.325,2.093,2.673,2.492,1.772,4.559,1.999,2.974,1.421,2.212,1.357,3.68,2.622,4.48,3.859,2.281,2.907,3.24,1.499,1.598,3.33,5.105,2.418,1.472,1.591,1.008,1.461,4.689,5.467,2.169,2.235,6.612,1.381,2.035,5.021,1.623,4.456,3.852,2.364,3.522,3.038,1.268,2.539,1.787,2.569,5.602,2.465,3.606,2.737,1.743,2.269,2.12,2.475,7.515,5.872,1.987,1.894,2.897,3.901,4.487,2.628,4.043,2.787,2.566,3.214,1.365,3.11,1.343,1.653,2.13,2.407,1.46,1.524,4.644,1.555,2.092,4.388,4.835,3.056,5.08,1.577,2.339,5.346,1.241,1.336,1.483,4.3,6.963,2.603,1.18,5.465,1.375,2.232,4.926,2.547,3.611,1.904,1.487,3.264,1.045,3.502,5.489,1.551,6.357,4.936,3.963,1.804,2.099,2.172,2.769,6.247,1.42,1.904,1.883,1.995,2.412,2.094,2.456,3.548,2.5,1.936,2.551,4.801,5.478,4.024
2010,5.816,1.653,2.889,6.162,2.13,2.37,1.693,1.776,1.936,1.421,1.964,1.865,2.164,2.328,1.781,1.541,1.81,2.715,5.362,2.382,3.2,1.306,2.884,1.805,1.838,1.488,5.868,6.256,2.875,5.111,1.635,2.666,5.215,6.592,1.436,1.879,1.59,2.01,4.754,4.948,1.922,5.269,1.516,1.639,2.018,1.424,1.465,6.544,1.796,3.301,2.597,2.656,3.185,2.265,5.209,4.605,1.641,4.924,2.669,1.81,1.988,3.555,2.11,4.083,5.707,1.918,1.392,4.273,1.414,2.24,2.032,2.472,3.375,5.336,5.049,2.655,3.325,2.871,1.117,1.328,2.072,2.601,2.483,1.765,4.562,2,2.996,1.426,2.173,1.371,3.663,2.669,4.373,3.843,2.215,2.983,3.149,1.505,1.614,3.303,5.023,2.412,1.51,1.577,1.061,1.465,4.603,5.308,2.149,2.229,6.547,1.388,2.02,4.983,1.578,4.363,3.801,2.341,3.46,3.03,1.274,2.637,1.767,2.578,5.562,2.41,3.605,2.606,1.739,2.264,2.108,2.428,7.487,5.839,1.979,1.879,2.901,3.855,4.419,2.622,3.985,2.73,2.545,3.158,1.365,3.072,1.325,1.614,2.07,2.405,1.471,1.575,4.515,1.538,2.07,4.338,4.788,2.96,5.063,1.576,2.357,5.202,1.236,1.355,1.517,4.235,6.866,2.588,1.192,5.376,1.365,2.203,4.876,2.52,3.527,1.912,1.5,3.21,1.048,3.507,5.427,1.547,6.234,4.868,3.913,1.806,2.144,2.155,2.833,6.154,1.448,1.869,1.892,1.963,2.398,2.078,2.442,3.498,2.472,1.946,2.541,4.674,5.397,4.028
2011,5.595,1.668,2.925,6.082,2.115,2.358,1.68,1.783,1.922,1.431,2.012,1.847,2.139,2.279,1.785,1.581,1.803,2.676,5.305,2.305,3.134,1.309,2.876,1.79,1.857,1.499,5.781,6.156,2.805,5.049,1.629,2.593,5.172,6.482,1.444,1.856,1.594,1.978,4.693,4.915,1.893,5.216,1.509,1.663,2.032,1.405,1.476,6.493,1.775,3.213,2.568,2.628,3.253,2.224,5.126,4.525,1.63,4.798,2.641,1.798,1.988,3.517,2.092,4.05,5.676,1.954,1.405,4.234,1.391,2.217,2.019,2.448,3.292,5.256,4.987,2.63,3.245,2.777,1.151,1.33,2.044,2.534,2.471,1.755,4.557,1.999,3.014,1.43,2.136,1.386,3.638,2.695,4.267,3.822,2.151,3.04,3.059,1.507,1.641,3.278,4.944,2.404,1.544,1.565,1.112,1.474,4.52,5.146,2.129,2.221,6.474,1.396,1.999,4.942,1.539,4.264,3.75,2.318,3.402,3.019,1.273,2.716,1.745,2.584,5.519,2.363,3.6,2.486,1.736,2.255,2.087,2.383,7.455,5.802,1.968,1.86,2.896,3.802,4.35,2.613,3.926,2.675,2.525,3.109,1.357,3.032,1.307,1.577,2.027,2.402,1.479,1.623,4.389,1.522,2.046,4.277,4.74,2.866,5.038,1.578,2.368,5.06,1.233,1.37,1.543,4.167,6.766,2.572,1.206,5.286,1.354,2.17,4.825,2.495,3.44,1.914,1.511,3.16,1.063,3.504,5.359,1.542,6.109,4.798,3.864,1.804,2.184,2.139,2.892,6.059,1.469,1.841,1.893,1.932,2.371,2.063,2.42,3.456,2.444,1.953,2.531,4.554,5.318,4.019
2012,5.38,1.685,2.936,6,2.102,2.347,1.664,1.791,1.904,1.443,2.053,1.827,2.118,2.236,1.788,1.616,1.795,2.642,5.246,2.236,3.072,1.314,2.863,1.777,1.874,1.509,5.693,6.058,2.739,4.984,1.619,2.528,5.123,6.372,1.451,1.834,1.599,1.948,4.628,4.876,1.866,5.16,1.498,1.685,2.045,1.388,1.485,6.432,1.755,3.131,2.539,2.599,3.306,2.187,5.04,4.444,1.618,4.677,2.615,1.786,1.986,3.477,2.075,4.01,5.638,1.98,1.418,4.192,1.367,2.194,2.004,2.427,3.219,5.175,4.923,2.606,3.169,2.694,1.184,1.334,2.014,2.475,2.455,1.742,4.542,1.998,3.025,1.433,2.102,1.401,3.604,2.702,4.165,3.796,2.094,3.076,2.974,1.509,1.671,3.253,4.868,2.391,1.574,1.557,1.16,1.487,4.442,4.992,2.11,2.209,6.396,1.406,1.975,4.897,1.505,4.165,3.699,2.295,3.347,3.005,1.269,2.774,1.725,2.583,5.472,2.322,3.586,2.38,1.735,2.243,2.063,2.34,7.42,5.758,1.957,1.842,2.878,3.744,4.281,2.601,3.869,2.625,2.504,3.067,1.344,2.993,1.291,1.543,1.997,2.396,1.486,1.665,4.269,1.507,2.021,4.212,4.689,2.779,5.003,1.584,2.371,4.923,1.232,1.384,1.566,4.099,6.665,2.554,1.222,5.197,1.346,2.138,4.771,2.47,3.355,1.912,1.52,3.113,1.084,3.492,5.287,1.534,5.983,4.727,3.815,1.798,2.214,2.124,2.936,5.964,1.486,1.82,1.889,1.905,2.336,2.048,2.395,3.419,2.417,1.957,2.521,4.44,5.242,3.996
2013,5.174,1.7,2.924,5.92,2.089,2.335,1.648,1.796,1.886,1.455,2.08,1.808,2.098,2.199,1.791,1.646,1.789,2.61,5.183,2.177,3.017,1.322,2.842,1.765,1.884,1.52,5.607,5.962,2.682,4.917,1.608,2.47,5.067,6.263,1.459,1.815,1.604,1.921,4.561,4.83,1.841,5.101,1.486,1.702,2.053,1.373,1.495,6.363,1.742,3.055,2.51,2.571,3.335,2.155,4.952,4.363,1.61,4.556,2.59,1.777,1.984,3.437,2.059,3.963,5.595,1.996,1.43,4.146,1.345,2.171,1.989,2.406,3.151,5.094,4.855,2.582,3.098,2.621,1.215,1.34,1.986,2.425,2.436,1.727,4.515,1.995,3.026,1.438,2.072,1.415,3.56,2.697,4.072,3.766,2.046,3.089,2.895,1.512,1.696,3.222,4.794,2.372,1.6,1.554,1.205,1.501,4.37,4.856,2.092,2.191,6.315,1.417,1.952,4.848,1.478,4.07,3.65,2.27,3.294,2.986,1.263,2.805,1.706,2.574,5.421,2.286,3.56,2.291,1.735,2.229,2.039,2.3,7.381,5.709,1.945,1.828,2.846,3.682,4.212,2.585,3.813,2.581,2.481,3.028,1.332,2.954,1.277,1.516,1.972,2.384,1.493,1.699,4.158,1.495,1.998,4.148,4.635,2.701,4.959,1.59,2.366,4.793,1.234,1.399,1.584,4.032,6.564,2.533,1.24,5.109,1.342,2.109,4.715,2.445,3.276,1.91,1.528,3.065,1.108,3.472,5.215,1.524,5.859,4.656,3.768,1.789,2.231,2.108,2.958,5.869,1.501,1.801,1.884,1.884,2.302,2.033,2.368,3.383,2.391,1.959,2.512,4.327,5.171,3.957
2014,4.981,1.71,2.89,5.841,2.076,2.322,1.634,1.8,1.87,1.467,2.093,1.792,2.078,2.165,1.794,1.669,1.786,2.578,5.117,2.128,2.966,1.332,2.812,1.753,1.888,1.532,5.521,5.869,2.634,4.848,1.596,2.419,5.006,6.155,1.465,1.798,1.61,1.897,4.491,4.778,1.819,5.039,1.474,1.713,2.055,1.36,1.507,6.286,1.735,2.982,2.481,2.542,3.336,2.126,4.864,4.285,1.61,4.437,2.565,1.771,1.981,3.397,2.044,3.91,5.544,2.003,1.441,4.096,1.327,2.148,1.973,2.386,3.089,5.014,4.784,2.559,3.033,2.559,1.244,1.349,1.963,2.384,2.414,1.708,4.476,1.992,3.018,1.446,2.047,1.43,3.506,2.681,3.989,3.731,2.011,3.08,2.823,1.52,1.713,3.186,4.721,2.345,1.621,1.555,1.245,1.513,4.303,4.74,2.074,2.165,6.231,1.43,1.93,4.794,1.458,3.981,3.603,2.243,3.243,2.962,1.256,2.811,1.69,2.555,5.365,2.256,3.522,2.218,1.736,2.213,2.019,2.264,7.338,5.653,1.933,1.819,2.799,3.617,4.143,2.565,3.759,2.542,2.456,2.992,1.319,2.917,1.264,1.495,1.95,2.367,1.502,1.724,4.058,1.482,1.975,4.086,4.578,2.635,4.904,1.597,2.353,4.672,1.238,1.413,1.6,3.968,6.464,2.51,1.258,5.022,1.344,2.083,4.656,2.421,3.204,1.908,1.535,3.016,1.133,3.442,5.146,1.512,5.737,4.586,3.722,1.778,2.234,2.09,2.956,5.775,1.514,1.783,1.879,1.872,2.27,2.019,2.34,3.348,2.366,1.96,2.503,4.215,5.104,3.903
2015,4.802,1.714,2.839,5.766,2.063,2.308,1.622,1.801,1.856,1.48,2.092,1.778,2.056,2.133,1.796,1.686,1.786,2.544,5.048,2.086,2.921,1.345,2.774,1.74,1.884,1.545,5.436,5.781,2.594,4.778,1.586,2.374,4.94,6.05,1.472,1.785,1.617,1.874,4.42,4.721,1.8,4.976,1.464,1.72,2.051,1.35,1.522,6.202,1.736,2.913,2.451,2.514,3.311,2.101,4.775,4.208,1.617,4.317,2.541,1.77,1.979,3.358,2.028,3.85,5.488,2.003,1.45,4.042,1.314,2.126,1.957,2.367,3.029,4.934,4.71,2.534,2.973,2.507,1.271,1.361,1.946,2.352,2.389,1.686,4.427,1.989,2.999,1.457,2.026,1.444,3.445,2.658,3.917,3.693,1.986,3.051,2.758,1.531,1.72,3.143,4.65,2.312,1.637,1.562,1.28,1.524,4.241,4.646,2.056,2.132,6.145,1.443,1.913,4.736,1.443,3.9,3.557,2.215,3.194,2.932,1.248,2.793,1.677,2.526,5.305,2.23,3.473,2.162,1.739,2.194,2.002,2.231,7.29,5.591,1.921,1.816,2.737,3.55,4.075,2.541,3.707,2.509,2.429,2.958,1.308,2.881,1.254,1.481,1.929,2.345,1.512,1.741,3.967,1.471,1.953,4.029,4.518,2.579,4.84,1.604,2.333,4.561,1.242,1.427,1.614,3.907,6.365,2.485,1.276,4.938,1.352,2.063,4.595,2.396,3.141,1.907,1.54,2.966,1.158,3.404,5.079,1.498,5.618,4.517,3.678,1.766,2.223,2.072,2.931,5.682,1.528,1.765,1.876,1.868,2.242,2.007,2.313,3.312,2.341,1.958,2.494,4.104,5.041,3.836
