Year,Afghanistan,Albania,Algeria,Andorra,Angola,Antigua and Barbuda,Arab World,Argentina,Armenia,Australia,Austria,Azerbaijan,Bahamas,Bahrain,Bangladesh,Barbados,Belarus,Belgium,Belize,Benin,Bhutan,Bolivia,Bosnia and Herzegovina,Botswana,Brazil,Brunei,Bulgaria,Burkina Faso,Burundi,Cambodia,Cameroon,Canada,Cape Verde,Caribbean small states,Central African Republic,Central Europe and the Baltics,Chad,Chile,China,Colombia,Comoros,Congo,Costa Rica,Cote d'Ivoire,Croatia,Cuba,Cyprus,Czech Republic,Democratic Republic of Congo,Denmark,Djibouti,Dominica,Dominican Republic,Early-demographic dividend,East Asia & Pacific,East Asia & Pacific (IDA & IBRD),East Asia & Pacific (excluding high income),Ecuador,Egypt,El Salvador,Equatorial Guinea,Eritrea,Estonia,Ethiopia,Euro area,Europe & Central Asia,Europe & Central Asia (IDA & IBRD),Europe & Central Asia (excluding high income),European Union,Fiji,Finland,Fragile and conflict affected situations,France,Gabon,Gambia,Georgia,Germany,Ghana,Greece,Grenada,Guatemala,Guinea,Guinea-Bissau,Guyana,Haiti,Heavily indebted poor countries (HIPC),High income,Honduras,Hungary,IBRD only,IDA & IBRD total,IDA blend,IDA only,IDA total,Iceland,India,Indonesia,Iran,Iraq,Ireland,Israel,Italy,Jamaica,Japan,Jordan,Kazakhstan,Kenya,Kiribati,Kuwait,Kyrgyzstan,Laos,Late-demographic dividend,Latin America & Caribbean,Latin America & Caribbean (IDA & IBRD),Latin America & Caribbean (excluding high income),Latvia,Least developed countries: UN classification,Lebanon,Lesotho,Liberia,Libya,Lithuania,Low & middle income,Low income,Lower middle income,Luxembourg,Macedonia,Madagascar,Malawi,Malaysia,Maldives,Mali,Malta,Marshall Islands,Mauritania,Mauritius,Mexico,Micronesia (country),Middle East & North Africa,Middle East & North Africa (IDA & IBRD),Middle East & North Africa (excluding high income),Middle income,Moldova,Monaco,Mongolia,Montenegro,Morocco,Mozambique,Myanmar,Namibia,Nauru,Nepal,Netherlands,New Zealand,Nicaragua,Niger,Nigeria,North America,North Korea,Norway,OECD members,Oman,Other small states,Pacific island small states,Pakistan,Palau,Palestine,Panama,Papua New Guinea,Paraguay,Peru,Philippines,Poland,Portugal,Post-demographic dividend,Pre-demographic dividend,Qatar,Romania,Russia,Rwanda,Saint Kitts and Nevis,Saint Lucia,Saint Vincent and the Grenadines,Samoa,San Marino,Sao Tome and Principe,Saudi Arabia,Senegal,Serbia,Seychelles,Sierra Leone,Singapore,Slovakia,Slovenia,Small states,Solomon Islands,Somalia,South Africa,South Asia,South Asia (IDA & IBRD),South Korea,South Sudan,Spain,Sri Lanka,Sub-Saharan Africa,Sub-Saharan Africa (IDA & IBRD),Sub-Saharan Africa (excluding high income),Sudan,Suriname,Swaziland,Sweden,Switzerland,Syrian Arab Republic,Tajikistan,Tanzania,Thailand,Timor,Togo,Tonga,Trinidad and Tobago,Tunisia,Turkey,Turkmenistan,Tuvalu,Uganda,Ukraine,United Arab Emirates,United Kingdom,United States,Upper middle income,Uruguay,Uzbekistan,Vanuatu,Venezuela,Vietnam,World,Yemen,Zambia,Zimbabwe
1960,,,127259.0,,,,,,,5589.0,5419.0,,,,575416.0,590.0,,5338.0,,32830.0,,,,4024.0,497144.0,,,74849.0,,,58098.0,15265.0,,,,,,,,95778.0,,,,,,,,,,1940.0,,,24279.0,,,,,33993.0,381813.0,23117.0,,,,,,,,,,1343.0,2241.0,,23529.0,,,,,61004.0,7617.0,,,,,2180.0,,,,,8195.0,,,,,,102.0,4412203.0,828089.0,,56534.0,2143.0,,45957.0,5274.0,65053.0,6651.0,,77068.0,,,,,,,,,,,,6567.0,16260.0,,,,,,,,,,31096.0,,,316.0,,10055.0,,248364.0,,,,,,,,,,,,,,,140999.0,5051.0,1682.0,17453.0,,,,,1426.0,,,,,485902.0,,,4081.0,16295.0,,102176.0,115483.0,,23971.0,,,,,,,,,,,,,,44861.0,,157.0,,2939.0,,,,,,,,,115204.0,,30051.0,34784.0,,,,58791.0,,3366.0,2112.0,2519.0,36123.0,,113820.0,163765.0,,19298.0,,2066.0,,310614.0,,,71205.0,,,23844.0,127104.0,,3518.0,,459.0,28745.0,,,,29433.0,25695.0
1961,,,130556.0,,,,,,,5514.0,5194.0,,,1306.0,579579.0,544.0,,5140.0,,33013.0,,,,3989.0,494779.0,,,74946.0,,,58422.0,14810.0,,,,,,,,94950.0,,,,59315.0,,,,,,1919.0,,,24528.0,,,,,33731.0,374994.0,23220.0,,,,,,,,,,1300.0,2092.0,,22524.0,,5971.0,,,62540.0,7353.0,,,,,2115.0,46544.0,,,20061.0,7480.0,,,,,,101.0,4408862.0,824735.0,,54709.0,2069.0,,44818.0,5170.0,59154.0,6729.0,,76101.0,,,,,,,,,,,5053.0,6654.0,16663.0,,,,,,,,,,29741.0,,,293.0,,10034.0,2824.0,243567.0,,,,,,,,,,142048.0,,,,,140315.0,4963.0,1634.0,17457.0,,,,,1394.0,,,,,481022.0,,,4063.0,16064.0,6427.0,101856.0,114447.0,,23099.0,,,,,,32114.0,,,,,,,,46047.0,,158.0,,2675.0,,,,,,,,,110562.0,,28120.0,33689.0,,,,59633.0,,3413.0,2092.0,2547.0,35229.0,,116061.0,162567.0,,19271.0,,2013.0,,304394.0,,,71630.0,,,24096.0,123616.0,,3482.0,,457.0,28886.0,,,,29856.0,25749.0
1962,,,133999.0,,,,,,,5433.0,4971.0,,,1231.0,584583.0,501.0,,4948.0,,33132.0,,,,3952.0,491622.0,,,75123.0,,,58970.0,14223.0,,,,,,,,94164.0,,,,59564.0,,,,,,1889.0,,,24665.0,,,,,33509.0,367902.0,23287.0,,,,,,,,,,1257.0,1959.0,,21643.0,,6067.0,,,64190.0,7063.0,,42664.0,,,2054.0,46521.0,,,19839.0,6944.0,,,,,,99.0,4409006.0,820552.0,,53486.0,2000.0,,43499.0,5051.0,53885.0,6802.0,,75435.0,,,,,,,,,,,5010.0,6767.0,17033.0,,,,,,,,,,28309.0,,,273.0,,9995.0,2726.0,239981.0,,,,,,,,,,142103.0,,,,,139326.0,4876.0,1578.0,17452.0,,,,,1367.0,,,,,476605.0,,,4039.0,15831.0,6507.0,101292.0,113718.0,,21906.0,,,,,,32083.0,,,,,,,,47352.0,,158.0,,2443.0,,,,,,,,,105608.0,,26399.0,32625.0,,,,60500.0,,3456.0,2059.0,2561.0,34381.0,,118148.0,161165.0,,19282.0,,1946.0,,297552.0,,,72269.0,,,24155.0,119626.0,,3422.0,,453.0,28999.0,,,,30311.0,25755.0
1963,,,137550.0,,,,,,,5351.0,4756.0,,,1154.0,589991.0,461.0,,4754.0,,33167.0,,,,3911.0,487302.0,,,75374.0,,,59753.0,13511.0,,,,,,,,93393.0,,,,59867.0,,,,,,1842.0,,,24678.0,,,,,33328.0,361121.0,23363.0,,,,,,,,,,1215.0,1835.0,,20777.0,,6141.0,,,65950.0,6777.0,,42554.0,,,2002.0,46392.0,,,19633.0,6508.0,,,,,,96.0,4410929.0,814869.0,,52693.0,1928.0,,42011.0,4928.0,49239.0,6864.0,,75040.0,,,,,,,,,,,4946.0,6906.0,17365.0,,,,,,,,,,26863.0,,,252.0,,9954.0,2586.0,237483.0,,,,,,,,,,141623.0,,,,,138137.0,4785.0,1520.0,17460.0,,,,,1342.0,,,,,472292.0,,,4010.0,15595.0,6598.0,100385.0,113390.0,31872.0,20426.0,,,,,,32177.0,,,,,,,,48734.0,,158.0,,2255.0,,,,,,,,,100216.0,,24905.0,31626.0,,,,61479.0,,3495.0,2010.0,2539.0,33572.0,,120170.0,159574.0,,19353.0,,1866.0,,290468.0,,,73042.0,,,23922.0,115256.0,,3357.0,,447.0,29101.0,,,,30839.0,25709.0
1964,,,141260.0,,,,,,,5281.0,4552.0,,,1075.0,596371.0,423.0,,4555.0,,33130.0,,,,3876.0,482496.0,,,75754.0,,,60413.0,12698.0,,,17607.0,,,35874.0,,92537.0,,7807.0,,60219.0,,,,,,1776.0,,,24590.0,,,,,33210.0,355164.0,23403.0,,,,,,,,,,1173.0,1717.0,,19926.0,,6195.0,,,67755.0,6524.0,,42456.0,,,1957.0,46204.0,,,19456.0,6176.0,,,,,,92.0,4416570.0,807797.0,,52232.0,1849.0,,40416.0,4798.0,45220.0,6927.0,,75098.0,,1811.0,,,,,,,,,4887.0,7047.0,17669.0,,,,,,,,,,25441.0,,,232.0,71.0,9906.0,2480.0,235867.0,,,,,,,,,,140545.0,,,,,136750.0,4682.0,1468.0,17452.0,,,,,1314.0,,,,,468830.0,,,3979.0,15362.0,6698.0,99196.0,113162.0,28502.0,18873.0,,,,,,32442.0,,,,,,,,50171.0,,157.0,,2099.0,,,,,,,,,94425.0,,23599.0,30723.0,,,,62568.0,,3525.0,1943.0,2481.0,32817.0,,122207.0,157811.0,,19458.0,,1775.0,,283795.0,,,73883.0,,,23435.0,110572.0,,3306.0,,440.0,29149.0,,,,31417.0,25647.0
1965,159930.0,,144913.0,,,,,,,5236.0,4356.0,,,994.0,603962.0,388.0,,4351.0,,33109.0,,43907.0,,3846.0,477041.0,,,76284.0,,,60766.0,11828.0,,,17499.0,,,32900.0,,91575.0,,7827.0,,60628.0,,,,,,1693.0,,201.0,24410.0,,,,,33160.0,350465.0,23419.0,,,,,,,,,,1133.0,1604.0,,19115.0,,6235.0,,,69697.0,6303.0,,42368.0,,,1921.0,45910.0,,,19283.0,5980.0,,,,,,88.0,4423257.0,799441.0,,51917.0,1760.0,,38755.0,4659.0,41878.0,6980.0,,75613.0,,1908.0,,,,,,,,,4821.0,7188.0,17939.0,16280.0,,,,,,,,,24099.0,,,212.0,71.0,9841.0,2507.0,235096.0,,,,,,,,,,138828.0,,,,,135381.0,4564.0,1424.0,17487.0,,,,,1278.0,,,,,465976.0,,,3949.0,15145.0,6797.0,97775.0,112958.0,25547.0,17486.0,,,,,,32882.0,,,,,,,,51580.0,,155.0,41178.0,1954.0,,,,770.0,,,,,88259.0,,22427.0,29937.0,,,,63726.0,,3551.0,1866.0,2403.0,32097.0,,123993.0,155646.0,,19625.0,,1681.0,,277408.0,,,74874.0,,872.0,22763.0,105685.0,,3271.0,,431.0,29105.0,,,,32085.0,25568.0
1966,160878.0,,148335.0,,,,,,,5227.0,4163.0,,,912.0,612629.0,355.0,,4149.0,,33158.0,,43521.0,,3820.0,470715.0,,,76967.0,,,60824.0,10951.0,,,17362.0,,,29745.0,,90217.0,,7833.0,,61046.0,,,,,,1602.0,,188.0,24165.0,,,,,33139.0,347029.0,23399.0,,,,,,,,,,1097.0,1495.0,,18363.0,,6269.0,,,71655.0,6093.0,,42316.0,,,1894.0,45506.0,,,19107.0,5907.0,,,,,,84.0,4429076.0,789195.0,,51600.0,1661.0,,37143.0,4507.0,39232.0,7030.0,,76540.0,,2005.0,,,,,,,,,4754.0,7308.0,18160.0,15847.0,,,,,,,,,22872.0,,,193.0,70.0,9774.0,2670.0,235216.0,,,,,,,,,,136600.0,,,,,134024.0,4428.0,1390.0,17558.0,,,,,1239.0,,,,,463759.0,,,3914.0,14929.0,6888.0,96274.0,112857.0,23258.0,16361.0,,,,,,33575.0,,,,,,,,52964.0,,152.0,41232.0,1812.0,,,,757.0,,,,,81890.0,,21318.0,29220.0,,,,65021.0,,3581.0,1793.0,2312.0,31394.0,,125780.0,153005.0,,19829.0,,1586.0,,271464.0,,,75914.0,,870.0,21985.0,100694.0,,3246.0,,421.0,28942.0,,,,32849.0,25525.0
1967,161784.0,,151393.0,,,,,,,5246.0,3971.0,,,832.0,622388.0,326.0,,3955.0,,33310.0,,43148.0,,3791.0,463512.0,,,77768.0,,,60537.0,10108.0,,,17210.0,,,26987.0,,88374.0,,7847.0,,61502.0,,,,,,1512.0,,177.0,23861.0,,,,,33159.0,345193.0,23349.0,,,,,,,,,,1064.0,1390.0,,17650.0,,6290.0,,,73609.0,5867.0,,42273.0,,,1873.0,44954.0,,,18919.0,5896.0,,,,,,80.0,4437646.0,777548.0,,51191.0,1568.0,,35658.0,4345.0,37202.0,7072.0,,77645.0,,2095.0,,,,,,,,,4694.0,7400.0,18350.0,15402.0,,,,,,,,,21773.0,,,176.0,71.0,9698.0,2756.0,235903.0,,,,,,,,,,134034.0,,,,,132741.0,4268.0,1364.0,17651.0,,,,,1199.0,,8049.0,,,462456.0,,,3878.0,14735.0,6962.0,94748.0,112835.0,21676.0,15447.0,,,,,,34568.0,,,,,,,,54293.0,,148.0,41299.0,1678.0,,,,745.0,,,,,75643.0,,20191.0,28612.0,,,,66461.0,,3611.0,1728.0,2211.0,30726.0,,127443.0,149718.0,,20080.0,,1498.0,41965.0,266166.0,,,77079.0,,868.0,21131.0,95666.0,,3226.0,,410.0,28582.0,,,,33675.0,25534.0
1968,162828.0,,153910.0,,,,,,,5285.0,3793.0,,,754.0,632806.0,300.0,,3768.0,,33607.0,,42752.0,,3762.0,455688.0,,4685.0,78591.0,,,59876.0,9332.0,,,17055.0,,,24844.0,,86054.0,,7864.0,,62020.0,,12064.0,,,,1427.0,,166.0,23514.0,,,,,33217.0,344409.0,23284.0,,,,,,,,,,1038.0,1288.0,,16952.0,,6314.0,,,75439.0,5591.0,,42205.0,,,1859.0,44350.0,,,18713.0,5889.0,,,,,,76.0,4444244.0,764266.0,,50656.0,1499.0,,34235.0,4171.0,35675.0,7106.0,,78751.0,274.0,2176.0,,,,,,,,,4638.0,7461.0,18493.0,14970.0,,,,,,,,,20831.0,,113419.0,161.0,71.0,9643.0,2555.0,236581.0,,,,,,,,,,131213.0,,,,,131616.0,4083.0,1341.0,17769.0,,,,,1159.0,,7851.0,,,461951.0,,,3830.0,14547.0,7013.0,93275.0,112962.0,20639.0,14675.0,,,,26415.0,,35806.0,,,,,,,,55527.0,,143.0,41369.0,1555.0,,,,736.0,,,,,69578.0,,18975.0,28060.0,,,,67988.0,,3648.0,1669.0,2102.0,30084.0,,129112.0,145708.0,,20361.0,179.0,1423.0,40061.0,261280.0,,,78399.0,,866.0,20243.0,90701.0,,3197.0,,400.0,28079.0,,,,34470.0,25714.0
1969,163784.0,,155681.0,,,,,,,5319.0,3636.0,,,681.0,643677.0,277.0,,3579.0,,33972.0,,42335.0,,3728.0,447323.0,,4524.0,79442.0,37867.0,,59106.0,8633.0,,,16910.0,,,23357.0,,83184.0,,7896.0,,62580.0,,11771.0,,,,1347.0,,154.0,23134.0,,,,,33243.0,344335.0,23204.0,,,,,,,,,,1019.0,1190.0,,16233.0,,6348.0,,,77050.0,5239.0,,42117.0,,,1850.0,43675.0,,,18473.0,5874.0,,,,,,73.0,4450200.0,749776.0,,49926.0,1461.0,,32725.0,3988.0,34488.0,7119.0,,79839.0,259.0,2244.0,,,,,,,,,4595.0,7498.0,18615.0,14484.0,,,,,111.0,,,,20044.0,1507.0,113866.0,150.0,71.0,9643.0,2219.0,236731.0,,,,,,,,,,128437.0,,,,,130628.0,3872.0,1320.0,17892.0,,693905.0,,,1117.0,,7659.0,,,462182.0,,,3760.0,14371.0,7038.0,91805.0,113311.0,19996.0,13883.0,,,,25674.0,,37318.0,,,,,,,,56588.0,,137.0,41442.0,1446.0,,,,724.0,,,,,63952.0,,17600.0,27588.0,,,,69691.0,,3689.0,1609.0,1987.0,29468.0,,130804.0,140907.0,,20651.0,165.0,1361.0,38162.0,256899.0,,,79932.0,,864.0,19320.0,85893.0,,3147.0,,389.0,27476.0,125289.0,,102686.0,35084.0,26032.0
1970,164544.0,,156463.0,,,,,,,5314.0,3481.0,,,615.0,654423.0,256.0,,3385.0,,34374.0,,41904.0,,3692.0,438398.0,,4347.0,80312.0,38536.0,,58366.0,8017.0,,,16775.0,,,22457.0,,79964.0,,7926.0,4668.0,63099.0,,11124.0,,,,1269.0,,140.0,22710.0,,,,,33177.0,344483.0,23112.0,,,,,,,,,,1006.0,1095.0,,15467.0,,6380.0,,,78402.0,4848.0,,41974.0,,,1845.0,42972.0,,,18222.0,5880.0,,,,,,70.0,4453401.0,734433.0,,49038.0,1450.0,,31033.0,3796.0,33451.0,7109.0,,80924.0,246.0,2294.0,,,,,,,,,4556.0,7511.0,18749.0,13980.0,,,,,102.0,,,79257.0,19366.0,1473.0,114427.0,141.0,72.0,9710.0,1999.0,236344.0,,,,,,,,,,125757.0,115484.0,,,,129968.0,3643.0,1295.0,18007.0,,693759.0,,,1070.0,,7478.0,,,462925.0,,,3667.0,14209.0,7046.0,90253.0,114069.0,19510.0,12883.0,,,,23712.0,,39075.0,,,,,,256.0,,57456.0,,130.0,41505.0,1352.0,,,,712.0,,,,,58911.0,,16136.0,27131.0,,,,71520.0,,3714.0,1542.0,1861.0,28888.0,,132559.0,135443.0,,20940.0,151.0,1314.0,36328.0,252772.0,,,81812.0,,866.0,18314.0,81272.0,,3099.0,,379.0,26764.0,125964.0,,100964.0,35478.0,26494.0
1971,165325.0,,156588.0,,,,,,,5238.0,3304.0,,,557.0,664918.0,237.0,,3183.0,,34782.0,,41440.0,,3647.0,429593.0,,4208.0,80989.0,39207.0,,57900.0,7484.0,,,16658.0,,,21853.0,,76504.0,,7960.0,4296.0,63556.0,,10091.0,,,,1189.0,,124.0,22213.0,,,,,32939.0,343814.0,23023.0,,,,324155.0,,,,,,1000.0,1008.0,,14649.0,,6418.0,,,79363.0,4517.0,,41814.0,58761.0,,1840.0,42316.0,,,17934.0,5932.0,,,,,,67.0,4450898.0,718592.0,,48022.0,1461.0,,29045.0,3604.0,32386.0,7058.0,,81915.0,235.0,2320.0,,,,,,,,,4528.0,7509.0,18930.0,13439.0,,,,,93.0,,,80078.0,18767.0,1432.0,114965.0,134.0,72.0,9841.0,1956.0,235084.0,,,,,,,,,,123302.0,117779.0,,,,129397.0,3405.0,1266.0,18086.0,,693255.0,,,1018.0,,7305.0,,,464570.0,,,3553.0,14078.0,7036.0,88653.0,115302.0,18924.0,11669.0,,,,21640.0,,41039.0,,,,,,259.0,,58047.0,,124.0,41667.0,1265.0,,,,701.0,,,,,54427.0,,14816.0,26697.0,,,,73465.0,,3727.0,1464.0,1725.0,28342.0,,134222.0,129489.0,,21211.0,139.0,1283.0,34559.0,248449.0,,,84215.0,,872.0,17228.0,76894.0,,3086.0,,370.0,26004.0,126488.0,,99200.0,35629.0,27093.0
1972,166125.0,,155986.0,,,,,,,5083.0,3089.0,,,508.0,673966.0,219.0,,2971.0,454.0,35082.0,,40989.0,,3600.0,421218.0,,4130.0,81390.0,39940.0,,57889.0,7022.0,,,16551.0,,,21303.0,,73040.0,,7979.0,3842.0,63892.0,,8830.0,,,,1100.0,,107.0,21651.0,,,,,32489.0,341702.0,22862.0,,,,333581.0,,,,,,999.0,929.0,,13861.0,,6472.0,,,79873.0,4317.0,,41613.0,59012.0,,1831.0,41750.0,,,17629.0,6049.0,,,,,,65.0,4441264.0,702404.0,,46867.0,1480.0,,26738.0,3413.0,31165.0,6961.0,,82779.0,227.0,2322.0,,,,,,,,,4503.0,7497.0,19135.0,12923.0,1134.0,,,,85.0,,,80532.0,18198.0,1385.0,115235.0,129.0,74.0,10028.0,1952.0,232673.0,,,,,,,,,,120980.0,119967.0,,3433.0,,128975.0,3168.0,1229.0,18113.0,84644.0,692395.0,,,960.0,,7161.0,,,466690.0,,,3422.0,13958.0,7021.0,86949.0,116925.0,18157.0,10461.0,,,,20012.0,,43387.0,,,,,,264.0,,58373.0,,116.0,41851.0,1162.0,,,,688.0,,,,,50464.0,,13803.0,26259.0,,,,75459.0,,3715.0,1374.0,1582.0,27836.0,,135853.0,123130.0,,21451.0,128.0,1263.0,32856.0,243939.0,,,87016.0,,882.0,16105.0,72759.0,,3120.0,,362.0,25305.0,126701.0,,97731.0,35628.0,27821.0
1973,166343.0,,154517.0,,,,,,,4848.0,2828.0,,150.0,467.0,681261.0,203.0,,2757.0,446.0,35265.0,,40532.0,,3549.0,413703.0,,4087.0,81274.0,40766.0,,58433.0,6614.0,,,16476.0,,,20483.0,,69621.0,,8029.0,3438.0,64028.0,,7688.0,,,,1010.0,,90.0,21037.0,,,,,31822.0,337613.0,22630.0,,,,342628.0,,,,,,1001.0,861.0,,13160.0,,6531.0,,21484.0,79911.0,4214.0,,41393.0,59196.0,,1819.0,41293.0,,,17317.0,6220.0,,,,,,62.0,4426234.0,686008.0,,45664.0,1493.0,,24218.0,3234.0,29708.0,6819.0,,83496.0,222.0,2296.0,,,,,,,,,4472.0,7464.0,19352.0,12401.0,1164.0,,,,78.0,,51506.0,80724.0,17592.0,1330.0,115250.0,125.0,75.0,10236.0,1858.0,229084.0,,,,,,,,,,118648.0,122162.0,173387.0,3568.0,,128631.0,2941.0,1186.0,18043.0,87355.0,690842.0,,,898.0,,7027.0,,,469684.0,,,3286.0,13852.0,7016.0,85301.0,119014.0,17461.0,9400.0,,,,19171.0,,46169.0,,,,,,272.0,,58390.0,,109.0,41991.0,1033.0,,,,673.0,,,,,47019.0,,13176.0,25808.0,,,,77525.0,,3675.0,1276.0,1435.0,27364.0,,137323.0,116666.0,,21636.0,120.0,1249.0,31205.0,238839.0,,,90501.0,,896.0,14966.0,68874.0,,3182.0,,355.0,24687.0,126602.0,,96533.0,35624.0,28696.0
1974,166461.0,,152149.0,,,,,39994.0,,4550.0,2529.0,,154.0,435.0,686676.0,188.0,,2555.0,438.0,35325.0,3662.0,40053.0,,3490.0,407145.0,,4049.0,80645.0,41746.0,,59472.0,6248.0,1345.0,,16425.0,,,19094.0,2368243.0,66345.0,,8060.0,3117.0,64013.0,,6857.0,,,228135.0,925.0,,75.0,20388.0,,,,,30936.0,331360.0,22336.0,,,,351326.0,,,,,,1004.0,801.0,,12525.0,,6588.0,,19468.0,79368.0,4127.0,,41109.0,59298.0,,1802.0,40964.0,,,17016.0,6317.0,,,,,,59.0,4397038.0,669994.0,,44425.0,1488.0,,21640.0,3073.0,27993.0,6638.0,,83942.0,220.0,2248.0,,,,,,,,,4439.0,7400.0,19552.0,11883.0,1188.0,,,,72.0,,53803.0,80674.0,16927.0,1275.0,114783.0,122.0,77.0,10413.0,1683.0,224491.0,,,,,,,,,,116210.0,124393.0,172182.0,3702.0,,128371.0,2730.0,1135.0,17883.0,89812.0,689204.0,,,831.0,,6913.0,,,473647.0,,,3155.0,13758.0,7026.0,83751.0,121459.0,17050.0,8479.0,,,248.0,18781.0,,49286.0,,,264.0,,,280.0,,58054.0,,101.0,42148.0,897.0,,,,656.0,,,,,43959.0,,12986.0,25323.0,,,,79562.0,,3616.0,1178.0,1292.0,26885.0,,138533.0,110276.0,,21780.0,113.0,1238.0,29568.0,233192.0,,,94530.0,,914.0,13875.0,65258.0,,3243.0,,348.0,24184.0,126036.0,,95602.0,35789.0,29676.0
1975,166090.0,,149015.0,,,,,39689.0,,4219.0,2231.0,,156.0,411.0,689503.0,174.0,,2371.0,430.0,35271.0,3631.0,39546.0,,3425.0,401257.0,,3996.0,79490.0,42797.0,,60946.0,5913.0,1255.0,,16413.0,,,17121.0,2128460.0,63264.0,2255.0,8083.0,2808.0,63803.0,,6182.0,,,230897.0,849.0,,62.0,19728.0,,,,,29920.0,323198.0,21957.0,,,,360021.0,,,,,,1004.0,750.0,,11896.0,,6648.0,,17682.0,78450.0,4006.0,,40789.0,59264.0,,1780.0,40809.0,,,16697.0,6140.0,,,,,,56.0,4358991.0,654190.0,,43231.0,1459.0,,19173.0,2933.0,26069.0,6423.0,,84165.0,221.0,2184.0,,,,,,,,,4399.0,7311.0,19757.0,11366.0,1194.0,,,,66.0,,56187.0,80474.0,16224.0,1222.0,113961.0,119.0,80.0,10538.0,1501.0,218929.0,,,,,,,,,,113540.0,126575.0,170558.0,3829.0,,128222.0,2538.0,1077.0,17609.0,91905.0,687907.0,,,764.0,,6792.0,,,478836.0,,,3040.0,13666.0,7050.0,82412.0,124090.0,16879.0,7638.0,,,251.0,18232.0,63290.0,52514.0,71.0,186.0,256.0,,,289.0,,57343.0,,93.0,42305.0,782.0,,,,635.0,,,,,41179.0,,13112.0,24771.0,,,,81564.0,,3545.0,1085.0,1159.0,26387.0,,139634.0,104078.0,,21878.0,107.0,1228.0,27955.0,226862.0,,,99127.0,,933.0,12883.0,61922.0,,3266.0,,342.0,23757.0,124985.0,,94679.0,36201.0,30687.0
1976,165125.0,,145207.0,,,,,38745.0,,3884.0,1971.0,,156.0,393.0,690615.0,161.0,,2208.0,422.0,35145.0,3595.0,39051.0,,3356.0,395847.0,,3907.0,78269.0,43749.0,,62657.0,5601.0,1180.0,,16437.0,,,14906.0,1903885.0,60325.0,2263.0,8099.0,2470.0,63544.0,,5437.0,,,233510.0,782.0,,52.0,19103.0,,,,,28882.0,314062.0,21454.0,,,,368418.0,,,,,,1002.0,704.0,,11264.0,,6702.0,,16165.0,77418.0,3849.0,,40434.0,59132.0,,1756.0,40850.0,,,16365.0,5646.0,,,,,,53.0,4309292.0,639161.0,191985.0,42100.0,1406.0,,16953.0,2815.0,24022.0,6190.0,27245.0,84160.0,224.0,2111.0,,,,,,,,,4336.0,7187.0,20005.0,10862.0,1189.0,,,,62.0,,58521.0,80117.0,15511.0,1177.0,112957.0,115.0,83.0,10599.0,1345.0,212022.0,,,,,,4222.0,,,,110698.0,128803.0,169066.0,3944.0,,127916.0,2366.0,1015.0,17216.0,93620.0,687001.0,,,697.0,,6673.0,,,484989.0,,,2937.0,13594.0,7090.0,81316.0,126738.0,16797.0,6850.0,,,256.0,17287.0,62329.0,55540.0,69.0,171.0,242.0,,,297.0,,56320.0,,84.0,42496.0,697.0,,,,613.0,,,,,38626.0,,13091.0,24102.0,,,,83577.0,,3479.0,1004.0,1041.0,25871.0,,140671.0,98077.0,,21926.0,103.0,1221.0,26374.0,220127.0,,,104149.0,21730.0,952.0,12017.0,58926.0,,3207.0,,337.0,23368.0,123623.0,,93614.0,36940.0,31674.0
1977,163475.0,,140736.0,,,,,37032.0,,3578.0,1766.0,,156.0,379.0,690055.0,149.0,,2066.0,412.0,35080.0,3553.0,38530.0,,3287.0,390317.0,,3776.0,77119.0,44416.0,,64337.0,5306.0,1120.0,,16510.0,,48191.0,12763.0,1704814.0,57513.0,2273.0,8106.0,2144.0,63280.0,,4623.0,,,236098.0,722.0,,44.0,18511.0,,,,,27899.0,304374.0,20840.0,,,,376481.0,,,,,,993.0,662.0,,10658.0,,6759.0,,14897.0,76437.0,3659.0,,39994.0,58932.0,,1729.0,41058.0,,,16028.0,5080.0,,,,,,50.0,4252607.0,624669.0,187503.0,41067.0,1331.0,,15066.0,2721.0,21977.0,5957.0,27043.0,83983.0,229.0,2035.0,,,,,,,,,4257.0,7033.0,20305.0,10383.0,1174.0,,,,59.0,,60802.0,79604.0,14802.0,1141.0,111834.0,111.0,87.0,10602.0,1214.0,203992.0,,,,,,4179.0,,,,107704.0,131228.0,167651.0,4039.0,,127359.0,2213.0,953.0,16737.0,95023.0,686628.0,,,636.0,,6545.0,,,492140.0,,,2851.0,13525.0,7152.0,80413.0,129202.0,16710.0,6135.0,,,262.0,16328.0,61726.0,57679.0,66.0,158.0,224.0,,,306.0,40316.0,55196.0,,76.0,42727.0,644.0,,,,589.0,,,,,36234.0,,12495.0,23303.0,,,,85579.0,,3417.0,938.0,943.0,25330.0,18572.0,141654.0,92315.0,,21943.0,100.0,1217.0,24850.0,212907.0,,,109437.0,21357.0,969.0,11277.0,56322.0,,3046.0,,330.0,22984.0,122067.0,,92346.0,37976.0,32624.0
1978,161002.0,,135360.0,,,,,34762.0,,3320.0,1612.0,,157.0,370.0,687845.0,138.0,,1942.0,403.0,35124.0,3502.0,38029.0,,3213.0,383681.0,,3610.0,76234.0,44712.0,,65824.0,5025.0,1075.0,,16621.0,,49200.0,10935.0,1541577.0,54758.0,2285.0,8098.0,1889.0,63201.0,,3946.0,,,238456.0,669.0,,38.0,17971.0,,,,,26946.0,294848.0,20120.0,,,,384106.0,,,,,,979.0,624.0,,10104.0,,6811.0,,13830.0,75700.0,3439.0,,39521.0,58713.0,,1705.0,41412.0,,,15665.0,4625.0,,,,,,47.0,4190761.0,610630.0,182841.0,40103.0,1236.0,,13495.0,2644.0,20052.0,5738.0,26784.0,83667.0,235.0,1962.0,,,,,,,,,4159.0,6852.0,20617.0,9924.0,1149.0,,,,57.0,,62980.0,78786.0,14117.0,1113.0,110758.0,106.0,90.0,10558.0,1106.0,194994.0,,,,,,4142.0,,,,104526.0,133770.0,166040.0,4113.0,,126573.0,2084.0,896.0,16198.0,96407.0,687919.0,,,583.0,,6378.0,,,500008.0,,,2777.0,13458.0,7212.0,79573.0,131332.0,16598.0,5510.0,,,271.0,15670.0,61418.0,58361.0,63.0,147.0,204.0,,,315.0,39712.0,54113.0,,69.0,43040.0,617.0,,,,567.0,,,,,33954.0,,11415.0,22383.0,,,,87575.0,,3363.0,882.0,865.0,24757.0,18797.0,142942.0,86882.0,,21934.0,97.0,1215.0,23407.0,205504.0,,,114558.0,21023.0,981.0,10643.0,54109.0,,2808.0,,321.0,22538.0,120249.0,,90870.0,39226.0,33410.0
1979,157618.0,,128883.0,,,,,32259.0,,3119.0,1502.0,,158.0,362.0,684403.0,129.0,,1835.0,393.0,35308.0,3444.0,37543.0,,3135.0,375444.0,,3421.0,75767.0,44607.0,,66947.0,4757.0,1046.0,,16782.0,,50130.0,9571.0,1411585.0,52120.0,2294.0,8079.0,1724.0,63316.0,,3514.0,,,241293.0,623.0,,34.0,17484.0,,,,,26022.0,285609.0,19300.0,,19275.0,,391252.0,,,,,,959.0,589.0,,9631.0,,6860.0,,12924.0,75487.0,3197.0,,38946.0,58498.0,,1685.0,41864.0,,,15284.0,4259.0,,,,,,44.0,4129542.0,596838.0,178049.0,39214.0,1131.0,1758.0,12178.0,2578.0,18300.0,5542.0,26505.0,83286.0,242.0,1889.0,,,,,,,,,4041.0,6653.0,20974.0,9485.0,1113.0,,,,55.0,,65126.0,78023.0,13448.0,1094.0,109847.0,102.0,94.0,10495.0,1010.0,185235.0,,,,,,4132.0,,,,101292.0,136361.0,164491.0,4159.0,,125547.0,1979.0,847.0,15623.0,98139.0,690730.0,,,541.0,,6177.0,,,508333.0,,,2706.0,13400.0,7265.0,78630.0,133061.0,16445.0,4966.0,,,279.0,15173.0,61260.0,57545.0,60.0,138.0,184.0,,,325.0,39177.0,53201.0,,62.0,43343.0,606.0,,,,546.0,,99096.0,,,31753.0,,10175.0,21309.0,,,,89533.0,,3308.0,834.0,805.0,24163.0,19224.0,144578.0,81682.0,,21928.0,95.0,1213.0,22079.0,197830.0,,,119308.0,20673.0,987.0,10100.0,52279.0,,2525.0,,311.0,22063.0,118660.0,,89219.0,40517.0,33892.0
1980,153535.0,,120720.0,,,,,29773.0,,2973.0,1423.0,,160.0,355.0,679811.0,122.0,,1741.0,383.0,35619.0,3376.0,37056.0,,3053.0,365490.0,,3226.0,75704.0,44105.0,53879.0,67753.0,4504.0,1031.0,,17000.0,,51001.0,8634.0,1317533.0,49545.0,2301.0,8025.0,1639.0,63627.0,,3288.0,,,244051.0,584.0,,32.0,17024.0,,,,,25071.0,276450.0,18375.0,,19513.0,,397630.0,,,,,,933.0,558.0,,9245.0,,6890.0,5357.0,12143.0,75747.0,2947.0,,38288.0,58304.0,,1668.0,42339.0,,,14882.0,3890.0,,,,,,41.0,4069383.0,582808.0,172979.0,38401.0,1030.0,1675.0,11061.0,2526.0,16729.0,5368.0,26150.0,83675.0,249.0,1810.0,10706.0,,,,,,,,3907.0,6448.0,21317.0,9060.0,1074.0,,,,54.0,,67445.0,77506.0,12808.0,1081.0,109058.0,97.0,97.0,10442.0,917.0,174973.0,,,,,,4113.0,,,,97899.0,139185.0,162923.0,4173.0,,124197.0,1898.0,806.0,15019.0,100440.0,696262.0,,,514.0,,5940.0,,,517151.0,,5342.0,2631.0,13342.0,7303.0,77433.0,134412.0,16231.0,4493.0,,,287.0,14524.0,61163.0,55725.0,57.0,131.0,166.0,,,336.0,38617.0,52535.0,,56.0,43724.0,594.0,,,,529.0,,95730.0,,,29539.0,,8991.0,20076.0,,,,91456.0,,3244.0,796.0,761.0,23546.0,19777.0,146935.0,76739.0,,21938.0,93.0,1213.0,20874.0,190012.0,,12.0,123866.0,20233.0,987.0,9626.0,50776.0,,2244.0,,300.0,21558.0,117165.0,,87228.0,41922.0,33936.0
1981,148534.0,,110325.0,,,,,27451.0,5272.0,2873.0,1357.0,,163.0,350.0,674393.0,115.0,,1657.0,372.0,36051.0,3312.0,36556.0,,2959.0,353956.0,,3044.0,75887.0,43360.0,49084.0,68093.0,4270.0,1028.0,,17272.0,,51831.0,7897.0,1260144.0,47061.0,2304.0,7975.0,1627.0,64099.0,,3197.0,,,246790.0,553.0,2072.0,30.0,16586.0,,,,,24090.0,267045.0,17371.0,,19764.0,,403378.0,,,,,,903.0,531.0,,8940.0,,6910.0,5261.0,11461.0,76336.0,2704.0,,37543.0,58232.0,,1652.0,42750.0,,,14462.0,3512.0,,,,,,39.0,4013941.0,567906.0,167702.0,37655.0,941.0,1605.0,10088.0,2477.0,15335.0,5215.0,25757.0,83667.0,254.0,1715.0,10592.0,,,,,,,,3758.0,6245.0,21685.0,8666.0,1044.0,,,,53.0,,70045.0,77658.0,12188.0,1074.0,108220.0,92.0,100.0,10384.0,825.0,165041.0,,,,,,4090.0,,,,94336.0,141661.0,161326.0,4160.0,,122704.0,1841.0,775.0,14421.0,103534.0,704020.0,,,500.0,,5668.0,,,526530.0,,5134.0,2555.0,13268.0,7307.0,75934.0,135484.0,15943.0,4078.0,,,294.0,13635.0,61162.0,53395.0,54.0,124.0,150.0,,,349.0,37972.0,52076.0,,51.0,44176.0,573.0,,,,514.0,,92363.0,,,27255.0,,7965.0,18653.0,,,,93364.0,,3169.0,768.0,728.0,22887.0,20450.0,150208.0,72080.0,,21950.0,91.0,1207.0,19783.0,181825.0,,12.0,126817.0,19692.0,981.0,9222.0,49553.0,,2006.0,,286.0,21033.0,115908.0,,85049.0,43399.0,33389.0
1982,143112.0,,98095.0,,,,,25396.0,5208.0,2809.0,1294.0,,165.0,346.0,667217.0,110.0,,1578.0,361.0,36512.0,3247.0,36017.0,,2863.0,341214.0,,2880.0,76220.0,42456.0,45693.0,68040.0,4059.0,1032.0,,17587.0,,52620.0,7207.0,1237822.0,44672.0,2302.0,7916.0,1666.0,64767.0,,3184.0,,,249458.0,531.0,2129.0,29.0,16156.0,,,,,23083.0,256843.0,16312.0,,20033.0,,408354.0,,,,,,871.0,509.0,,8680.0,,6920.0,5167.0,10860.0,77082.0,2486.0,,36675.0,58281.0,,1634.0,42984.0,,,14036.0,3212.0,,,,,,37.0,3962184.0,551991.0,162483.0,37031.0,865.0,1542.0,9214.0,2429.0,14101.0,5079.0,25345.0,83869.0,259.0,1609.0,10465.0,,,,,,,,3591.0,6038.0,22044.0,8288.0,1029.0,,,,52.0,,72640.0,78874.0,11600.0,1069.0,107194.0,87.0,102.0,10309.0,737.0,155809.0,,,,,,4030.0,,,,90517.0,143507.0,159282.0,4121.0,,121022.0,1804.0,753.0,13830.0,107412.0,715600.0,,,497.0,,5366.0,,,536377.0,,4938.0,2478.0,13192.0,7284.0,74051.0,136259.0,15559.0,3707.0,,,298.0,12738.0,61220.0,51250.0,51.0,118.0,135.0,,,362.0,37250.0,51668.0,,46.0,44707.0,548.0,,,,502.0,,89080.0,,,24904.0,,7129.0,17050.0,,,,95221.0,,3080.0,751.0,706.0,22217.0,21176.0,154136.0,67663.0,,21992.0,89.0,1193.0,18800.0,173147.0,11914.0,13.0,128344.0,19033.0,972.0,8903.0,48593.0,,1828.0,,272.0,20565.0,114971.0,,82847.0,45025.0,32426.0
1983,137143.0,4641.0,85376.0,,,,,23669.0,5130.0,2767.0,1231.0,,167.0,342.0,658165.0,105.0,,1506.0,349.0,36944.0,3188.0,35427.0,,2758.0,327883.0,,2725.0,76520.0,41513.0,44010.0,67636.0,3879.0,1037.0,,17958.0,,53392.0,6634.0,1243391.0,42410.0,2296.0,7827.0,1725.0,65659.0,,3196.0,,,252683.0,518.0,2184.0,29.0,15736.0,,,,,22062.0,245664.0,15248.0,,20271.0,,412378.0,,,,,,839.0,491.0,,8427.0,3049.0,6915.0,5082.0,10331.0,77672.0,2286.0,,35721.0,58448.0,,1609.0,42981.0,,,13599.0,3045.0,,,,,,35.0,3910945.0,534586.0,157353.0,36482.0,799.0,1481.0,8432.0,2377.0,12986.0,4952.0,24922.0,84381.0,263.0,1499.0,10308.0,27113.0,,,,,,,3410.0,5839.0,22430.0,7918.0,1019.0,,,,50.0,,74911.0,81425.0,11041.0,1063.0,106021.0,83.0,104.0,10209.0,660.0,147617.0,,,,,,3941.0,,9795.0,,86471.0,144681.0,156808.0,4066.0,,119152.0,1780.0,737.0,13274.0,112002.0,730012.0,,,505.0,,5027.0,,,546425.0,,4760.0,2400.0,13112.0,7238.0,71721.0,136661.0,15026.0,3368.0,,,298.0,12028.0,61184.0,49784.0,47.0,113.0,121.0,,,377.0,36348.0,51118.0,,42.0,45313.0,527.0,,,,493.0,,85963.0,,,22492.0,,6458.0,15286.0,,,,96953.0,,2977.0,744.0,691.0,21536.0,21787.0,158397.0,63474.0,,22052.0,86.0,1173.0,17864.0,164249.0,11732.0,13.0,129064.0,18294.0,962.0,8679.0,47855.0,,1700.0,,257.0,20154.0,114279.0,,80774.0,46930.0,31248.0
1984,131060.0,4385.0,73300.0,,,,,22263.0,5040.0,2734.0,1168.0,,167.0,338.0,646458.0,101.0,,1444.0,337.0,37347.0,3131.0,34742.0,,2652.0,314113.0,,2569.0,76738.0,40800.0,43539.0,67076.0,3728.0,1038.0,,18354.0,,54210.0,6301.0,1271296.0,40306.0,2284.0,7743.0,1771.0,66715.0,,3188.0,210.0,,256135.0,514.0,2235.0,28.0,15316.0,,,,,21051.0,233168.0,14225.0,,20455.0,,416059.0,,,,,,806.0,477.0,,8178.0,3041.0,6908.0,5008.0,9860.0,77789.0,2092.0,,34688.0,58703.0,,1576.0,42749.0,,,13164.0,2953.0,,,,,,33.0,3858212.0,516112.0,151899.0,36016.0,739.0,1419.0,7741.0,2319.0,11990.0,4832.0,24479.0,85198.0,266.0,1393.0,10146.0,27092.0,,,,,727.0,,3222.0,5657.0,22831.0,7570.0,1005.0,,,,49.0,,76804.0,85101.0,10518.0,1052.0,104855.0,79.0,105.0,10077.0,605.0,140644.0,,,,,,3820.0,,9657.0,,82182.0,144992.0,153831.0,4002.0,,116983.0,1762.0,725.0,12737.0,116871.0,746698.0,,,517.0,,4681.0,,,556269.0,,4605.0,2324.0,13028.0,7163.0,69056.0,136457.0,14336.0,3059.0,,,295.0,11673.0,60814.0,48988.0,44.0,108.0,108.0,,,393.0,35273.0,50329.0,,39.0,45930.0,510.0,,,,486.0,,82854.0,,,20054.0,66647.0,5887.0,13487.0,,,,98534.0,,2863.0,745.0,681.0,20848.0,22204.0,162698.0,59496.0,,22130.0,84.0,1142.0,16966.0,155054.0,11554.0,13.0,129789.0,17483.0,946.0,8537.0,47293.0,,1617.0,55915.0,242.0,19802.0,113677.0,,79004.0,49190.0,30001.0
1985,125144.0,4149.0,62980.0,,119985.0,,,21191.0,4921.0,2697.0,1103.0,,166.0,335.0,632310.0,97.0,2877.0,1392.0,324.0,37720.0,3072.0,33970.0,,2542.0,300641.0,,2417.0,76840.0,40531.0,43580.0,66492.0,3605.0,1028.0,,18744.0,,55067.0,6226.0,1313949.0,38405.0,2266.0,7676.0,1775.0,67938.0,,3138.0,194.0,,259709.0,519.0,2286.0,28.0,14889.0,,,,,20110.0,220059.0,13268.0,,20554.0,452.0,419882.0,,,,,,773.0,467.0,,7942.0,3041.0,6894.0,4939.0,9429.0,77303.0,1900.0,,33621.0,59072.0,,1535.0,42261.0,,,12736.0,2829.0,,,,,,32.0,3800610.0,496495.0,145980.0,35625.0,687.0,1355.0,7152.0,2253.0,11109.0,4722.0,24003.0,86462.0,267.0,1297.0,9961.0,27090.0,,,,,695.0,,3032.0,5488.0,23296.0,7219.0,977.0,,,,47.0,,78179.0,89354.0,10024.0,1035.0,103779.0,76.0,106.0,9906.0,583.0,134755.0,,,,,,3675.0,,9482.0,,77765.0,144760.0,150421.0,3940.0,,114568.0,1745.0,715.0,12244.0,121714.0,765805.0,,,531.0,,4331.0,,,565475.0,,4475.0,2253.0,12952.0,7068.0,66172.0,135336.0,13543.0,2780.0,,,288.0,11815.0,59859.0,48546.0,41.0,104.0,97.0,,,409.0,33981.0,49153.0,,37.0,46566.0,497.0,,,,480.0,,79761.0,,,17706.0,67416.0,5392.0,11782.0,,,,99915.0,,2751.0,753.0,676.0,20149.0,22355.0,166382.0,55761.0,,22229.0,81.0,1104.0,16095.0,145816.0,11394.0,13.0,131350.0,16630.0,927.0,8449.0,46857.0,,1561.0,54301.0,228.0,19474.0,112841.0,,77643.0,51787.0,28911.0
1986,119680.0,3933.0,55112.0,,123247.0,,,20513.0,4769.0,2648.0,1036.0,,163.0,333.0,615771.0,93.0,2780.0,1346.0,311.0,38058.0,3004.0,33136.0,,2442.0,287247.0,,2279.0,76901.0,40818.0,43749.0,66077.0,3504.0,1002.0,,19129.0,,56008.0,6261.0,1363343.0,36699.0,2244.0,7634.0,1713.0,69382.0,1061.0,3038.0,181.0,1864.0,263802.0,529.0,2338.0,27.0,14461.0,,,,,19256.0,207120.0,12393.0,,20542.0,447.0,423678.0,,,,,,739.0,459.0,,7723.0,3049.0,6880.0,4864.0,9007.0,76270.0,1717.0,,32536.0,59627.0,,1488.0,41569.0,,,12326.0,2638.0,,,,,,31.0,3733150.0,476363.0,139138.0,35318.0,642.0,1296.0,6658.0,2183.0,10341.0,4628.0,23452.0,88234.0,266.0,1211.0,9742.0,27140.0,,,,,659.0,,2847.0,5337.0,23778.0,6886.0,924.0,,,,46.0,1885.0,79060.0,93489.0,9582.0,1012.0,102789.0,73.0,106.0,9729.0,593.0,129436.0,184.0,,,,,3498.0,,9241.0,,73377.0,144204.0,146604.0,3877.0,,111861.0,1724.0,705.0,11782.0,126149.0,785690.0,,,542.0,,3986.0,,,573338.0,,4368.0,2187.0,12894.0,6950.0,63197.0,133151.0,12735.0,2527.0,,,277.0,12375.0,58089.0,48261.0,38.0,100.0,88.0,,,425.0,32459.0,47652.0,,34.0,47223.0,487.0,1542.0,362.0,,477.0,,76761.0,,,15542.0,67847.0,4967.0,10288.0,,,,101188.0,,2647.0,766.0,674.0,19438.0,22246.0,169334.0,52242.0,,22328.0,78.0,1060.0,15266.0,136575.0,11253.0,14.0,133827.0,15777.0,906.0,8372.0,46487.0,,1509.0,52955.0,216.0,19100.0,111578.0,,76803.0,54521.0,28098.0
1987,114979.0,3735.0,49647.0,,126629.0,,,20261.0,4580.0,2586.0,971.0,19300.0,159.0,332.0,597003.0,88.0,2660.0,1305.0,297.0,38370.0,2921.0,32240.0,,2365.0,274111.0,97.0,2164.0,76991.0,41584.0,43976.0,66049.0,3418.0,967.0,,19507.0,,57003.0,6253.0,1405092.0,35215.0,2220.0,7660.0,1609.0,71042.0,965.0,2894.0,172.0,1776.0,268178.0,540.0,2390.0,27.0,14033.0,,,,,18485.0,195086.0,11613.0,2796.0,20386.0,438.0,428010.0,,,,,,708.0,453.0,,7506.0,3068.0,6866.0,4780.0,8571.0,74757.0,1543.0,,31472.0,60343.0,,1437.0,40731.0,,,11932.0,2451.0,,,,,,30.0,3658113.0,455702.0,131444.0,35071.0,602.0,1249.0,6255.0,2110.0,9689.0,4553.0,22789.0,90525.0,263.0,1127.0,9516.0,27183.0,,,,,631.0,,2669.0,5209.0,24246.0,6530.0,857.0,,,,44.0,1792.0,79335.0,96921.0,9190.0,981.0,101993.0,70.0,106.0,9568.0,603.0,124489.0,184.0,,,,,3299.0,,8922.0,,69156.0,143601.0,142373.0,3825.0,,108922.0,1697.0,693.0,11331.0,129813.0,805188.0,,,547.0,,3653.0,,,579519.0,,4285.0,2126.0,12845.0,6813.0,60281.0,129703.0,11980.0,2296.0,,,264.0,12786.0,55436.0,47974.0,35.0,97.0,80.0,,,441.0,30788.0,46145.0,,33.0,47871.0,475.0,1450.0,330.0,,475.0,,73832.0,,,13697.0,67938.0,4601.0,9121.0,,,,102443.0,,2555.0,781.0,673.0,18713.0,21927.0,171744.0,48937.0,,22422.0,75.0,1010.0,14472.0,127588.0,11125.0,14.0,137312.0,14943.0,881.0,8242.0,46092.0,,1449.0,51881.0,206.0,18659.0,109746.0,,76357.0,57173.0,27647.0
1988,111142.0,3546.0,45851.0,,130163.0,,,20285.0,6618.0,2511.0,916.0,19402.0,154.0,332.0,576535.0,84.0,2527.0,1266.0,282.0,38623.0,2821.0,31305.0,,2320.0,261007.0,97.0,2080.0,77389.0,42830.0,44107.0,66597.0,3339.0,928.0,,19883.0,,58087.0,6137.0,1429787.0,33918.0,2191.0,7733.0,1509.0,72952.0,873.0,2721.0,167.0,1693.0,272917.0,548.0,2440.0,26.0,13602.0,,,,,17778.0,183896.0,10918.0,2886.0,20045.0,425.0,432096.0,,,,,,677.0,447.0,,7284.0,3091.0,6857.0,4679.0,8116.0,72970.0,1391.0,,30463.0,61144.0,,1385.0,39788.0,,,11561.0,2318.0,,,,,,29.0,3574204.0,434668.0,123059.0,34924.0,564.0,1210.0,5928.0,2037.0,9155.0,4502.0,22042.0,93414.0,258.0,1035.0,9295.0,27192.0,,,,,617.0,,2504.0,5112.0,24637.0,6171.0,808.0,,,,43.0,1632.0,79142.0,99049.0,8849.0,944.0,101423.0,67.0,105.0,9463.0,584.0,119612.0,182.0,,,,,3100.0,,8529.0,,65176.0,143235.0,137922.0,3788.0,,105706.0,1665.0,676.0,10872.0,132703.0,823817.0,,,542.0,,3335.0,,,583867.0,,4222.0,2070.0,12813.0,6665.0,57575.0,125331.0,11282.0,2084.0,,,250.0,12447.0,52163.0,47698.0,33.0,93.0,74.0,,,456.0,29041.0,44858.0,,31.0,48496.0,458.0,1363.0,299.0,,473.0,59689.0,71100.0,,,12217.0,67693.0,4288.0,8341.0,,,,103697.0,552.0,2485.0,796.0,671.0,17981.0,21582.0,173715.0,45823.0,,22494.0,72.0,958.0,13701.0,119059.0,11004.0,14.0,141333.0,14149.0,853.0,8011.0,45604.0,,1390.0,51107.0,198.0,18119.0,107222.0,,76176.0,59721.0,27600.0
1989,108306.0,3359.0,43279.0,,133648.0,,,20376.0,4082.0,2421.0,874.0,19449.0,148.0,332.0,554783.0,79.0,2396.0,1230.0,268.0,38782.0,2707.0,30379.0,1347.0,2320.0,248073.0,98.0,2032.0,78254.0,44285.0,44181.0,67822.0,3260.0,890.0,,20269.0,,59231.0,5896.0,1429608.0,32774.0,2159.0,7895.0,1434.0,75036.0,787.0,2539.0,164.0,1623.0,278216.0,549.0,2489.0,26.0,13169.0,,,,,17102.0,173804.0,10298.0,2971.0,19522.0,408.0,435902.0,,,,,,648.0,439.0,,7035.0,3123.0,6847.0,4552.0,7636.0,71202.0,1263.0,73.0,29528.0,62049.0,,1335.0,38791.0,,,11213.0,2231.0,,,,,,28.0,3486769.0,413774.0,114258.0,34821.0,525.0,1178.0,5664.0,1962.0,8721.0,4479.0,21258.0,96784.0,252.0,934.0,9088.0,27125.0,,,,,618.0,,2355.0,5038.0,24867.0,5811.0,805.0,,,,42.0,1451.0,78713.0,99786.0,8552.0,901.0,101021.0,65.0,103.0,9411.0,543.0,114725.0,181.0,,,,,2918.0,,8082.0,184.0,61458.0,143167.0,133223.0,3763.0,,102272.0,1631.0,656.0,10411.0,134870.0,841476.0,,,525.0,,3033.0,,,585606.0,11.0,4179.0,2021.0,12804.0,6502.0,55050.0,120289.0,10629.0,1889.0,,,234.0,11474.0,48744.0,47637.0,31.0,90.0,69.0,172.0,3.0,469.0,27178.0,43988.0,4537.0,29.0,49091.0,436.0,1280.0,269.0,,471.0,60364.0,68583.0,,,11073.0,67110.0,4020.0,7889.0,,,,105009.0,541.0,2444.0,804.0,665.0,17246.0,21522.0,175699.0,42906.0,,22548.0,69.0,906.0,12936.0,111009.0,10914.0,14.0,145146.0,13455.0,824.0,7667.0,44951.0,,1339.0,50672.0,191.0,17512.0,103911.0,,76211.0,62018.0,28039.0
1990,106591.0,3176.0,41388.0,6.0,137266.0,35.0,631283.0,20366.0,3789.0,2317.0,840.0,19449.0,143.0,330.0,532193.0,75.0,2273.0,1193.0,254.0,38883.0,2577.0,29469.0,1201.0,2375.0,235338.0,100.0,2002.0,79566.0,45733.0,44063.0,69664.0,3172.0,861.0,5348.0,20660.0,30110.0,60456.0,5543.0,1398226.0,31710.0,2124.0,8136.0,1377.0,77268.0,712.0,2356.0,162.0,1557.0,283831.0,542.0,2530.0,26.0,12733.0,7008581.0,2322193.0,2282261.0,2300165.0,16430.0,164170.0,9736.0,3051.0,18827.0,387.0,438903.0,34077.0,387676.0,340192.0,329450.0,69455.0,620.0,427.0,1522308.0,6736.0,3156.0,6836.0,4400.0,7142.0,69586.0,1164.0,68.0,28660.0,62965.0,10158.0,1290.0,37752.0,2804154.0,189328.0,10883.0,2150.0,6949673.0,1.2408922E7,1729748.0,3729501.0,5459249.0,28.0,3399252.0,393137.0,105441.0,34815.0,485.0,1148.0,5436.0,1889.0,8365.0,4477.0,20469.0,100509.0,245.0,835.0,8924.0,26969.0,2074934.0,646505.0,643931.0,616184.0,634.0,3654584.0,2220.0,5004.0,24897.0,5460.0,842.0,1.2392461E7,2674029.0,7250204.0,41.0,1310.0,78266.0,99400.0,8276.0,854.0,100871.0,62.0,101.0,9410.0,504.0,109817.0,180.0,559311.0,523673.0,527825.0,9718432.0,2769.0,3.0,7587.0,171.0,58052.0,143564.0,128498.0,3752.0,11.0,98693.0,1591.0,631.0,9924.0,136419.0,857378.0,47239.0,17915.0,496.0,346156.0,2744.0,53615.0,2069.0,584832.0,11.0,4152.0,1976.0,12806.0,6334.0,52536.0,115103.0,10030.0,1711.0,135302.0,3362284.0,219.0,10354.0,45447.0,48160.0,30.0,87.0,65.0,166.0,3.0,483.0,25354.0,43683.0,4063.0,28.0,49602.0,409.0,1200.0,242.0,61032.0,469.0,60699.0,66530.0,4732653.0,4732653.0,10195.0,66137.0,3782.0,7661.0,3886212.0,3886212.0,3886184.0,106390.0,530.0,2436.0,798.0,653.0,16530.0,21835.0,178062.0,40193.0,5424.0,22572.0,66.0,856.0,12208.0,103561.0,10847.0,14.0,148077.0,12854.0,794.0,7233.0,44067.0,2468228.0,1297.0,50556.0,186.0,16920.0,99910.0,1.2581804E7,76382.0,64094.0,28980.0
1991,105919.0,2991.0,39757.0,6.0,140872.0,33.0,614863.0,20155.0,3467.0,2203.0,805.0,19369.0,138.0,325.0,509013.0,71.0,2164.0,1152.0,240.0,38877.0,2433.0,28572.0,1069.0,2491.0,222754.0,101.0,1957.0,81294.0,46963.0,43849.0,72065.0,3076.0,841.0,5143.0,21054.0,28198.0,61739.0,5127.0,1336847.0,30666.0,2087.0,8466.0,1333.0,79646.0,648.0,2180.0,158.0,1468.0,289866.0,526.0,2562.0,26.0,12289.0,6822960.0,2223423.0,2182233.0,2202562.0,15735.0,154535.0,9218.0,3123.0,17958.0,362.0,441002.0,32293.0,371131.0,326196.0,316075.0,65296.0,596.0,411.0,1528289.0,6379.0,3187.0,6815.0,4215.0,6655.0,68316.0,1091.0,62.0,27828.0,63775.0,10096.0,1250.0,36714.0,2827559.0,180985.0,10572.0,2050.0,6708089.0,1.2174971E7,1749207.0,3717675.0,5466882.0,27.0,3314393.0,372764.0,96858.0,34871.0,444.0,1115.0,5204.0,1818.0,8067.0,4488.0,19671.0,104517.0,238.0,877.0,8778.0,26682.0,1981958.0,618393.0,616004.0,588824.0,650.0,3646350.0,2097.0,5015.0,24689.0,5117.0,894.0,1.2162104E7,2690934.0,7116225.0,39.0,1220.0,78015.0,97993.0,8016.0,803.0,101141.0,59.0,99.0,9475.0,481.0,105068.0,180.0,532509.0,498954.0,503086.0,9471170.0,2663.0,3.0,7064.0,161.0,54835.0,144230.0,123946.0,3757.0,10.0,95095.0,1545.0,604.0,9412.0,137287.0,872553.0,46049.0,20340.0,462.0,328756.0,2469.0,53474.0,2017.0,581665.0,11.0,4132.0,1940.0,12847.0,6164.0,49872.0,110096.0,9473.0,1550.0,129477.0,3408000.0,204.0,9358.0,42366.0,49367.0,28.0,85.0,62.0,159.0,3.0,494.0,23611.0,43947.0,3691.0,27.0,50039.0,378.0,1121.0,217.0,60634.0,465.0,61003.0,65056.0,4616893.0,4616893.0,9497.0,64814.0,3557.0,7572.0,3934691.0,3934691.0,3934664.0,107821.0,519.0,2472.0,769.0,633.0,15855.0,22454.0,180663.0,37627.0,5390.0,22570.0,63.0,811.0,11459.0,96788.0,10820.0,14.0,150388.0,12337.0,763.0,6754.0,42973.0,2354945.0,1266.0,50536.0,182.0,16385.0,95088.0,1.2343103E7,76520.0,65979.0,30365.0
1992,106139.0,2803.0,38066.0,5.0,144370.0,31.0,598356.0,19676.0,3130.0,2087.0,763.0,19134.0,133.0,314.0,485555.0,67.0,2070.0,1102.0,228.0,38825.0,2283.0,27696.0,1105.0,2661.0,210369.0,102.0,1883.0,83286.0,47863.0,43651.0,74833.0,2974.0,827.0,4949.0,21470.0,26341.0,63121.0,4696.0,1250835.0,29599.0,2049.0,8873.0,1296.0,82183.0,596.0,2022.0,153.0,1351.0,296364.0,505.0,2584.0,25.0,11839.0,6638924.0,2101113.0,2058072.0,2081296.0,15020.0,144556.0,8718.0,3195.0,16935.0,334.0,441491.0,30433.0,355718.0,313485.0,303950.0,61147.0,572.0,391.0,1536621.0,5972.0,3222.0,6783.0,4002.0,6195.0,67515.0,1039.0,56.0,27032.0,64470.0,10009.0,1212.0,35686.0,2851676.0,171992.0,10273.0,1914.0,6445890.0,1.1919421E7,1767774.0,3705757.0,5473531.0,26.0,3231030.0,352842.0,88676.0,35000.0,408.0,1074.0,4937.0,1752.0,7797.0,4511.0,18880.0,108575.0,232.0,675.0,8589.0,26245.0,1864697.0,590179.0,587957.0,561623.0,647.0,3637093.0,1987.0,5081.0,24290.0,4793.0,933.0,1.1910865E7,2708147.0,6982918.0,38.0,1135.0,77836.0,96093.0,7771.0,748.0,101916.0,57.0,96.0,9585.0,470.0,100264.0,180.0,505748.0,474463.0,478578.0,9202718.0,2604.0,2.0,6529.0,154.0,51787.0,145069.0,119691.0,3780.0,10.0,91420.0,1493.0,577.0,8894.0,137471.0,887826.0,44655.0,23235.0,426.0,311684.0,2210.0,53484.0,1968.0,576720.0,11.0,4115.0,1914.0,12932.0,5993.0,47054.0,105589.0,8939.0,1406.0,123689.0,3454850.0,191.0,8508.0,39605.0,51094.0,27.0,82.0,60.0,154.0,3.0,504.0,21918.0,44651.0,3392.0,26.0,50323.0,349.0,1042.0,194.0,60401.0,460.0,61569.0,64372.0,4501408.0,4501408.0,8894.0,63208.0,3329.0,7513.0,3984036.0,3984036.0,3984010.0,109212.0,506.0,2563.0,717.0,607.0,15231.0,23263.0,183414.0,35227.0,5365.0,22559.0,61.0,770.0,10713.0,90631.0,10793.0,14.0,152371.0,11886.0,731.0,6301.0,41681.0,2219800.0,1242.0,50383.0,178.0,15947.0,89427.0,1.2082871E7,76559.0,67749.0,32084.0
1993,107279.0,2614.0,36225.0,5.0,147764.0,30.0,582218.0,18989.0,2790.0,1978.0,714.0,18686.0,128.0,298.0,462258.0,64.0,1976.0,1043.0,217.0,38802.0,2131.0,26824.0,1030.0,2851.0,198134.0,102.0,1789.0,85281.0,48285.0,43612.0,77727.0,2860.0,816.0,4771.0,21918.0,24450.0,64593.0,4290.0,1150197.0,28480.0,2014.0,9376.0,1261.0,84840.0,554.0,1898.0,146.0,1213.0,303193.0,481.0,2588.0,25.0,11377.0,6460601.0,1965667.0,1920593.0,1946850.0,14278.0,134396.0,8222.0,3271.0,15860.0,304.0,440587.0,28489.0,339979.0,300521.0,291600.0,57026.0,552.0,370.0,1546953.0,5531.0,3253.0,6747.0,3767.0,5780.0,67158.0,999.0,51.0,26246.0,64960.0,9914.0,1177.0,34639.0,2878519.0,162913.0,9985.0,1742.0,6173882.0,1.1654502E7,1784092.0,3696528.0,5480620.0,25.0,3149682.0,333643.0,81052.0,35206.0,382.0,1031.0,4643.0,1690.0,7532.0,4534.0,18008.0,112525.0,225.0,624.0,8324.0,25665.0,1732741.0,562116.0,560026.0,534735.0,614.0,3630008.0,1887.0,5215.0,23788.0,4503.0,917.0,1.1650614E7,2727671.0,6850431.0,37.0,1021.0,77797.0,94134.0,7534.0,688.0,103130.0,54.0,93.0,9746.0,470.0,95675.0,182.0,479499.0,450243.0,454334.0,8922943.0,2566.0,2.0,6005.0,149.0,48794.0,145770.0,115803.0,3830.0,10.0,87832.0,1440.0,552.0,8381.0,136905.0,902594.0,43147.0,26268.0,393.0,295209.0,1972.0,53635.0,1923.0,570171.0,11.0,4091.0,1897.0,13045.0,5834.0,44071.0,101750.0,8367.0,1279.0,117731.0,3501754.0,179.0,7810.0,37075.0,55666.0,27.0,78.0,58.0,148.0,3.0,511.0,20305.0,45703.0,3134.0,24.0,50433.0,323.0,965.0,175.0,60329.0,454.0,62699.0,64673.0,4387427.0,4387427.0,8319.0,61470.0,3096.0,7386.0,4035692.0,4035692.0,4035668.0,110397.0,492.0,2719.0,652.0,578.0,14677.0,23905.0,186064.0,32953.0,5333.0,22540.0,59.0,734.0,9963.0,85016.0,10728.0,13.0,154417.0,11473.0,702.0,5929.0,40287.0,2072512.0,1222.0,49739.0,176.0,15642.0,83130.0,1.1813541E7,76418.0,69279.0,33983.0
1994,109029.0,2416.0,34185.0,5.0,150902.0,29.0,566148.0,18214.0,2462.0,1880.0,659.0,17999.0,123.0,277.0,439256.0,62.0,1875.0,976.0,207.0,38848.0,1983.0,25963.0,830.0,3071.0,186232.0,101.0,1691.0,87009.0,48232.0,43668.0,80633.0,2737.0,799.0,4602.0,22417.0,22509.0,66086.0,3938.0,1047120.0,27331.0,1986.0,9969.0,1228.0,87508.0,520.0,1817.0,138.0,1066.0,310041.0,458.0,2575.0,24.0,10915.0,6310053.0,1829249.0,1782229.0,1811438.0,13507.0,124286.0,7727.0,3350.0,14756.0,273.0,438031.0,26535.0,323201.0,286458.0,278222.0,53025.0,534.0,348.0,1557702.0,5108.0,3278.0,6702.0,3517.0,5420.0,67137.0,965.0,47.0,25463.0,65215.0,9796.0,1143.0,33593.0,2930520.0,153880.0,9699.0,1563.0,5901903.0,1.1412099E7,1798026.0,3712170.0,5510196.0,24.0,3067781.0,315277.0,74065.0,35453.0,369.0,990.0,4342.0,1630.0,7251.0,4555.0,17018.0,116390.0,219.0,592.0,7979.0,24941.0,1598099.0,534465.0,532463.0,508282.0,563.0,3647758.0,1793.0,5411.0,23259.0,4239.0,820.0,1.1412926E7,2771559.0,6716236.0,35.0,889.0,77667.0,92465.0,7315.0,626.0,104716.0,52.0,91.0,9939.0,476.0,91226.0,184.0,453786.0,426441.0,430499.0,8641367.0,2526.0,2.0,5489.0,145.0,45863.0,145938.0,112331.0,3905.0,9.0,84284.0,1389.0,528.0,7876.0,135511.0,916650.0,41597.0,29220.0,365.0,279288.0,1761.0,53894.0,1883.0,562369.0,11.0,4058.0,1890.0,13193.0,5687.0,40969.0,98479.0,7716.0,1170.0,111710.0,3546247.0,169.0,7250.0,34642.0,87977.0,26.0,75.0,57.0,143.0,2.0,514.0,18772.0,46938.0,2875.0,23.0,50335.0,301.0,889.0,158.0,60379.0,448.0,64170.0,66075.0,4272497.0,4272497.0,7739.0,59636.0,2861.0,7169.0,4112011.0,4112011.0,4111988.0,111374.0,477.0,2939.0,586.0,549.0,14184.0,23967.0,188407.0,30819.0,5279.0,22500.0,56.0,702.0,9198.0,79827.0,10617.0,13.0,156710.0,11060.0,674.0,5640.0,38860.0,1925131.0,1199.0,48637.0,175.0,15389.0,76435.0,1.1566819E7,76045.0,70431.0,35889.0
1995,111197.0,2218.0,32109.0,4.0,153629.0,28.0,550386.0,17436.0,2159.0,1797.0,605.0,17038.0,116.0,254.0,416878.0,60.0,1765.0,906.0,199.0,39028.0,1841.0,25076.0,765.0,3308.0,174615.0,99.0,1593.0,88409.0,47737.0,43577.0,83373.0,2606.0,768.0,4437.0,22964.0,20597.0,67696.0,3654.0,948632.0,26159.0,1966.0,10652.0,1206.0,90054.0,494.0,1751.0,128.0,922.0,316598.0,437.0,2547.0,23.0,10464.0,6109581.0,1698666.0,1650375.0,1681877.0,12707.0,114632.0,7234.0,3430.0,13708.0,242.0,433970.0,24718.0,305546.0,271267.0,263801.0,49295.0,518.0,326.0,1567988.0,4748.0,3304.0,6647.0,3255.0,5113.0,67266.0,929.0,43.0,24696.0,65182.0,9656.0,1109.0,32554.0,2929684.0,145291.0,9411.0,1414.0,5636417.0,1.1118888E7,1807511.0,3674960.0,5482471.0,23.0,2983950.0,298009.0,67555.0,35746.0,367.0,955.0,4050.0,1571.0,6946.0,4568.0,15917.0,119903.0,213.0,576.0,7559.0,24109.0,1467506.0,507178.0,505251.0,482129.0,508.0,3612893.0,1704.0,5664.0,22768.0,4011.0,688.0,1.112379E7,2761416.0,6577755.0,34.0,763.0,77095.0,91225.0,7119.0,564.0,106506.0,49.0,90.0,10171.0,484.0,86867.0,186.0,429070.0,403482.0,407492.0,8362374.0,2464.0,2.0,5001.0,141.0,43000.0,145557.0,109308.0,4003.0,9.0,80698.0,1344.0,504.0,7389.0,133598.0,928443.0,40108.0,31513.0,343.0,264114.0,1574.0,54215.0,1850.0,553343.0,11.0,4010.0,1886.0,13369.0,5552.0,37834.0,95788.0,6972.0,1084.0,106066.0,3585236.0,161.0,6805.0,32325.0,71350.0,25.0,72.0,56.0,138.0,2.0,513.0,17361.0,48216.0,2570.0,22.0,50040.0,283.0,816.0,143.0,60502.0,443.0,65677.0,68485.0,4155381.0,4155381.0,7149.0,57842.0,2638.0,6910.0,4133132.0,4133132.0,4133110.0,112061.0,461.0,3202.0,524.0,523.0,13747.0,23325.0,190105.0,28805.0,5197.0,22461.0,55.0,674.0,8457.0,75019.0,10426.0,13.0,159278.0,10587.0,648.0,5416.0,37502.0,1784619.0,1170.0,47107.0,174.0,15080.0,69611.0,1.1269093E7,75406.0,71421.0,37697.0
1996,113492.0,2019.0,30120.0,4.0,155991.0,28.0,535275.0,16674.0,1889.0,1728.0,557.0,15902.0,109.0,232.0,395280.0,58.0,1648.0,840.0,192.0,39349.0,1710.0,24172.0,631.0,3534.0,163442.0,97.0,1500.0,89507.0,46926.0,43223.0,85871.0,2475.0,719.0,4277.0,23490.0,18772.0,69285.0,3445.0,861915.0,25013.0,1955.0,11384.0,1200.0,92283.0,471.0,1662.0,119.0,791.0,322605.0,419.0,2498.0,22.0,10043.0,5906579.0,1580842.0,1532435.0,1565091.0,11911.0,105920.0,6735.0,3507.0,12770.0,214.0,429380.0,23159.0,287570.0,255379.0,248765.0,45936.0,504.0,307.0,1575755.0,4473.0,3323.0,6581.0,2996.0,4852.0,67316.0,891.0,40.0,23937.0,64892.0,9498.0,1075.0,31507.0,2921819.0,137365.0,9116.0,1304.0,5384994.0,1.0827334E7,1811227.0,3631113.0,5442340.0,22.0,2897429.0,282157.0,61668.0,36036.0,371.0,926.0,3775.0,1511.0,6616.0,4565.0,14699.0,122998.0,207.0,569.0,7086.0,23174.0,1348536.0,480424.0,478595.0,456422.0,452.0,3571828.0,1617.0,5939.0,22355.0,3814.0,578.0,1.0835127E7,2742904.0,6434058.0,32.0,655.0,76051.0,90625.0,6922.0,502.0,108268.0,46.0,88.0,10406.0,488.0,82531.0,187.0,406017.0,382042.0,385988.0,8092223.0,2364.0,2.0,4541.0,138.0,40285.0,144178.0,106735.0,4111.0,9.0,77085.0,1306.0,482.0,6922.0,131515.0,936889.0,38756.0,32667.0,326.0,249701.0,1414.0,54479.0,1818.0,543291.0,11.0,3946.0,1885.0,13560.0,5424.0,34756.0,93515.0,6143.0,1019.0,100763.0,3615931.0,155.0,6441.0,30341.0,52571.0,24.0,68.0,55.0,134.0,2.0,508.0,16061.0,49365.0,2233.0,22.0,49621.0,267.0,747.0,131.0,60574.0,439.0,67183.0,71694.0,4035431.0,4035431.0,6550.0,56181.0,2449.0,6642.0,4143452.0,4143452.0,4143430.0,112354.0,444.0,3482.0,473.0,500.0,13350.0,22241.0,190753.0,26871.0,5077.0,22431.0,53.0,651.0,7746.0,70460.0,10151.0,13.0,161765.0,10062.0,626.0,5235.0,36281.0,1658165.0,1128.0,45309.0,173.0,14644.0,62927.0,1.0972503E7,74423.0,72494.0,39039.0
1997,115839.0,1824.0,28325.0,4.0,157704.0,27.0,520950.0,15954.0,1661.0,1669.0,517.0,14619.0,103.0,214.0,374405.0,57.0,1527.0,783.0,186.0,39721.0,1585.0,23232.0,572.0,3744.0,152808.0,94.0,1412.0,90338.0,45830.0,42442.0,88030.0,2352.0,656.0,4126.0,24012.0,17046.0,70788.0,3307.0,786179.0,23924.0,1955.0,12146.0,1192.0,94057.0,450.0,1537.0,109.0,681.0,327383.0,402.0,2443.0,21.0,9655.0,5727317.0,1475294.0,1428077.0,1460578.0,11115.0,98308.0,6244.0,3578.0,11968.0,191.0,424006.0,21888.0,269782.0,239308.0,233552.0,42944.0,491.0,289.0,1579674.0,4280.0,3336.0,6518.0,2741.0,4625.0,67113.0,849.0,37.0,23198.0,64203.0,9333.0,1039.0,30436.0,2932128.0,130257.0,8818.0,1216.0,5146944.0,1.056056E7,1807840.0,3605776.0,5413616.0,21.0,2807772.0,267942.0,56271.0,36268.0,381.0,905.0,3525.0,1452.0,6274.0,4540.0,13435.0,125319.0,201.0,566.0,6607.0,22193.0,1241083.0,454347.0,452650.0,431284.0,398.0,3549499.0,1527.0,6226.0,21964.0,3644.0,505.0,1.0569786E7,2741449.0,6283480.0,31.0,570.0,74469.0,89962.0,6648.0,442.0,109848.0,44.0,88.0,10659.0,480.0,78164.0,187.0,384629.0,362129.0,365997.0,7828337.0,2215.0,2.0,4111.0,134.0,37797.0,141870.0,104540.0,4225.0,9.0,73384.0,1278.0,461.0,6466.0,129933.0,941513.0,37595.0,32511.0,313.0,236034.0,1271.0,54667.0,1816.0,531900.0,10.0,3868.0,1881.0,13765.0,5298.0,31798.0,91700.0,5306.0,966.0,95982.0,3634990.0,151.0,6081.0,28786.0,59433.0,24.0,65.0,53.0,130.0,2.0,499.0,14872.0,50207.0,1943.0,21.0,49111.0,251.0,685.0,121.0,60609.0,437.0,68678.0,75307.0,3911706.0,3911706.0,5957.0,54604.0,2311.0,6379.0,4166690.0,4166690.0,4166669.0,112249.0,427.0,3748.0,434.0,481.0,12962.0,20938.0,190030.0,25050.0,4918.0,22426.0,52.0,635.0,7065.0,66039.0,9820.0,12.0,163879.0,9468.0,609.0,5074.0,35243.0,1544857.0,1075.0,43160.0,199.0,14119.0,56773.0,1.0700054E7,72979.0,73680.0,39931.0
1998,117985.0,1637.0,26779.0,4.0,158806.0,26.0,507533.0,15289.0,1474.0,1619.0,487.0,13267.0,96.0,199.0,354326.0,57.0,1403.0,737.0,180.0,39982.0,1470.0,22261.0,517.0,3924.0,142704.0,91.0,1327.0,91005.0,44543.0,41224.0,89689.0,2245.0,585.0,3977.0,24476.0,15446.0,72158.0,3196.0,719318.0,22935.0,1962.0,12856.0,1155.0,95282.0,428.0,1403.0,100.0,594.0,330823.0,387.0,2382.0,20.0,9316.0,5550566.0,1379892.0,1335209.0,1366163.0,10373.0,91781.0,5766.0,3640.0,11288.0,171.0,417786.0,20850.0,252476.0,223434.0,218428.0,40288.0,480.0,274.0,1578946.0,4158.0,3345.0,6453.0,2493.0,4418.0,66622.0,803.0,35.0,22472.0,63176.0,9158.0,1000.0,29391.0,2935775.0,124079.0,12319.0,1138.0,4921146.0,1.0292687E7,1797388.0,3574153.0,5371541.0,20.0,2715473.0,255592.0,51400.0,36476.0,391.0,889.0,3305.0,1394.0,5933.0,4497.0,12241.0,126548.0,194.0,564.0,6139.0,21190.0,1143271.0,433874.0,432318.0,411672.0,347.0,3516538.0,1436.0,6497.0,21555.0,3499.0,454.0,1.030175E7,2728049.0,6131082.0,29.0,509.0,72342.0,88720.0,6244.0,386.0,111005.0,41.0,88.0,10899.0,453.0,73814.0,185.0,365051.0,343858.0,347640.0,7573701.0,2027.0,2.0,3710.0,130.0,35570.0,138894.0,102638.0,4331.0,8.0,69604.0,1255.0,443.0,6866.0,128626.0,942539.0,36668.0,30964.0,303.0,223233.0,1144.0,54700.0,1761.0,519442.0,10.0,3782.0,1874.0,13953.0,5167.0,29019.0,90241.0,4578.0,918.0,91715.0,3639621.0,148.0,5668.0,27544.0,65116.0,22.0,61.0,52.0,125.0,2.0,488.0,13831.0,50568.0,1739.0,21.0,48593.0,234.0,629.0,112.0,60438.0,436.0,70158.0,79082.0,3784813.0,3784813.0,5399.0,52969.0,2221.0,6127.0,4173055.0,4173055.0,4173034.0,111793.0,411.0,3986.0,406.0,465.0,12572.0,19504.0,187735.0,23331.0,4717.0,22431.0,50.0,623.0,6446.0,61760.0,9430.0,12.0,165111.0,8841.0,595.0,4912.0,34423.0,1442619.0,1019.0,40778.0,173.0,13558.0,51290.0,1.0425839E7,71020.0,74660.0,40376.0
1999,119793.0,1463.0,25526.0,4.0,159275.0,26.0,494924.0,14692.0,1326.0,1574.0,465.0,11966.0,91.0,189.0,334826.0,57.0,1277.0,700.0,176.0,40127.0,1364.0,21272.0,468.0,4051.0,132857.0,88.0,1243.0,91632.0,43228.0,39257.0,90746.0,2160.0,514.0,3838.0,24919.0,14068.0,73469.0,3048.0,659889.0,22046.0,1977.0,13420.0,1081.0,95874.0,406.0,1284.0,91.0,531.0,333336.0,374.0,2321.0,19.0,9023.0,5351912.0,1293329.0,1252264.0,1280528.0,9705.0,86329.0,5312.0,3690.0,10750.0,154.0,410373.0,19993.0,236050.0,208215.0,203787.0,38022.0,469.0,260.0,1574061.0,4080.0,3344.0,6386.0,2263.0,4232.0,65799.0,755.0,33.0,21786.0,61800.0,8982.0,960.0,28354.0,2903304.0,118773.0,8200.0,1063.0,4710361.0,9998342.0,1781233.0,3506748.0,5287981.0,18.0,2621809.0,244993.0,47054.0,36611.0,400.0,874.0,3119.0,1336.0,5605.0,4440.0,11196.0,126587.0,188.0,561.0,5695.0,20204.0,1054063.0,407991.0,406559.0,386611.0,306.0,3457427.0,1346.0,6726.0,21082.0,3372.0,411.0,1.00059E7,2688719.0,5964309.0,27.0,464.0,69918.0,86524.0,5750.0,334.0,111428.0,38.0,87.0,11136.0,416.0,69595.0,180.0,347344.0,327304.0,330995.0,7317181.0,1805.0,2.0,3346.0,125.0,33606.0,135645.0,100986.0,4425.0,8.0,65732.0,1237.0,426.0,5618.0,127616.0,940858.0,35959.0,28273.0,293.0,211354.0,1032.0,54547.0,1730.0,506402.0,9.0,3691.0,1859.0,14143.0,5026.0,26481.0,89048.0,4022.0,868.0,87956.0,3630105.0,145.0,5247.0,26482.0,55036.0,21.0,58.0,51.0,121.0,2.0,474.0,12923.0,50344.0,1604.0,21.0,48142.0,215.0,581.0,104.0,60115.0,436.0,71623.0,82787.0,3656159.0,3656159.0,4884.0,51381.0,2165.0,5899.0,4147841.0,4147841.0,4147820.0,110810.0,394.0,4187.0,389.0,450.0,12171.0,17993.0,183940.0,21717.0,4485.0,22456.0,49.0,616.0,5880.0,57631.0,9028.0,11.0,165169.0,8217.0,587.0,4754.0,33799.0,1352872.0,970.0,38294.0,172.0,15944.0,46716.0,1.0124682E7,68648.0,74946.0,40472.0
2000,121086.0,1300.0,24551.0,4.0,159215.0,25.0,483447.0,14155.0,1214.0,1538.0,449.0,10781.0,87.0,182.0,315996.0,57.0,1159.0,671.0,172.0,40084.0,1266.0,20266.0,425.0,4133.0,123371.0,86.0,1165.0,92092.0,42007.0,36349.0,91254.0,2100.0,452.0,3702.0,25282.0,12983.0,74653.0,2847.0,606034.0,21248.0,1998.0,13777.0,998.0,95909.0,382.0,1191.0,84.0,488.0,334669.0,363.0,2263.0,18.0,8782.0,5160755.0,1213510.0,1176710.0,1201547.0,9118.0,81811.0,4890.0,3731.0,10345.0,141.0,401126.0,19265.0,220863.0,194062.0,190062.0,36165.0,459.0,249.0,1565122.0,4014.0,3337.0,6310.0,2053.0,4059.0,64766.0,706.0,32.0,21103.0,60100.0,8809.0,919.0,27381.0,2870439.0,114260.0,7889.0,989.0,4503650.0,9703820.0,1760799.0,3439371.0,5200170.0,17.0,2526532.0,235959.0,43270.0,36689.0,403.0,859.0,2965.0,1278.0,5299.0,4371.0,10353.0,125387.0,183.0,557.0,5305.0,19268.0,972290.0,382112.0,380777.0,361542.0,279.0,3393826.0,1253.0,6901.0,20515.0,3264.0,375.0,9709003.0,2646328.0,5797352.0,26.0,428.0,67364.0,83020.0,5241.0,287.0,110993.0,36.0,86.0,11386.0,376.0,65525.0,174.0,331593.0,312546.0,316148.0,7062675.0,1572.0,2.0,3021.0,120.0,31873.0,132143.0,99383.0,4499.0,8.0,61795.0,1219.0,413.0,5243.0,126406.0,936690.0,35460.0,24846.0,283.0,200331.0,936.0,54241.0,1703.0,493562.0,9.0,3602.0,1839.0,14301.0,4877.0,24203.0,87979.0,3618.0,814.0,84732.0,3604869.0,144.0,4907.0,25510.0,53354.0,20.0,55.0,49.0,117.0,2.0,457.0,12146.0,49367.0,1505.0,21.0,47851.0,197.0,541.0,98.0,59646.0,436.0,73082.0,86309.0,3526237.0,3526237.0,4421.0,49884.0,2136.0,5713.0,4113488.0,4113488.0,4113467.0,109553.0,378.0,4354.0,379.0,436.0,11763.0,16489.0,178761.0,20219.0,4235.0,22486.0,48.0,612.0,5385.0,53642.0,8648.0,11.0,163670.0,7636.0,585.0,4609.0,33360.0,1265323.0,928.0,35850.0,172.0,12556.0,43018.0,9823271.0,66053.0,74066.0,40544.0
2001,121829.0,1153.0,23772.0,4.0,158486.0,24.0,472997.0,13669.0,1134.0,1511.0,435.0,9738.0,84.0,179.0,297835.0,57.0,1055.0,648.0,168.0,39884.0,1176.0,19266.0,390.0,4100.0,114069.0,84.0,1101.0,92367.0,40889.0,32762.0,91258.0,2065.0,403.0,3577.0,25559.0,12183.0,75817.0,2650.0,556222.0,20530.0,2024.0,13903.0,928.0,95388.0,358.0,1129.0,77.0,463.0,334927.0,354.0,2208.0,17.0,8585.0,4972116.0,1139099.0,1106657.0,1127884.0,8606.0,77994.0,4497.0,3770.0,10050.0,130.0,389664.0,18605.0,207102.0,181219.0,177530.0,34666.0,450.0,240.0,1552723.0,3939.0,3326.0,6234.0,1869.0,3897.0,63636.0,660.0,30.0,20426.0,58174.0,8617.0,877.0,26471.0,2823633.0,110457.0,7573.0,917.0,4307518.0,9404155.0,1737908.0,3358729.0,5096637.0,16.0,2430062.0,228177.0,40100.0,36773.0,399.0,844.0,2835.0,1224.0,5021.0,4298.0,9744.0,122852.0,178.0,555.0,4971.0,18396.0,896946.0,360330.0,359060.0,340509.0,262.0,3316772.0,1156.0,7012.0,19829.0,3172.0,344.0,9406637.0,2593165.0,5626600.0,24.0,397.0,64785.0,78381.0,4775.0,246.0,109806.0,33.0,85.0,11625.0,341.0,61630.0,167.0,317750.0,299559.0,303075.0,6813472.0,1350.0,2.0,2741.0,114.0,30387.0,128778.0,97611.0,4533.0,7.0,57913.0,1197.0,403.0,4900.0,124698.0,930835.0,35153.0,21236.0,272.0,190101.0,856.0,53679.0,1678.0,481739.0,9.0,3516.0,1810.0,14442.0,4724.0,22189.0,86814.0,3331.0,754.0,82049.0,3565389.0,143.0,4677.0,24544.0,50493.0,19.0,52.0,48.0,113.0,1.0,439.0,11477.0,47695.0,1417.0,21.0,47641.0,180.0,508.0,92.0,58934.0,439.0,74557.0,89381.0,3396375.0,3396375.0,4007.0,48377.0,2131.0,5575.0,4061285.0,4061285.0,4061264.0,108018.0,363.0,4470.0,374.0,422.0,11358.0,15063.0,172673.0,18852.0,3982.0,22508.0,48.0,614.0,4958.0,49752.0,8323.0,11.0,160824.0,7143.0,588.0,4486.0,33088.0,1186872.0,894.0,33595.0,171.0,12207.0,40205.0,9517102.0,63383.0,71576.0,40661.0
2002,121872.0,1020.0,23166.0,4.0,157073.0,23.0,463501.0,13214.0,1078.0,1497.0,422.0,8847.0,82.0,177.0,280208.0,57.0,969.0,629.0,165.0,39576.0,1093.0,18278.0,362.0,3996.0,105094.0,82.0,1049.0,92316.0,39957.0,29240.0,91036.0,2051.0,366.0,3461.0,25780.0,11595.0,76927.0,2504.0,509908.0,19855.0,2058.0,13794.0,873.0,94539.0,336.0,1092.0,71.0,451.0,334626.0,345.0,2149.0,16.0,8415.0,4786693.0,1069855.0,1041394.0,1059296.0,8174.0,74776.0,4138.0,3798.0,9835.0,121.0,375752.0,17993.0,194906.0,169836.0,166371.0,33442.0,445.0,233.0,1538063.0,3849.0,3314.0,6157.0,1712.0,3742.0,62615.0,619.0,29.0,19724.0,56158.0,8423.0,835.0,25665.0,2766608.0,107271.0,7243.0,853.0,4119651.0,9102810.0,1714120.0,3269039.0,4983159.0,15.0,2334241.0,221077.0,37442.0,36897.0,388.0,827.0,2722.0,1176.0,4779.0,4230.0,9342.0,119454.0,176.0,555.0,4702.0,17594.0,827769.0,339856.0,338625.0,320698.0,250.0,3229987.0,1056.0,7072.0,19046.0,3090.0,318.0,9102738.0,2532948.0,5455519.0,23.0,374.0,62228.0,73321.0,4396.0,212.0,107959.0,31.0,84.0,11854.0,316.0,57977.0,159.0,305597.0,288141.0,291581.0,6569790.0,1161.0,2.0,2507.0,108.0,29060.0,125635.0,95464.0,4539.0,7.0,54099.0,1168.0,397.0,4590.0,122261.0,923014.0,34981.0,17910.0,261.0,180796.0,792.0,52970.0,1659.0,471762.0,8.0,3440.0,1777.0,14544.0,4573.0,20436.0,85521.0,3129.0,691.0,79857.0,3515121.0,143.0,4518.0,23529.0,47125.0,17.0,49.0,47.0,109.0,1.0,420.0,10893.0,45595.0,1315.0,22.0,47494.0,165.0,483.0,87.0,58090.0,443.0,76074.0,92167.0,3268962.0,3268962.0,3631.0,47060.0,2146.0,5475.0,3995852.0,3995852.0,3995830.0,106218.0,348.0,4546.0,373.0,408.0,10960.0,13770.0,166295.0,17596.0,3740.0,22519.0,47.0,617.0,4598.0,46082.0,8069.0,10.0,156788.0,6753.0,598.0,4395.0,32930.0,1114271.0,867.0,31611.0,171.0,11906.0,38148.0,9210016.0,60717.0,67744.0,40990.0
2003,121272.0,901.0,22740.0,3.0,155007.0,22.0,455075.0,12795.0,1035.0,1497.0,408.0,8122.0,80.0,177.0,262986.0,57.0,898.0,615.0,162.0,39219.0,1018.0,17305.0,342.0,3868.0,96583.0,79.0,1003.0,91749.0,39159.0,26305.0,90721.0,2054.0,342.0,3359.0,25954.0,11138.0,77899.0,2408.0,466569.0,19206.0,2086.0,13473.0,827.0,93480.0,316.0,1058.0,66.0,445.0,333639.0,336.0,2091.0,16.0,8274.0,4605069.0,1005638.0,980355.0,995653.0,7804.0,72054.0,3812.0,3827.0,9676.0,113.0,359905.0,17407.0,184195.0,159861.0,156554.0,32389.0,442.0,228.0,1521175.0,3746.0,3301.0,6075.0,1579.0,3593.0,61837.0,583.0,28.0,19007.0,54183.0,8224.0,794.0,24952.0,2703434.0,104579.0,6918.0,799.0,3938068.0,8803535.0,1690723.0,3174744.0,4865467.0,15.0,2239040.0,214366.0,35255.0,37058.0,372.0,808.0,2624.0,1134.0,4573.0,4172.0,9100.0,115386.0,174.0,557.0,4499.0,16883.0,764481.0,320786.0,319591.0,302203.0,241.0,3137611.0,958.0,7096.0,18185.0,3004.0,299.0,8801485.0,2468676.0,5286568.0,21.0,358.0,59807.0,68477.0,4129.0,183.0,105614.0,29.0,82.0,12061.0,300.0,54655.0,151.0,295070.0,278255.0,281624.0,6332809.0,1013.0,2.0,2317.0,101.0,27866.0,122643.0,92852.0,4518.0,7.0,50425.0,1130.0,393.0,4312.0,119088.0,913777.0,34902.0,15306.0,251.0,172380.0,745.0,52192.0,1647.0,464013.0,8.0,3369.0,1745.0,14642.0,4434.0,18889.0,83973.0,2991.0,627.0,78057.0,3457911.0,144.0,4383.0,22468.0,43534.0,16.0,47.0,46.0,107.0,1.0,401.0,10373.0,43336.0,1186.0,22.0,47351.0,154.0,464.0,84.0,57198.0,448.0,77656.0,93959.0,3144333.0,3144333.0,3281.0,45857.0,2164.0,5396.0,3921140.0,3921140.0,3921118.0,104294.0,334.0,4592.0,371.0,395.0,10589.0,12664.0,160194.0,16449.0,3523.0,22508.0,47.0,623.0,4297.0,42610.0,7845.0,10.0,151872.0,6475.0,613.0,4338.0,32848.0,1046241.0,837.0,29972.0,171.0,11606.0,36700.0,8906071.0,58171.0,63581.0,41407.0
2004,120108.0,795.0,22497.0,3.0,151975.0,21.0,447702.0,12416.0,1001.0,1505.0,394.0,7537.0,78.0,178.0,246255.0,57.0,840.0,604.0,159.0,38907.0,950.0,16359.0,327.0,3689.0,88639.0,77.0,958.0,90486.0,38380.0,24034.0,90330.0,2065.0,328.0,3271.0,26068.0,10714.0,78811.0,2346.0,426827.0,18559.0,2103.0,13003.0,788.0,92150.0,299.0,1011.0,62.0,441.0,332285.0,325.0,2026.0,16.0,8155.0,4455915.0,974854.0,951860.0,965369.0,7486.0,69699.0,3519.0,3848.0,9552.0,107.0,342883.0,16856.0,174881.0,151208.0,148010.0,31418.0,443.0,222.0,1503132.0,3642.0,3289.0,5996.0,1464.0,3450.0,61366.0,552.0,28.0,18272.0,52340.0,8019.0,755.0,24339.0,2637802.0,102248.0,6596.0,755.0,3795047.0,8542417.0,1667732.0,3079638.0,4747370.0,14.0,2144118.0,235793.0,33439.0,37287.0,355.0,789.0,2542.0,1100.0,4398.0,4131.0,8966.0,110877.0,175.0,562.0,4355.0,16253.0,712546.0,303147.0,302001.0,285073.0,233.0,3043097.0,864.0,7066.0,17305.0,2904.0,286.0,8539086.0,2403955.0,5151933.0,20.0,346.0,57501.0,64330.0,3954.0,177.0,103006.0,28.0,80.0,12230.0,292.0,51673.0,142.0,285896.0,269646.0,272955.0,6135131.0,908.0,2.0,2165.0,94.0,26749.0,119726.0,89752.0,4461.0,7.0,46932.0,1087.0,391.0,4064.0,115537.0,902406.0,34854.0,13517.0,241.0,164825.0,714.0,51274.0,1641.0,458648.0,8.0,3309.0,1713.0,14718.0,4305.0,17547.0,82296.0,2899.0,569.0,76532.0,3395818.0,145.0,4206.0,21402.0,39736.0,15.0,46.0,45.0,105.0,1.0,382.0,9894.0,41123.0,1053.0,23.0,47139.0,145.0,449.0,81.0,56186.0,453.0,79323.0,94657.0,3027607.0,3027607.0,2961.0,44769.0,2173.0,10419.0,3840095.0,3840095.0,3840072.0,102406.0,320.0,4585.0,367.0,384.0,10246.0,11767.0,154836.0,15400.0,3334.0,22472.0,47.0,631.0,4041.0,39404.0,7666.0,9.0,146401.0,6290.0,631.0,4312.0,32789.0,983198.0,797.0,28631.0,172.0,11292.0,35693.0,8641340.0,55763.0,59449.0,42249.0
2005,118258.0,702.0,22438.0,3.0,148341.0,20.0,441282.0,12089.0,969.0,1513.0,380.0,7074.0,77.0,177.0,229990.0,56.0,791.0,596.0,156.0,38685.0,888.0,15460.0,313.0,3400.0,81383.0,75.0,914.0,88540.0,37551.0,22262.0,89923.0,2080.0,320.0,3192.0,26115.0,10223.0,79542.0,2306.0,391025.0,17907.0,2104.0,12444.0,761.0,90635.0,285.0,951.0,59.0,435.0,330796.0,313.0,1962.0,16.0,8041.0,4253612.0,893144.0,871595.0,884100.0,7206.0,67712.0,3261.0,3860.0,9438.0,100.0,325207.0,16336.0,166698.0,143629.0,140510.0,30422.0,446.0,217.0,1483604.0,3554.0,3274.0,5910.0,1365.0,3316.0,61076.0,526.0,27.0,17529.0,50668.0,7808.0,719.0,23813.0,2571659.0,100109.0,6274.0,718.0,3590219.0,8220877.0,1645489.0,2985169.0,4630658.0,14.0,2048554.0,200977.0,31905.0,37545.0,339.0,769.0,2472.0,1071.0,4240.0,4109.0,8874.0,105715.0,177.0,570.0,4269.0,15688.0,656762.0,286996.0,285912.0,269362.0,225.0,2948413.0,778.0,7003.0,16476.0,2785.0,276.0,8216946.0,2339970.0,4951917.0,19.0,331.0,55280.0,61307.0,3838.0,141.0,100223.0,27.0,78.0,12339.0,287.0,49038.0,134.0,277899.0,262158.0,265414.0,5876976.0,842.0,2.0,2046.0,87.0,25728.0,116854.0,86165.0,4234.0,7.0,43646.0,1038.0,392.0,3829.0,111810.0,889917.0,34735.0,12512.0,233.0,157957.0,697.0,49973.0,1638.0,455425.0,7.0,3256.0,1683.0,14740.0,4187.0,16370.0,80546.0,2834.0,520.0,75131.0,3331048.0,147.0,3920.0,20383.0,36141.0,15.0,45.0,44.0,103.0,1.0,364.0,9448.0,39064.0,946.0,23.0,46798.0,140.0,437.0,79.0,54803.0,457.0,81049.0,94335.0,2902044.0,2902044.0,2677.0,43722.0,2156.0,5142.0,3755539.0,3755539.0,3755516.0,100592.0,307.0,4536.0,361.0,374.0,9908.0,11056.0,149970.0,14447.0,3172.0,22383.0,47.0,639.0,3829.0,36449.0,7490.0,9.0,140611.0,6188.0,650.0,4306.0,32655.0,925059.0,749.0,27547.0,173.0,10967.0,35051.0,8317061.0,53459.0,55603.0,43266.0
2006,115882.0,623.0,22538.0,3.0,143920.0,20.0,435532.0,11816.0,937.0,1514.0,368.0,6726.0,75.0,176.0,214256.0,55.0,745.0,590.0,153.0,38642.0,831.0,14584.0,301.0,3119.0,74949.0,72.0,876.0,86064.0,36663.0,20853.0,89265.0,2095.0,316.0,3121.0,26038.0,9648.0,80077.0,2282.0,359724.0,17245.0,2098.0,11869.0,752.0,89150.0,273.0,892.0,56.0,428.0,329276.0,301.0,1891.0,16.0,7937.0,4081354.0,844871.0,824160.0,836223.0,6952.0,66173.0,3033.0,3872.0,9304.0,94.0,308093.0,15858.0,159517.0,137001.0,133948.0,29388.0,448.0,211.0,1463422.0,3489.0,3273.0,5824.0,1278.0,3191.0,60844.0,503.0,27.0,16800.0,49122.0,7592.0,687.0,23339.0,2508592.0,98038.0,5961.0,685.0,3421434.0,7941138.0,1624540.0,2895164.0,4519704.0,13.0,1951160.0,194241.0,30567.0,37829.0,326.0,751.0,2413.0,1047.0,4091.0,4110.0,8765.0,100858.0,181.0,582.0,4226.0,15166.0,612796.0,272466.0,271444.0,255207.0,217.0,2857044.0,706.0,6907.0,15744.0,2650.0,264.0,7937099.0,2280150.0,4785267.0,18.0,310.0,53185.0,59474.0,3757.0,126.0,97871.0,27.0,76.0,12395.0,283.0,46758.0,126.0,271054.0,255789.0,259001.0,5656949.0,804.0,2.0,1949.0,80.0,24797.0,113864.0,82082.0,3971.0,7.0,40548.0,987.0,394.0,3613.0,108080.0,876199.0,34485.0,12070.0,225.0,151673.0,694.0,48420.0,1638.0,454190.0,7.0,3212.0,1654.0,14681.0,4075.0,15355.0,78734.0,2780.0,482.0,73762.0,3266744.0,150.0,3527.0,19465.0,32900.0,14.0,44.0,43.0,102.0,1.0,346.0,9003.0,37210.0,874.0,24.0,46189.0,137.0,428.0,76.0,53179.0,459.0,82556.0,91881.0,2781905.0,2781905.0,2433.0,42810.0,2118.0,4912.0,3670839.0,3670839.0,3670815.0,98774.0,295.0,4247.0,355.0,367.0,9564.0,10548.0,146388.0,13575.0,3031.0,22255.0,48.0,645.0,3658.0,33731.0,7374.0,9.0,134941.0,6143.0,670.0,4305.0,32390.0,871682.0,698.0,26615.0,175.0,10650.0,34729.0,8035142.0,51306.0,52433.0,44633.0
2007,112859.0,558.0,22770.0,3.0,139176.0,19.0,429908.0,11595.0,904.0,1506.0,359.0,6467.0,73.0,174.0,199354.0,54.0,700.0,584.0,151.0,38728.0,778.0,13747.0,288.0,2958.0,69338.0,70.0,845.0,83190.0,35712.0,19614.0,88430.0,2106.0,312.0,3054.0,25910.0,9066.0,80340.0,2271.0,332621.0,16579.0,2083.0,11311.0,752.0,87621.0,263.0,842.0,53.0,418.0,327669.0,288.0,1822.0,17.0,7837.0,3907828.0,801350.0,781222.0,793056.0,6697.0,65071.0,2832.0,3875.0,9141.0,88.0,292052.0,15413.0,153085.0,131101.0,128117.0,28371.0,450.0,204.0,1440144.0,3439.0,3259.0,5742.0,1198.0,3081.0,60471.0,484.0,27.0,16105.0,47756.0,7368.0,658.0,22920.0,2447136.0,95930.0,5652.0,651.0,3253773.0,7665231.0,1603456.0,2808002.0,4411458.0,13.0,1851730.0,187385.0,29409.0,38088.0,318.0,736.0,2358.0,1022.0,3948.0,4134.0,8588.0,96425.0,184.0,597.0,4197.0,14666.0,574808.0,259516.0,258547.0,242567.0,208.0,2768234.0,654.0,6704.0,15124.0,2504.0,247.0,7661255.0,2220727.0,4619735.0,18.0,288.0,51108.0,58280.0,3710.0,115.0,95814.0,26.0,74.0,12415.0,275.0,44801.0,118.0,265210.0,250397.0,253575.0,5440528.0,786.0,2.0,1874.0,73.0,23950.0,110051.0,77773.0,3697.0,7.0,37609.0,936.0,395.0,3412.0,104633.0,861530.0,34060.0,11840.0,217.0,145839.0,702.0,46961.0,1631.0,454127.0,6.0,3178.0,1626.0,14583.0,3964.0,14468.0,77053.0,2721.0,452.0,72295.0,3201792.0,154.0,3131.0,18692.0,30013.0,14.0,43.0,43.0,101.0,1.0,330.0,8557.0,35569.0,827.0,24.0,45284.0,136.0,419.0,75.0,51646.0,457.0,83414.0,85329.0,2661234.0,2661234.0,2233.0,41909.0,2064.0,4662.0,3582730.0,3582730.0,3582706.0,96957.0,284.0,4059.0,350.0,363.0,9208.0,10177.0,142994.0,12775.0,2908.0,22070.0,48.0,649.0,3527.0,31243.0,7324.0,8.0,129590.0,6101.0,689.0,4291.0,31954.0,820793.0,648.0,25730.0,178.0,10376.0,34629.0,7757190.0,49260.0,50718.0,45310.0
2008,109369.0,503.0,23070.0,3.0,133979.0,18.0,424542.0,11389.0,867.0,1488.0,352.0,6258.0,71.0,171.0,185347.0,53.0,658.0,577.0,148.0,38956.0,728.0,12961.0,274.0,2877.0,64565.0,69.0,819.0,80110.0,34722.0,18419.0,87083.0,2113.0,308.0,2984.0,25662.0,8527.0,80386.0,2257.0,309089.0,15921.0,2064.0,10832.0,750.0,85950.0,254.0,804.0,50.0,406.0,325944.0,275.0,1755.0,18.0,7734.0,3758564.0,784149.0,764654.0,776170.0,6445.0,64451.0,2657.0,3871.0,8950.0,81.0,277110.0,14973.0,147181.0,125758.0,122868.0,27375.0,451.0,196.0,1437327.0,3393.0,3243.0,5676.0,1126.0,2984.0,59833.0,467.0,28.0,15451.0,46485.0,7151.0,633.0,22521.0,2384915.0,93661.0,5356.0,618.0,3090123.0,7415651.0,1581266.0,2744262.0,4325528.0,13.0,1749431.0,180572.0,28329.0,38340.0,312.0,725.0,2302.0,997.0,3808.0,4174.0,8311.0,91475.0,188.0,610.0,4157.0,14195.0,541812.0,248083.0,247155.0,231437.0,198.0,2702682.0,625.0,6595.0,14589.0,2366.0,227.0,7411690.0,2160673.0,4474832.0,17.0,266.0,49054.0,56350.0,3693.0,106.0,94072.0,26.0,71.0,12395.0,262.0,43140.0,111.0,260312.0,245922.0,249077.0,5251017.0,778.0,2.0,1809.0,66.0,23196.0,106181.0,95831.0,3513.0,7.0,34807.0,889.0,396.0,3220.0,101434.0,846842.0,33464.0,11522.0,209.0,140324.0,721.0,45860.0,1625.0,454725.0,6.0,3155.0,1595.0,14403.0,3851.0,13695.0,75513.0,2636.0,426.0,70644.0,3133888.0,159.0,2805.0,18131.0,27409.0,13.0,43.0,42.0,100.0,1.0,314.0,8116.0,34124.0,794.0,24.0,44039.0,136.0,411.0,72.0,50469.0,453.0,83530.0,79152.0,2538969.0,2538969.0,2076.0,41021.0,1993.0,4456.0,3493193.0,3493193.0,3493169.0,95321.0,273.0,3935.0,345.0,360.0,8866.0,9909.0,139766.0,12024.0,2802.0,21845.0,49.0,647.0,3424.0,28967.0,7324.0,8.0,124482.0,6018.0,707.0,4244.0,31351.0,776185.0,603.0,24837.0,181.0,10184.0,34679.0,7505356.0,47326.0,49036.0,45241.0
2009,105501.0,459.0,23386.0,3.0,128333.0,17.0,419866.0,11142.0,829.0,1459.0,345.0,6098.0,67.0,167.0,172215.0,52.0,620.0,570.0,146.0,39262.0,680.0,12240.0,259.0,2734.0,60580.0,68.0,794.0,77017.0,33732.0,17225.0,85723.0,2115.0,300.0,2910.0,25258.0,8043.0,80268.0,2221.0,288111.0,15267.0,2044.0,10436.0,738.0,84440.0,245.0,777.0,48.0,393.0,324240.0,264.0,1694.0,20.0,7634.0,3565481.0,724658.0,705924.0,716972.0,6192.0,64152.0,2499.0,3862.0,8753.0,75.0,263561.0,14543.0,141762.0,120920.0,118160.0,26412.0,449.0,188.0,1388694.0,3348.0,3212.0,5608.0,1056.0,2904.0,58785.0,454.0,28.0,14853.0,45336.0,6935.0,612.0,22112.0,2325043.0,91152.0,5072.0,586.0,2929486.0,7126311.0,1557710.0,2639115.0,4196825.0,13.0,1647120.0,173746.0,27368.0,38611.0,307.0,715.0,2236.0,969.0,3669.0,4229.0,7927.0,86461.0,190.0,619.0,4097.0,13731.0,512508.0,237970.0,237074.0,221690.0,187.0,2595348.0,614.0,6225.0,14158.0,2248.0,207.0,7122334.0,2103112.0,4284624.0,17.0,250.0,46992.0,54716.0,3692.0,99.0,92370.0,26.0,68.0,12382.0,246.0,41733.0,105.0,256519.0,242542.0,245685.0,5019222.0,775.0,2.0,1749.0,60.0,22498.0,102457.0,68934.0,3505.0,7.0,32207.0,846.0,394.0,3041.0,98487.0,831919.0,32726.0,11054.0,201.0,135060.0,746.0,44528.0,1639.0,455056.0,6.0,3143.0,1563.0,14167.0,3741.0,13024.0,74127.0,2515.0,403.0,68816.0,3066253.0,166.0,2568.0,17841.0,25031.0,13.0,42.0,40.0,128.0,1.0,300.0,7674.0,32841.0,769.0,24.0,42443.0,136.0,403.0,70.0,49077.0,446.0,83380.0,71225.0,2417168.0,2417168.0,1954.0,40073.0,1909.0,4290.0,3402683.0,3402683.0,3402659.0,93650.0,263.0,3731.0,341.0,358.0,8592.0,9717.0,137233.0,11312.0,2705.0,21581.0,49.0,641.0,3345.0,26886.0,7349.0,8.0,119980.0,5885.0,721.0,4163.0,30611.0,734598.0,564.0,23921.0,183.0,10067.0,34786.0,7213491.0,45805.0,47066.0,44368.0
2010,101383.0,423.0,23676.0,3.0,122844.0,16.0,415904.0,10818.0,787.0,1418.0,338.0,5942.0,64.0,164.0,160140.0,51.0,586.0,562.0,143.0,39612.0,637.0,11609.0,245.0,2495.0,57291.0,68.0,766.0,73900.0,32800.0,16049.0,83655.0,2114.0,291.0,2839.0,24735.0,7627.0,79919.0,2159.0,268923.0,14629.0,2018.0,10118.0,721.0,83305.0,235.0,758.0,46.0,379.0,322336.0,255.0,1639.0,21.0,7525.0,3439658.0,689748.0,671896.0,682336.0,5945.0,64108.0,2356.0,3858.0,8529.0,69.0,251358.0,14115.0,136605.0,116357.0,113748.0,25498.0,445.0,179.0,1400456.0,3300.0,3192.0,5541.0,990.0,2840.0,57281.0,443.0,29.0,14310.0,44256.0,6716.0,596.0,58323.0,2301674.0,88466.0,4806.0,560.0,2777845.0,6907804.0,1534318.0,2595641.0,4129959.0,12.0,1545388.0,166889.0,26483.0,38777.0,302.0,707.0,2159.0,939.0,3534.0,4282.0,7439.0,83411.0,191.0,622.0,4020.0,13265.0,485834.0,265618.0,264745.0,249800.0,174.0,2549850.0,617.0,5665.0,13756.0,2148.0,189.0,6903808.0,2083033.0,4119808.0,17.0,239.0,44973.0,52748.0,3691.0,92.0,90657.0,26.0,66.0,12341.0,231.0,40526.0,101.0,253802.0,240233.0,243375.0,4820775.0,773.0,2.0,1684.0,53.0,21826.0,100161.0,64848.0,3417.0,6.0,29763.0,810.0,390.0,2883.0,95709.0,817137.0,31928.0,10446.0,193.0,130076.0,775.0,42754.0,1591.0,454829.0,6.0,3142.0,1532.0,13911.0,3631.0,12428.0,72894.0,2374.0,383.0,66893.0,2999478.0,173.0,2419.0,17794.0,22833.0,13.0,42.0,39.0,97.0,1.0,286.0,7228.0,31659.0,742.0,24.0,40637.0,136.0,394.0,68.0,47184.0,436.0,82851.0,68130.0,2296358.0,2296358.0,1860.0,39137.0,1816.0,4126.0,3318215.0,3318215.0,3318191.0,92108.0,254.0,3425.0,338.0,359.0,8393.0,9561.0,134055.0,10636.0,2615.0,21282.0,49.0,632.0,3278.0,24984.0,7407.0,7.0,115096.0,5699.0,732.0,4057.0,29814.0,700967.0,533.0,22879.0,187.0,9996.0,34900.0,6992278.0,45006.0,44843.0,42884.0
2011,97161.0,395.0,23931.0,3.0,117403.0,15.0,412737.0,10431.0,744.0,1368.0,331.0,5766.0,60.0,162.0,149122.0,49.0,556.0,554.0,141.0,39927.0,597.0,11068.0,232.0,2482.0,54556.0,68.0,731.0,70928.0,31872.0,14907.0,81619.0,2109.0,279.0,2757.0,24149.0,7283.0,79469.0,2093.0,250858.0,14021.0,1988.0,9854.0,708.0,82284.0,226.0,745.0,44.0,366.0,320099.0,248.0,1588.0,23.0,7427.0,3240491.0,656990.0,639818.0,649514.0,5706.0,63922.0,2224.0,3850.0,8296.0,63.0,240200.0,13702.0,131557.0,111892.0,109430.0,24658.0,442.0,171.0,1338148.0,3252.0,3172.0,5481.0,924.0,2791.0,55524.0,436.0,30.0,13818.0,43229.0,6506.0,581.0,21078.0,2203694.0,86068.0,4571.0,541.0,2626437.0,6616718.0,1509454.0,2480827.0,3990281.0,12.0,1446623.0,160285.0,25648.0,38925.0,295.0,696.0,2074.0,906.0,3732.0,4331.0,6869.0,80980.0,191.0,617.0,3926.0,12795.0,460732.0,220795.0,219941.0,205512.0,160.0,2432954.0,630.0,5685.0,13401.0,2291.0,174.0,6612651.0,1987922.0,3960319.0,17.0,236.0,43022.0,50080.0,3686.0,87.0,89179.0,26.0,63.0,12254.0,222.0,39430.0,96.0,252246.0,239068.0,242220.0,4624729.0,764.0,2.0,1622.0,48.0,21145.0,96675.0,61039.0,3419.0,6.0,27543.0,781.0,382.0,2738.0,93138.0,802652.0,31132.0,9701.0,185.0,125709.0,804.0,41808.0,1570.0,452963.0,5.0,3152.0,1497.0,13655.0,3526.0,11889.0,71899.0,2236.0,365.0,65290.0,2931810.0,180.0,2337.0,17815.0,20584.0,13.0,41.0,37.0,96.0,1.0,273.0,6800.0,30574.0,713.0,24.0,38632.0,136.0,384.0,65.0,46135.0,425.0,81968.0,59228.0,2178035.0,2178035.0,1785.0,38395.0,1719.0,3939.0,3227964.0,3227964.0,3227940.0,90651.0,245.0,3023.0,337.0,360.0,8353.0,9436.0,129792.0,10002.0,2528.0,20962.0,49.0,616.0,3220.0,23240.0,7470.0,7.0,110367.0,5474.0,741.0,3934.0,29023.0,664410.0,509.0,21754.0,190.0,10003.0,34972.0,6698723.0,45084.0,43520.0,40653.0
2012,93123.0,372.0,24124.0,3.0,112365.0,15.0,410002.0,9992.0,698.0,1315.0,322.0,5544.0,55.0,161.0,139002.0,48.0,529.0,544.0,138.0,40131.0,563.0,10596.0,220.0,2372.0,52279.0,69.0,689.0,68030.0,30885.0,13872.0,79651.0,2101.0,265.0,2678.0,23546.0,6958.0,79025.0,2040.0,233318.0,13424.0,1963.0,9608.0,697.0,81405.0,217.0,734.0,42.0,354.0,317713.0,245.0,1541.0,26.0,7308.0,3088547.0,625027.0,609144.0,618130.0,5485.0,63544.0,2112.0,3840.0,8051.0,57.0,230014.0,13321.0,126377.0,107251.0,104917.0,23876.0,439.0,162.0,1313463.0,3213.0,3136.0,5411.0,859.0,2756.0,53482.0,433.0,31.0,13373.0,42249.0,6309.0,568.0,20777.0,2142778.0,83142.0,4365.0,524.0,2485776.0,6372489.0,1480715.0,2405998.0,3886713.0,11.0,1353021.0,154042.0,24828.0,38919.0,288.0,683.0,1988.0,875.0,3277.0,4363.0,6258.0,78810.0,189.0,606.0,3816.0,12314.0,436395.0,213806.0,212969.0,199091.0,145.0,2355993.0,647.0,5698.0,13085.0,1966.0,163.0,6368408.0,1930670.0,3804893.0,17.0,240.0,41281.0,46205.0,3695.0,81.0,87559.0,27.0,59.0,12171.0,215.0,38368.0,92.0,250873.0,238069.0,241238.0,4437738.0,752.0,2.0,1563.0,42.0,20432.0,93102.0,57628.0,3482.0,6.0,25511.0,758.0,373.0,2600.0,90820.0,787313.0,30411.0,8991.0,179.0,121014.0,831.0,40823.0,1545.0,448589.0,5.0,3169.0,1465.0,13378.0,3418.0,11383.0,71001.0,2117.0,349.0,63151.0,2863075.0,186.0,2258.0,17727.0,18838.0,12.0,40.0,36.0,94.0,1.0,261.0,6389.0,29487.0,683.0,24.0,36601.0,135.0,373.0,61.0,45046.0,413.0,81280.0,54775.0,2063624.0,2063624.0,1723.0,38109.0,1623.0,3734.0,3141432.0,3141432.0,3141408.0,89253.0,236.0,2624.0,337.0,362.0,8899.0,9303.0,126333.0,9393.0,2442.0,20612.0,48.0,598.0,3163.0,21629.0,7508.0,7.0,104129.0,5234.0,752.0,3814.0,28310.0,632845.0,490.0,20556.0,193.0,10222.0,34953.0,6451554.0,45643.0,42259.0,37655.0
2013,89270.0,353.0,24178.0,3.0,107777.0,14.0,405635.0,9523.0,654.0,1266.0,314.0,5277.0,51.0,161.0,129767.0,47.0,505.0,533.0,134.0,40166.0,533.0,10173.0,211.0,2246.0,50300.0,70.0,645.0,65404.0,29953.0,13010.0,77639.0,2090.0,251.0,2594.0,22908.0,6607.0,78567.0,1997.0,216234.0,12852.0,1931.0,9367.0,685.0,80575.0,209.0,724.0,40.0,347.0,315171.0,244.0,1496.0,28.0,7171.0,2943363.0,594554.0,579560.0,587895.0,5290.0,62756.0,2011.0,3820.0,7788.0,52.0,220466.0,13004.0,121036.0,102355.0,100137.0,23147.0,437.0,155.0,1289175.0,3195.0,3098.0,5349.0,796.0,2734.0,51318.0,436.0,31.0,12949.0,41302.0,6128.0,555.0,20408.0,2087606.0,80801.0,4176.0,505.0,2352628.0,6141947.0,1450977.0,2338342.0,3789319.0,11.0,1265369.0,147840.0,23932.0,38760.0,279.0,669.0,1906.0,844.0,3152.0,4369.0,5661.0,76314.0,188.0,592.0,3690.0,11862.0,412439.0,207488.0,206666.0,193364.0,130.0,2287638.0,664.0,5667.0,12783.0,1880.0,157.0,6137930.0,1879084.0,3656355.0,17.0,251.0,39865.0,43398.0,3735.0,76.0,86133.0,27.0,56.0,12057.0,209.0,37236.0,89.0,248031.0,235583.0,238775.0,4258846.0,733.0,2.0,1502.0,38.0,19663.0,89796.0,54572.0,3436.0,6.0,23757.0,740.0,364.0,2476.0,88861.0,773120.0,29839.0,8340.0,174.0,116966.0,855.0,39946.0,1520.0,442539.0,5.0,3192.0,1430.0,13044.0,3313.0,10897.0,70264.0,2009.0,335.0,61600.0,2800958.0,191.0,2132.0,17395.0,17424.0,12.0,39.0,34.0,91.0,1.0,251.0,5996.0,28390.0,652.0,24.0,34604.0,134.0,363.0,58.0,44060.0,400.0,80421.0,50902.0,1954833.0,1954833.0,1668.0,38445.0,1533.0,3522.0,3062950.0,3062950.0,3062926.0,87823.0,228.0,2477.0,337.0,365.0,8513.0,9182.0,123845.0,8804.0,2363.0,20246.0,47.0,577.0,3099.0,20131.0,7479.0,7.0,99381.0,4995.0,765.0,3715.0,27749.0,602491.0,473.0,19357.0,194.0,10810.0,34810.0,6218735.0,46273.0,41238.0,34616.0
2014,85790.0,338.0,24026.0,3.0,103991.0,14.0,400556.0,9054.0,611.0,1221.0,309.0,4980.0,48.0,161.0,121257.0,46.0,483.0,522.0,130.0,40049.0,507.0,9789.0,203.0,2218.0,48494.0,70.0,602.0,63139.0,29028.0,12280.0,75889.0,2075.0,237.0,2514.0,22173.0,6227.0,78029.0,1949.0,199964.0,12318.0,1896.0,9143.0,672.0,79739.0,201.0,714.0,39.0,344.0,311514.0,246.0,1452.0,31.0,7006.0,2807895.0,565816.0,551579.0,559385.0,5119.0,61485.0,1918.0,3788.0,7535.0,48.0,211535.0,12756.0,115424.0,97093.0,94985.0,22479.0,436.0,149.0,1266332.0,3195.0,3032.0,5269.0,736.0,2721.0,49025.0,447.0,32.0,12569.0,40393.0,5973.0,542.0,20026.0,2036354.0,78729.0,4009.0,483.0,2229365.0,5926769.0,1421282.0,2276122.0,3697404.0,11.0,1184969.0,141888.0,22942.0,38542.0,270.0,651.0,1831.0,814.0,3030.0,4359.0,5113.0,74261.0,185.0,576.0,3545.0,11427.0,389179.0,201827.0,201019.0,188305.0,115.0,2225651.0,679.0,5658.0,12499.0,1796.0,156.0,5922941.0,1832599.0,3516082.0,17.0,267.0,38724.0,41112.0,3810.0,72.0,84795.0,27.0,52.0,11927.0,203.0,35949.0,86.0,244199.0,232100.0,235311.0,4090342.0,713.0,2.0,1439.0,34.0,18838.0,87382.0,51875.0,3396.0,6.0,22267.0,727.0,354.0,2364.0,87018.0,759316.0,29426.0,7811.0,169.0,113114.0,876.0,39194.0,1492.0,434951.0,5.0,3211.0,1391.0,12761.0,3219.0,10416.0,69549.0,1907.0,323.0,60327.0,2743910.0,195.0,1964.0,16751.0,16296.0,12.0,39.0,32.0,88.0,1.0,241.0,5619.0,27356.0,623.0,23.0,32711.0,134.0,352.0,55.0,43200.0,388.0,79730.0,48301.0,1853129.0,1853129.0,1617.0,39201.0,1453.0,3316.0,2991849.0,2991849.0,2991826.0,86424.0,220.0,2359.0,338.0,367.0,8139.0,9039.0,121751.0,8235.0,2284.0,19874.0,46.0,554.0,3017.0,18724.0,7371.0,6.0,95689.0,4765.0,783.0,3638.0,27351.0,574260.0,454.0,18123.0,194.0,11883.0,34575.0,6001674.0,46825.0,39976.0,32031.0
2015,82685.0,325.0,23649.0,2.0,100992.0,13.0,394256.0,8597.0,569.0,1179.0,305.0,4636.0,45.0,161.0,113357.0,45.0,462.0,511.0,126.0,39781.0,484.0,9425.0,196.0,2148.0,46747.0,71.0,562.0,61274.0,28236.0,11694.0,73898.0,2054.0,222.0,2429.0,21387.0,5853.0,77307.0,1891.0,184170.0,11791.0,1861.0,8898.0,657.0,78903.0,194.0,702.0,37.0,346.0,308178.0,249.0,1408.0,34.0,6814.0,2681427.0,538439.0,524598.0,531920.0,4977.0,59728.0,1835.0,3758.0,7315.0,44.0,203121.0,12551.0,109579.0,91535.0,89528.0,21880.0,437.0,143.0,1243904.0,3208.0,2959.0,5206.0,679.0,2715.0,46781.0,463.0,33.0,12211.0,39504.0,5815.0,527.0,19624.0,1984956.0,77205.0,3863.0,456.0,2115419.0,5718908.0,1388288.0,2215201.0,3603489.0,10.0,1111895.0,136090.0,21895.0,38241.0,260.0,632.0,1764.0,784.0,3215.0,4312.0,4620.0,72168.0,183.0,560.0,3374.0,11010.0,365993.0,196712.0,195920.0,183796.0,102.0,2165901.0,689.0,5645.0,12238.0,1711.0,155.0,5715301.0,1786952.0,3380572.0,17.0,286.0,37810.0,39231.0,3919.0,68.0,83308.0,27.0,48.0,11788.0,195.0,34476.0,84.0,239210.0,227458.0,230683.0,3928349.0,692.0,1.0,1372.0,30.0,17981.0,84202.0,49510.0,3314.0,6.0,21029.0,718.0,344.0,2256.0,85240.0,743920.0,29169.0,7327.0,166.0,109691.0,894.0,38345.0,1467.0,425267.0,5.0,3225.0,1349.0,12460.0,3125.0,9953.0,68855.0,1813.0,314.0,59602.0,2685136.0,197.0,1789.0,15814.0,15388.0,12.0,38.0,30.0,85.0,1.0,233.0,5254.0,26365.0,592.0,23.0,30999.0,135.0,341.0,51.0,42241.0,376.0,79093.0,47157.0,1757907.0,1757907.0,1570.0,40093.0,1376.0,3122.0,2921490.0,2921490.0,2921467.0,84858.0,213.0,2202.0,339.0,369.0,7632.0,8853.0,118254.0,7698.0,2226.0,19490.0,44.0,529.0,2922.0,17399.0,7195.0,6.0,91698.0,4543.0,802.0,3581.0,27115.0,547777.0,435.0,16912.0,193.0,13555.0,34127.0,5792509.0,47290.0,38916.0,30118.0
2016,79881.0,314.0,23045.0,2.0,98337.0,13.0,387520.0,8175.0,529.0,1140.0,303.0,4279.0,42.0,160.0,106120.0,43.0,442.0,499.0,122.0,39452.0,463.0,9093.0,191.0,2081.0,48257.0,71.0,526.0,59583.0,27544.0,11181.0,72100.0,2028.0,209.0,2344.0,20500.0,5513.0,76516.0,1828.0,169127.0,11298.0,1824.0,8644.0,640.0,77776.0,187.0,686.0,35.0,352.0,304608.0,253.0,1366.0,36.0,6611.0,2563603.0,511970.0,498976.0,505959.0,4869.0,57612.0,1764.0,3726.0,7082.0,41.0,195563.0,12366.0,103770.0,85977.0,84052.0,21350.0,438.0,139.0,1222213.0,3227.0,2859.0,5140.0,624.0,2705.0,44702.0,480.0,33.0,11870.0,38681.0,5671.0,511.0,19146.0,1938051.0,75274.0,3731.0,426.0,2012547.0,5528104.0,1355755.0,2159802.0,3515557.0,10.0,1046505.0,130658.0,20765.0,37805.0,249.0,611.0,1703.0,756.0,2798.0,4250.0,4178.0,70401.0,179.0,543.0,3181.0,10592.0,346791.0,195420.0,194649.0,183080.0,92.0,2111825.0,692.0,5377.0,12000.0,1625.0,148.0,5524786.0,1745850.0,3254595.0,17.0,305.0,36946.0,37807.0,4048.0,65.0,81616.0,27.0,44.0,11616.0,185.0,32798.0,82.0,233632.0,222233.0,225448.0,3778936.0,667.0,1.0,1302.0,27.0,17114.0,81768.0,47508.0,3211.0,5.0,20026.0,711.0,334.0,2158.0,83660.0,729245.0,28999.0,6988.0,163.0,105671.0,909.0,37317.0,1439.0,414690.0,5.0,3215.0,1308.0,12148.0,3034.0,9526.0,68101.0,1738.0,306.0,58414.0,2630915.0,197.0,1625.0,14767.0,14632.0,12.0,37.0,29.0,82.0,1.0,225.0,4920.0,25495.0,561.0,22.0,29528.0,138.0,330.0,48.0,41100.0,364.0,78469.0,45013.0,1670696.0,1670696.0,1525.0,40945.0,1306.0,2946.0,2855573.0,2855573.0,2855551.0,83382.0,206.0,2158.0,341.0,369.0,7474.0,8631.0,116016.0,7197.0,2166.0,19086.0,43.0,504.0,2817.0,16146.0,6951.0,6.0,87631.0,4333.0,817.0,3536.0,26971.0,524341.0,415.0,15775.0,191.0,15869.0,33509.0,5600063.0,47668.0,38268.0,28273.0
2017,77300.0,304.0,22260.0,2.0,96345.0,12.0,379641.0,7793.0,492.0,1104.0,301.0,3923.0,40.0,159.0,99608.0,42.0,422.0,486.0,118.0,39045.0,444.0,8795.0,186.0,1986.0,43278.0,70.0,494.0,58225.0,26954.0,10670.0,70649.0,1994.0,197.0,2259.0,19935.0,5210.0,75761.0,1767.0,155576.0,10841.0,1787.0,8405.0,621.0,76571.0,180.0,665.0,34.0,358.0,299985.0,256.0,1325.0,38.0,6396.0,2455338.0,487117.0,474657.0,481303.0,4785.0,55255.0,1699.0,3681.0,6873.0,39.0,188690.0,12155.0,98216.0,80707.0,78848.0,20832.0,440.0,135.0,1201231.0,3235.0,2774.0,5062.0,575.0,2687.0,42795.0,488.0,33.0,11532.0,37827.0,5524.0,495.0,18652.0,1895973.0,73733.0,3605.0,398.0,1913561.0,5346271.0,1323289.0,2109421.0,3432710.0,9.0,989167.0,125213.0,19562.0,37331.0,237.0,590.0,1646.0,728.0,2687.0,4156.0,3782.0,68882.0,175.0,526.0,2982.0,10178.0,322729.0,187964.0,187217.0,176158.0,83.0,2063678.0,689.0,5214.0,11754.0,1542.0,132.0,5343168.0,1709100.0,3137567.0,17.0,320.0,36275.0,36525.0,4168.0,61.0,80332.0,27.0,41.0,11458.0,175.0,30973.0,80.0,227106.0,216053.0,219243.0,3634068.0,643.0,1.0,1231.0,25.0,16285.0,80562.0,45558.0,3168.0,5.0,19189.0,706.0,325.0,2060.0,82322.0,714188.0,28861.0,6651.0,160.0,101919.0,916.0,36377.0,1414.0,403638.0,5.0,3190.0,1267.0,11849.0,2950.0,9133.0,67158.0,1679.0,299.0,57542.0,2580963.0,195.0,1483.0,13777.0,13987.0,12.0,36.0,27.0,79.0,1.0,218.0,4630.0,24708.0,532.0,21.0,28281.0,140.0,319.0,45.0,40050.0,354.0,77644.0,43254.0,1592198.0,1592198.0,1483.0,41752.0,1239.0,2791.0,2795439.0,2795439.0,2795418.0,81825.0,199.0,2073.0,342.0,367.0,6985.0,8401.0,113824.0,6744.0,2108.0,18691.0,41.0,479.0,2697.0,14979.0,6696.0,6.0,84968.0,4130.0,820.0,3487.0,26867.0,496501.0,394.0,14702.0,188.0,18499.0,32790.0,5416904.0,47966.0,37604.0,26663.0
