Year,Afghanistan,Albania,Algeria,American Samoa,Andean Latin America,Andorra,Angola,Antigua and Barbuda,Argentina,Armenia,Australasia,Australia,Austria,Azerbaijan,Bahamas,Bahrain,Bangladesh,Barbados,Belarus,Belgium,Belize,Benin,Bermuda,Bhutan,Bolivia,Bosnia and Herzegovina,Botswana,Brazil,Brunei,Bulgaria,Burkina Faso,Burundi,Cambodia,Cameroon,Canada,Cape Verde,Caribbean,Central African Republic,Central Asia,Central Europe,Central Latin America,Central Sub-Saharan Africa,Chad,Chile,China,Colombia,Comoros,Congo,Costa Rica,Cote d'Ivoire,Croatia,Cuba,Cyprus,Czech Republic,Democratic Republic of Congo,Denmark,Djibouti,Dominica,Dominican Republic,East Asia,Eastern Europe,Eastern Sub-Saharan Africa,Ecuador,Egypt,El Salvador,England,Equatorial Guinea,Eritrea,Estonia,Ethiopia,Fiji,Finland,France,Gabon,Gambia,Georgia,Germany,Ghana,Greece,Greenland,Grenada,Guam,Guatemala,Guinea,Guinea-Bissau,Guyana,Haiti,High SDI,High-income,High-income Asia Pacific,High-middle SDI,Honduras,Hungary,Iceland,India,Indonesia,Iran,Iraq,Ireland,Israel,Italy,Jamaica,Japan,Jordan,Kazakhstan,Kenya,Kiribati,Kuwait,Kyrgyzstan,Laos,Latin America and Caribbean,Latvia,Lebanon,Lesotho,Liberia,Libya,Lithuania,Low SDI,Low-middle SDI,Luxembourg,Macedonia,Madagascar,Malawi,Malaysia,Maldives,Mali,Malta,Marshall Islands,Mauritania,Mauritius,Mexico,Micronesia (country),Middle SDI,Moldova,Mongolia,Montenegro,Morocco,Mozambique,Myanmar,Namibia,Nepal,Netherlands,New Zealand,Nicaragua,Niger,Nigeria,North Africa and Middle East,North America,North Korea,Northern Ireland,Northern Mariana Islands,Norway,Oceania,Oman,Pakistan,Palestine,Panama,Papua New Guinea,Paraguay,Peru,Philippines,Poland,Portugal,Puerto Rico,Qatar,Romania,Russia,Rwanda,Saint Lucia,Saint Vincent and the Grenadines,Samoa,Sao Tome and Principe,Saudi Arabia,Scotland,Senegal,Serbia,Seychelles,Sierra Leone,Singapore,Slovakia,Slovenia,Solomon Islands,Somalia,South Africa,South Asia,South Korea,South Sudan,Southeast Asia,Southern Latin America,Southern Sub-Saharan Africa,Spain,Sri Lanka,Sub-Saharan Africa,Sudan,Suriname,Swaziland,Sweden,Switzerland,Syria,Taiwan,Tajikistan,Tanzania,Thailand,Timor,Togo,Tonga,Trinidad and Tobago,Tropical Latin America,Tunisia,Turkey,Turkmenistan,Uganda,Ukraine,United Arab Emirates,United Kingdom,United States,United States Virgin Islands,Uruguay,Uzbekistan,Vanuatu,Venezuela,Vietnam,Wales,Western Europe,Western Sub-Saharan Africa,World,Yemen,Zambia,Zimbabwe
1990,463.6124227489294,0.0,4.414843052688826,0.0,116.13743704683309,0.0,4231.844786505278,0.0,9.262030333804042,0.0,0.0,0.0,0.0,2.1759883644403497,0.0,0.0,11961.830915951887,0.0,0.0,0.0,0.46652540862488473,5165.699301496615,0.0,52.317170564617896,22.674761747027812,0.0,2.6596826357829997,670.5120613115454,0.0,0.0,18871.294292036815,13604.04765203931,1569.7488894077035,9027.324987484757,0.0,0.04708107303918374,45.85912229162139,1997.5225074402636,44.196987392100745,0.0,440.72223350093816,85471.275085245,4217.535021066719,0.0,165.27478893735224,161.801252150767,3.0574070391484884,1759.0347327924198,0.5900554666300196,19209.68876016762,0.0,0.0,0.0,0.0,75966.113527134,0.0,1.8110034239193638,0.0,5.230576324852245,168.07495024469424,0.0,193457.0659516809,67.88500453598103,0.0,2.1957464086564564,0.0,685.2703140029837,16.866935363518884,0.0,19118.741225671765,0.0,0.0,0.0,831.4892173700539,658.0697097429669,0.0,5.501428958477464,14634.062175183459,0.0,0.0,0.0,0.0,159.30587273966404,7233.1839844130745,1021.7527459320997,19.951054881452972,10.160578703455993,20.6946196354535,27.805789805480316,13.036644622559667,891.8978121420691,25.721689420482836,0.0,0.0,78019.45227826234,8896.17718211614,10.150969512646627,6.377091220632496,0.0,0.0,0.0,0.0,0.0,0.0,0.0,11163.556398399636,0.0,0.0,0.0,15.429960876999788,1274.0375302631785,0.0,0.0,0.0,2574.474729939696,0.0,0.0,415915.92311361816,235788.45004615257,0.0,0.0,3904.137064305166,21046.317713008655,28.31271611364454,0.0,17720.77467845058,0.0,0.0,160.07923493038712,0.0,24.301381406973974,0.0,19756.789393741616,0.0,0.0,0.0,5.822493996923557,35799.4187173152,5465.04292272174,6.969522867015441,1514.134138760334,0.0,0.0,37.21224669729583,15291.751226741742,137596.01909926246,3105.979820682794,0.0,0.0,0.0,0.0,0.0,449.22209928323474,0.1365038718096312,3936.4384599004925,0.0,0.29433105995655506,414.74836683286566,0.8066761122406547,25.57767076382405,926.6574160900714,0.0,0.0,0.0,0.0,0.0,0.0,7162.913535853905,0.0,0.0,0.0,0.059982357542336474,11.932521318936674,0.0,7471.270878638716,0.0,0.0,8160.218985546118,0.0,0.0,0.0,3.664238364440393,2771.3864752223676,160.49047869232314,95484.1729634397,13.036644622559667,2792.3442595989018,18542.903717974325,9.262405669586663,810.8397611118133,0.0,109.02709762190452,553443.8253157337,2591.8368629399897,8.48111913761644,2.9302827859648852,0.0,0.0,1.235158138246818,0.0,36.52008049654117,25020.116162997583,559.6653138652442,10.870811674424656,4683.698674108247,0.0,0.0,671.3187374237864,0.0,0.0,0.0,45741.439244883986,0.0,0.0,0.0,0.0,0.0,0.0,5.500918531119158,1.1692097218398712,29.29965815051134,937.3645910828997,0.0,5.50673951333398,273704.6445176952,672540.219174818,8.458837688554313,5212.711268146705,637.7897941307262
1991,487.19161446609064,0.0,4.585116876286636,0.0,118.25109958155153,0.0,4521.072652562563,0.0,8.791089605954248,0.0,0.0,0.0,0.0,2.3495109803758454,0.0,0.0,11609.498826114374,0.0,0.0,0.0,0.48139141598979207,5277.8798574539605,0.0,52.248550024337845,22.346480170398802,0.0,2.7855920713330753,582.5047784908581,0.0,0.0,19708.27339311884,13878.964965996127,1581.3237913677444,9887.143417735815,0.0,0.04966014175637962,48.87693415082765,2164.1753573149717,48.450072604300246,0.0,423.1795725328338,89151.55796542134,4275.673142542969,0.0,166.31384224467735,155.94503210527924,2.3469304622469225,1849.8435714367558,0.5620307194035171,20171.107717078194,0.0,0.0,0.0,0.0,78915.07402026137,0.0,2.625057208925285,0.0,4.598544898680198,169.12022299772545,0.0,198436.4437223278,69.49942864172576,0.0,1.9915105023875543,0.0,809.0201462879257,10.632163143251567,0.0,20070.879925096022,0.0,0.0,6.68865687982658,892.3722175577121,681.8367687886763,0.0,2.57094414810682,15495.661238707356,0.0,0.0,0.0,0.0,149.9211529283239,7714.224357646128,1013.8733581509198,22.968051496592256,10.692432265345815,23.733559802632136,30.28725662841409,12.22724479469173,896.270236046975,25.855277667757864,0.0,0.0,78900.27407417007,8816.481029506718,11.162977861151377,5.786206263948331,0.0,0.0,0.0,0.0,0.0,0.0,0.0,12266.301387365575,0.0,0.0,0.0,16.198392086388598,1173.5828968311441,0.0,0.0,0.0,2402.509295842191,0.0,0.0,425368.9675124688,246654.2398427642,0.0,0.0,4028.4275354762362,21832.505094883672,25.21625013243417,0.0,17708.780245440183,0.0,0.0,166.31609136940838,0.0,23.0330566099067,0.0,19895.39839397856,0.0,0.0,0.0,5.852725619102176,35278.84288606271,5569.233297701445,5.774067098868831,1494.839652679892,0.0,0.0,36.596313818563814,15332.820699431071,144737.44761640858,3217.139557671759,0.0,0.0,0.0,0.0,0.0,451.1444976719784,0.14827920308902728,3842.2571289181355,0.0,0.3017852025189431,416.86480381400696,0.7705120750731143,26.405190769426973,874.4424662690652,0.0,0.0,0.0,0.0,0.0,0.0,7660.2286002475985,0.0,0.0,0.0,0.05946394554029269,13.102120753507567,0.0,7597.9475520444275,0.0,0.0,8330.395542760078,0.0,0.0,0.0,3.6221498509109655,2817.8237025049343,167.36069945918496,95899.11823190688,12.22724479469173,2905.332116022336,18508.128932906013,8.791453905828162,698.424917554548,0.0,107.70037110529242,573513.7555209253,2677.6833755067332,8.461486803901224,3.0084000049122785,0.0,0.0,1.323819858912159,0.0,39.51047691484934,25493.03643064692,578.2138264779372,5.7568279090264305,4717.647357290596,0.0,0.0,583.2752905659316,0.0,0.0,1.2242085429615022,46574.12254435047,0.0,0.0,0.0,0.0,0.0,0.0,5.3658761661135905,1.0157042717266653,28.973412978692487,908.9870785141467,0.0,9.268557927894197,285227.32891562145,693010.7271901426,8.215863833242512,5510.734505728033,519.496158920248
1992,521.714215640852,0.0,4.611007748566233,0.0,120.52584275832294,0.0,4820.512338751045,0.0,8.576097163356188,0.0,0.0,0.0,0.0,2.815272515783056,0.0,0.0,11276.672060175531,0.0,0.0,0.0,0.4958853959213557,5355.803439009318,0.0,47.973341559325654,21.713343061833644,0.0,2.9454555123377233,500.9332719612416,0.0,0.0,20606.676702471093,14179.84255279189,1544.9052830249252,10730.599537313616,0.0,0.054339748958481024,47.259302928439475,2311.5771804665574,44.53959422320143,0.0,403.4244006879071,92196.58994959055,4391.657888845908,0.0,166.41333959905538,145.71791593384393,1.9974026259238866,1943.7693076431235,3.022005448940987,21086.804550725486,0.0,0.0,0.0,0.0,81278.96598646388,0.0,2.5261037801090396,0.0,4.075812778077922,169.2134273341401,0.0,203299.71627306312,69.95873625560196,0.0,1.8578373230991232,0.0,910.5010382045251,10.379727285694779,0.0,20661.53214342922,0.0,0.0,0.0,931.2640980616075,700.2689452458688,0.0,20.3222340998431,16031.831377083645,0.0,0.0,0.0,0.0,137.4494947739471,7972.185581029136,1011.9113745390978,22.247974533859264,10.849084338838278,33.81081980458173,40.07174079038126,11.15338051918908,919.3484585571234,26.991626241402393,0.0,0.0,78370.96584487347,8926.726753762447,11.690909613773615,6.421046929144019,0.0,0.0,0.0,0.0,0.0,0.0,0.0,13167.45063661962,0.0,0.0,0.0,16.43540187494424,1072.9186371291928,0.0,0.0,0.0,2457.875757198832,0.0,0.0,433697.33195313794,256737.71198102186,0.0,0.0,4124.881845733486,22913.493669197036,23.521259790264192,0.0,17658.160229827317,0.0,0.0,173.5138608733899,0.0,22.127645684100546,0.0,19987.804887275237,0.0,0.0,0.0,5.800798711042029,35054.842617522125,5687.88200072462,5.422225064936262,1423.9418614135138,0.0,0.0,35.15155901374294,15466.011914842411,151629.8716692561,3359.958778001169,0.0,0.0,0.0,0.0,0.0,464.27521693943646,0.15197948690447552,4473.806491626887,0.0,0.31427250783050603,429.0455585628873,0.7758187932812267,28.853763440887327,777.8980259162003,0.0,0.0,0.0,0.0,0.0,0.0,8186.436692027738,0.0,0.0,0.0,0.06501726033306301,13.00302636544523,0.0,7729.32253152556,0.0,0.0,8302.122739507495,0.0,0.0,0.0,3.9097309109047726,3033.025973521912,180.7455435150745,95593.35959964868,11.15338051918908,3066.434864457643,18602.39970922102,8.576461062366299,672.9862526828466,0.0,114.28060743879341,592208.0422319254,2785.157231294533,7.96923836846826,3.0664595412307083,0.0,0.0,1.3515251236029884,0.0,40.51962303012768,25908.80959035715,569.2416667030969,4.555252331571378,4726.324260430923,0.0,0.0,501.7090907545227,0.0,0.0,1.2046986772906174,47147.680520584196,0.0,0.0,0.0,0.0,0.0,0.0,0.0,0.9593113751639166,30.79204376099959,912.2092957891874,0.0,20.341899208825918,296038.7497565888,711554.7789352121,7.861457607134905,5731.040919259164,480.8065690492667
1993,675.6576958296464,0.0,4.792365031581064,0.0,118.13067608804603,0.0,5191.318102080041,0.0,8.109074526317848,0.0,0.0,0.0,0.0,2.874810998912349,0.0,0.0,10839.734950096117,0.0,0.0,0.0,0.4804276377091726,5422.479223014738,0.0,46.33985830816002,21.0281339323149,0.0,3.1610608177527846,440.24702698327,0.0,0.0,21292.47885013834,13666.642425890634,1586.5161215206515,11534.846589329172,0.0,0.06343935710871196,46.80729925761903,2495.557629937022,41.415878711747744,0.0,375.9475505781672,95131.98392595448,4604.641916097537,0.0,159.5112417098339,134.2404532284039,1.8679782086758077,2017.6592498721905,0.5382811880953159,21956.3096656414,0.0,0.0,0.0,0.0,83504.69748477766,0.0,1.5781641198769634,0.0,3.798781661512392,162.18989087857983,0.0,207259.4310225182,66.77775936498907,0.0,1.8056365067493176,0.0,1009.5215695964462,10.63216344364686,0.0,21175.179036052377,0.0,0.0,0.0,913.2298896911958,716.666128452426,0.0,5.627533698484099,16488.831275779678,0.0,0.0,0.0,0.0,125.5292290194193,8171.32693733608,1010.094483232008,21.22467076138802,11.692486621628019,18.324567903761114,24.118499639257855,10.376093939935469,932.652518979282,26.71705562764773,0.0,0.0,79996.1735390738,8728.649777464256,11.506972120132987,6.74280761655487,0.0,0.0,0.0,0.0,0.0,0.0,0.0,13870.543380196299,0.0,0.0,0.0,16.292714963310843,981.9563624947654,0.0,0.0,0.0,2589.881496053877,0.0,0.0,442349.1207494772,266247.31302766275,0.0,0.0,4258.004643144616,23685.536847778556,21.446742570330372,0.0,17525.475149960377,0.0,0.0,180.5808825918339,0.0,21.07919205496448,0.0,20022.20718216772,0.0,0.0,0.0,5.9102771966151995,34653.38217463375,5642.821799562491,5.484118048234095,1387.3930307779985,0.0,0.0,33.45992984365976,15619.282767637069,158203.001615231,3588.7801471633593,0.0,0.0,0.0,0.0,0.0,467.6372213702519,0.16008652446653232,4514.0833726610745,0.0,0.3290855029410187,432.4945112324887,0.823809587662831,30.324782790742177,710.393890733504,0.0,0.0,0.0,0.0,0.0,0.0,8895.550547254912,0.0,0.0,0.0,0.07716690926925947,13.339087092631527,0.0,7897.73867683667,0.0,0.0,8323.185012819851,0.0,0.0,0.0,3.779924792578307,3259.6577174057466,181.68228633405514,96783.72475091706,10.376093939935469,3251.1841521063106,18374.812252535314,8.109428860382742,627.9516002295131,0.0,113.7766843146388,609328.8797580777,2859.599421392826,8.003932942090177,3.1670953631373444,0.0,0.0,1.3648717490962532,0.0,37.301261825400694,26474.893546618965,607.7486583948444,3.4940670973605163,4764.900525184337,0.0,0.0,441.0708365709331,0.0,0.0,1.2398058874346651,48034.41121732485,0.0,0.0,0.0,0.0,0.0,0.0,0.0,0.9358673238672884,32.24868760628579,919.1662604690598,0.0,5.632976838939681,306309.51320937416,729753.5147617878,7.342944065532407,5905.709238801593,434.4570396663338
1994,782.4453392093004,0.0,4.948158204591994,0.0,110.5046621820281,0.0,5619.167733511431,0.0,7.64606730734433,0.9284673741268807,0.0,0.0,0.0,2.7831515096144,0.0,0.0,10339.256294019822,0.0,0.0,0.0,0.47168147661138754,5553.430036119766,0.0,44.97861521359391,20.1129536002679,0.0,3.3553740190130696,364.6764509766952,0.0,0.0,22019.660616492445,14573.282744725617,1545.3097608001788,12421.261790338549,0.0,0.08024643222571427,47.550138389506856,2665.3468848611997,44.19013234569312,0.0,354.452613611226,97936.13992360394,4735.464415836901,0.0,156.93273956366116,125.50768901916364,1.8113688762742828,2182.650481377803,0.5390724570698766,22800.51563699136,0.0,0.0,0.0,0.0,85446.77094092955,0.0,2.3572830132491216,0.0,3.2539724462977695,159.56376667834644,0.0,208342.1222100847,60.28374959444013,0.0,1.763982200814424,0.0,1106.6319381818068,9.998926817868536,0.0,21325.532639936242,0.0,0.0,4.467711392063557,915.5719447421914,734.7247660085053,0.0,31.228021710261167,17116.526696798523,0.0,0.0,0.0,0.0,113.92797934805031,8364.71565295603,1008.2355698181473,22.914926575181635,11.620586434597808,47.886659337185314,53.18577316264097,9.809099993704477,960.7002826624353,27.163840981970598,0.0,0.0,79475.08387436476,8930.694436899745,11.931454429709696,6.726955192589201,0.0,0.0,0.0,0.0,0.0,0.0,0.0,14526.685903531317,0.0,0.0,0.0,16.750103555319072,878.0008747769444,0.0,0.0,0.0,2691.16825350292,0.0,0.0,446932.26540026214,274875.0428702786,0.0,0.0,4263.625459210079,23658.691405877653,19.22735302003539,0.0,17363.387480638125,0.0,0.0,189.13504971624639,0.0,19.92602594382676,0.0,20156.20205278121,0.0,0.0,0.0,6.083651504402214,34090.229976236704,5518.6701103667765,5.73668907484702,1352.7194914067675,0.0,0.0,30.939655647090532,15719.372773933537,164336.81346969478,3834.60100056376,0.0,0.0,0.0,0.0,0.0,483.34793901774054,0.16225885818087507,4736.202551992784,0.0,0.33683745111361185,447.5494107714507,0.8170096174889654,30.107958987320025,600.3626543959836,0.0,0.0,0.0,0.0,0.0,0.0,6787.341042575644,0.0,0.0,0.0,0.09171516187279927,13.776492658923004,0.0,8138.682524892732,0.0,0.0,8522.55718466299,0.0,0.0,0.0,3.6757829138945213,3454.2132914207455,196.81854457880272,95948.24082699772,9.809099993704477,3446.5167433156744,18362.27117998433,7.646411336135316,626.1335669840113,0.0,118.69699668802869,623397.1837579692,2997.104358131013,7.655508293833811,3.356324388110237,0.0,0.0,1.365388305822623,0.0,39.27331316448969,27072.18572416794,637.7512929998652,2.972295577348428,4769.341126921624,0.0,0.0,365.49346059418315,0.0,0.0,1.2052002974620946,48927.96358291393,0.0,0.0,0.0,0.0,0.0,0.0,0.0,0.8266896482247647,34.34753056212612,947.2735495141842,0.0,35.73026183280118,316492.7880572966,743160.5852514957,7.508297356527971,6083.527873270179,416.8666349232385
1995,815.0452029249604,0.0,4.984704833686248,0.0,106.59953430102071,0.0,6036.050185254734,0.0,7.260227770663382,0.0,0.0,0.0,0.0,2.2820340997616877,0.0,0.0,9858.220531211758,0.0,0.0,0.0,0.5028061395835876,5699.942683484425,0.0,45.042836518884066,19.1588164851372,0.0,3.651407691844455,299.2218036269411,0.0,0.0,22606.634123991193,14650.660204986145,1563.824800338958,13366.123251008254,0.0,0.12667153753183114,49.93199302910825,2838.2161330235617,40.993060885221546,0.0,326.4303207988937,101160.70503129651,4937.045397158124,0.0,154.41810864602863,119.83058222869337,1.7915515105553215,2308.2929501299523,0.5392699819405737,23580.997428745017,0.0,0.0,0.0,0.0,87841.80126915459,0.0,1.8028665533652473,0.0,2.8862326644744187,157.0026659843509,0.0,210605.0290139703,57.34093154003362,0.0,1.5958743976254584,0.0,1200.793434337651,9.878466195800133,0.0,21431.94364340334,0.0,0.0,0.0,935.5510593959701,744.6021984761946,0.0,26.722329256862064,17877.68889086349,0.0,0.0,0.0,0.0,93.59696646022702,8623.121877484878,1003.4315323579249,26.207382469681473,11.39260169015338,38.20369954192687,43.0701657873041,9.06138691590225,973.50693967675,28.413705440408183,0.0,0.0,81738.33962888035,8825.182365861869,12.225818150248768,6.749466998631182,0.0,0.0,0.0,0.0,0.0,0.0,0.0,15386.951013736343,0.0,0.0,0.0,16.612299657211477,782.9723667142785,0.0,0.0,0.0,2748.973269050735,0.0,0.0,454380.3050012142,285255.98868151853,0.0,0.0,4306.572398628419,22400.5411750752,17.506892134239546,0.0,17556.83496932346,0.0,0.0,197.42505783276792,0.0,18.80896545531465,0.0,20790.72281923274,0.0,0.0,0.0,6.20685186972472,33685.57355038967,5535.893206034559,6.435075176494634,1309.4381724119366,0.0,0.0,28.829459384472596,15874.172927116344,170399.50578426893,3993.2114722229353,0.0,0.0,0.0,0.0,0.0,516.3745386181004,0.1658170592729399,5048.913136914735,0.0,0.3535737455530066,478.5713794612169,0.7887149583136919,30.099786275849684,510.57806622326865,0.0,0.0,0.0,0.0,0.0,0.0,7119.702517486965,0.0,0.0,0.0,0.14877916883210549,14.346298670111327,0.0,8304.372038431979,0.0,0.0,8755.049855562205,0.0,0.0,0.0,3.617008779420849,3642.31494711691,207.14595307554316,97999.95430593744,9.06138691590225,3689.6193780850763,18642.63006547583,7.260564402868033,670.5950119923465,0.0,509.506037513456,639457.3403137408,3122.0479204955323,7.226675712990052,3.7492886409419777,0.0,0.0,1.4238475000750976,0.0,38.71102678545988,27938.54601096668,685.4108556609724,2.7039300454031476,4737.199874728731,0.0,0.0,300.0105185852548,0.0,0.0,0.0,49993.11683304963,0.0,0.0,0.0,0.0,0.0,0.0,0.0,0.9014889804136849,34.461923704659064,950.3972557127299,0.0,26.748214468533835,327021.0112564815,761633.5489553667,7.332418903560605,6224.116504537724,449.613287407522
1996,886.4137689670523,0.0,5.2139536873911805,0.0,102.44148965640308,0.0,6449.84318660213,0.0,7.094935510428927,0.7592168005951877,0.0,0.0,0.0,1.995362918672112,0.0,0.0,9181.319975007978,0.0,0.0,0.0,0.5114109403597087,5904.385252435403,0.0,44.579378239615735,17.653170822352223,0.0,4.2146869226258605,251.66184233760802,0.0,0.0,23331.36333504132,14825.117413105427,1553.7676086572014,14509.848648326013,0.0,0.3411709783703243,46.603329484288444,3096.157108217136,44.67755918634643,0.0,305.120516740987,103883.5674841933,5256.044717316971,0.0,154.06508496343935,114.31041073653928,1.8097427135168838,2448.7230109404272,0.498137930839994,24366.500605276804,0.0,0.0,0.0,0.0,89679.22566020873,0.0,1.8062162182303834,0.0,2.579286097365682,156.63909633529335,0.0,213867.00725724697,55.03729092333122,0.0,1.4206113067741988,0.0,1270.9174911823948,10.370674480403052,0.0,21100.270960124886,0.0,0.0,0.0,938.7010270426921,764.1971417396014,1.1934796425259901,8.235395015008772,18823.296563602056,0.0,0.0,0.0,0.0,82.81394328552656,8880.68618791623,1016.0553536256032,23.887842339755107,10.95794939831794,19.108108770880033,23.71244354238653,8.373771757770541,993.8962795679932,28.86078429798481,0.0,0.0,80212.68498000973,8952.06691381638,13.279624983973779,6.739334562070807,0.0,0.0,0.0,0.0,0.0,0.0,0.0,16157.41668092543,0.0,0.0,1.3965894704785422,17.886570333329566,706.5934918292908,0.0,0.0,0.0,2964.0719889579004,0.0,0.0,461154.75311449275,293908.17802214494,0.0,0.0,4369.118969651984,21423.67070710999,16.209523769260876,0.0,17850.517582497756,0.0,0.0,214.31315921954564,0.0,17.455229174341394,0.0,20750.711432406115,0.0,0.0,0.0,6.461876992592192,33338.05599074331,5585.1988852446,7.496737067747444,1276.9639238621987,0.0,0.0,26.171371187921768,16080.1598464971,175844.11032226012,4188.310235857777,0.0,0.0,0.0,0.0,0.0,546.6769838201052,0.16919682173481038,5051.1583127260465,0.0,0.3650026573498137,507.1961756168722,0.766313610004451,29.75102791071937,412.0337205608025,0.0,0.0,0.0,0.0,0.0,0.0,7536.030952338988,0.0,0.0,0.0,0.2464990524001949,15.17796676738494,0.0,8456.488830128592,0.0,0.0,9215.519976858654,0.0,0.0,0.0,3.5362749905616466,3742.756681582099,218.49633690134021,95766.70656984567,8.373771757770541,3929.5774256952545,18742.157176639066,7.0952742062328085,842.8125868042154,0.0,445.72505834683994,656851.9034359222,3243.7595703974425,7.064095176208973,4.1759293838936715,0.0,0.0,1.4081673515929258,0.0,38.16314477914594,29571.395667191846,733.878221863614,2.6187394105557438,4772.735919051377,0.0,0.0,252.42815594761254,0.0,0.0,1.169765574928692,51440.68142705371,0.0,0.0,0.0,0.0,0.0,0.0,0.0,0.849482327605889,33.22502616370889,997.5474854756832,0.0,8.243397578383235,338258.5161076776,777027.3769929784,6.840734148302164,6293.181359000836,608.4288965286083
1997,894.7286254439781,0.0,5.389781384333795,0.0,95.04879052971634,0.0,7005.502642093142,0.0,6.829612762560242,0.6695824198848784,0.0,0.0,0.0,1.838792576870988,0.0,0.0,8611.467623071634,0.0,0.0,0.0,0.5103019779286211,6158.271175292427,0.0,45.21085887145091,16.367102053573934,0.0,4.9662872129539055,218.1284544018479,0.0,0.0,24199.635955800066,14858.005425209049,1603.0044419635528,15711.408889346318,0.0,1.223760119095719,47.911170858019325,3318.2727472947367,39.98624863171105,0.0,292.1632578833793,106907.15605949074,5541.677698434301,0.0,150.8300416964218,109.88926041564868,1.9124351808207463,2628.5677796100167,0.4919803850685217,25145.864578812914,0.0,0.0,0.0,0.0,91758.99677532911,0.0,2.2688769551730146,0.0,2.334538275034775,153.34553416817812,0.0,218157.65884483268,50.48807393769822,0.0,1.3375003151428193,0.0,1242.7439893751994,10.607621594388727,0.0,20769.234748570645,0.0,0.0,6.930125754058329,953.0721257886785,782.1924316791966,0.0,9.276184276289152,19947.236112793657,0.0,0.0,0.0,0.0,79.03299952047377,9136.598844559163,1027.632952761446,25.965559629687156,10.632825359993307,26.340899924420242,30.681071756604197,7.628995900907078,1019.4517082864003,30.374916555600944,0.0,0.0,80674.14381492192,9216.357216707836,13.161522784518228,6.768603587076657,0.0,0.0,0.0,0.0,0.0,0.0,0.0,16910.41652204712,0.0,0.0,0.0,17.974934308677284,653.9570327917389,0.0,0.0,0.0,3375.1060815275528,0.0,0.0,470316.2686127481,304154.4205879554,0.0,0.0,4526.141633976881,20705.25961246554,15.386553588263608,0.0,17943.27023454166,0.0,0.0,226.9218930393632,0.0,16.742221156021365,0.0,21380.85969212233,0.0,0.0,0.0,6.759458246888702,32977.68869627136,5598.041101702516,9.590894753839983,1248.8632245097374,0.0,0.0,23.00327457288427,16419.722811323918,181355.23836696948,4349.341520521435,0.0,0.0,0.0,0.0,0.0,581.2539813973217,0.1741087430600683,5206.557812190154,0.0,0.38845774159690977,539.7490972783733,0.7053591187761445,28.1936145384441,344.6776108844324,0.0,0.0,0.0,0.0,0.0,0.0,9020.080063852585,0.0,0.0,0.0,0.5487725996079483,15.615021951644664,0.0,8496.232853590813,0.0,0.0,9785.193638762239,0.0,0.0,0.0,3.4857889700641125,3798.5579053186084,242.31904955467016,95786.2433335651,7.628995900907078,4047.332557541794,19403.83045796602,6.829947516298545,923.8337096869759,0.0,898.2933913725977,676106.7179633263,3396.0034800871376,6.819315044416164,4.8370305534884475,0.0,0.0,1.4079045532545493,0.0,37.47787363495518,31158.115083213,668.3586749027936,2.4882367261640574,4856.417120243647,0.0,0.0,218.8338135206244,0.0,0.0,0.0,52913.14181130316,0.0,0.0,0.0,0.0,0.0,0.0,0.0,0.8466371341402109,30.902647220942473,1013.0552854525349,0.0,16.222128339398633,350118.0693493151,797105.357144124,6.341688537138299,6329.092455042855,662.1204476120234
1998,944.8831448480698,0.0,5.678566802823168,0.0,89.79472840738093,0.0,7948.209121179111,0.0,6.542470076153752,0.5986460194312436,0.0,0.0,0.0,1.7102595439996369,0.0,0.0,8017.089849832835,0.0,0.0,0.0,0.5061126735342952,6448.965354559662,0.0,46.85307574713442,14.8747914698693,0.0,6.005311642956786,193.30035694927545,0.0,0.0,25018.615043572456,14965.86024462307,1529.2616939372854,17061.55363220964,0.0,3.0699155537014136,48.4003856342106,3601.6897931011376,36.549953673114096,0.0,281.45732019276164,111178.85507418447,5881.864397234767,0.0,152.20184279288605,107.69521064572305,2.2479516203559515,2713.204730375733,0.48217861945871954,26014.653522671106,0.0,0.0,0.0,0.0,94697.69920980008,0.0,1.9690898647660633,0.0,2.2202273370325436,159.99559109941237,0.0,222307.48724890468,48.98470205149099,0.0,1.336542981414811,0.0,1252.5544522361922,10.817708889853911,0.0,20311.561276586257,0.0,0.0,10.173769170481743,965.497767492262,801.1555528813356,1.0962164266256362,23.297042541650818,21072.816248410505,0.0,0.0,0.0,0.0,71.72186122360263,9562.830858821988,1033.6638332990494,26.561583271409773,10.676945645053229,42.99890458968046,47.02019689630964,6.9737460720272875,1039.7716428209953,33.713176823583154,0.0,0.0,80260.2880382432,9472.325149427417,13.56696812678641,6.356076969246023,0.0,0.0,0.0,0.0,0.0,0.0,0.0,17771.996384275328,0.0,0.0,1.227615943738356,17.189699269229077,613.6284752268904,0.0,0.0,0.0,3628.5226918107364,0.0,0.0,479664.24525423755,314736.7954067865,0.0,0.0,4702.954192542816,20339.161848474872,14.563900109242395,0.0,18148.6874105977,0.0,0.0,242.84728119693392,0.0,16.004598758793396,0.0,21049.78009941868,0.0,0.0,0.0,6.820587674663228,32942.120730960334,5712.673396087973,12.205484093940422,1195.6048531687634,0.0,0.0,20.363834086672227,16698.38632405935,187183.8789733857,4576.901721715113,0.0,5.173138008630467,0.0,0.0,0.0,606.8532769512459,0.17787882487519158,5349.746639566124,0.0,0.3800042282224682,564.0205228551982,0.6756840432619995,25.93523488602077,290.7594251924728,0.0,0.0,0.0,0.0,0.0,0.0,9463.50381488253,0.0,0.0,0.0,1.1300883646931716,15.771856892232886,0.0,8531.949471904421,0.0,0.0,9965.184025930394,0.0,0.0,0.0,3.360226851871446,3844.8849057486154,260.3687701333835,94869.58245655807,6.9737460720272875,4284.035424165868,19184.5532676223,6.5427989940150955,869.60434621055,0.0,506.35543701286224,696651.8468232199,3573.33453317078,6.7686699945537,5.668404002727424,0.0,0.0,1.4699904299777948,0.0,31.917215739319232,32533.50753833783,636.6774018639522,2.50026612800224,4988.404895376867,0.0,0.0,193.97604099253732,0.0,0.0,0.0,54596.745173659045,0.0,0.0,0.0,0.0,0.0,0.0,0.0,0.8082248302476035,29.75991282529119,976.2759255744273,0.0,33.503651830267316,362295.9001539199,816746.931762961,5.640375831931206,6402.658784866887,585.3563763375406
1999,953.6963464503772,0.0,5.915557933090017,0.0,79.2575829014914,0.0,8641.918149042733,0.0,6.3372649270689125,0.5525228160333401,0.0,0.0,0.0,1.5940855126122793,0.0,0.0,6977.635742107372,0.0,0.0,0.0,0.488324303103493,6762.269584691594,0.0,47.1444123851151,13.083355528659155,0.0,6.390631198483788,169.20126867071465,0.0,0.0,26336.53019387651,15068.056613534678,1544.9544360537552,18515.374014664743,0.0,3.9246525011775897,46.394503084534314,3902.4141022110084,33.78805110311471,0.0,256.1758273220264,114721.3351810522,6222.385883368134,0.0,154.90367855905555,102.82271261400835,2.8067670319624,2903.300377692825,0.47538674160296324,26824.635445751148,0.0,0.0,0.0,0.0,97042.18469038827,0.0,1.9195030283443217,0.0,2.1715903243663957,162.6373235423667,0.0,225967.38355259912,44.35838413392,0.0,1.1803440215524104,0.0,1263.6822603974404,9.509336651422919,0.0,19729.075793897795,0.0,0.0,10.22467954666995,967.8356013200261,821.6327898948107,1.045057739690529,13.047210194649008,22346.041950152616,0.0,0.0,0.0,0.0,58.72784605485385,10005.207510770013,1055.1072715882162,24.040411634295403,11.10780311410988,32.255766754962366,36.03092791682115,6.3985000088230075,1012.9209980334276,34.65169315826838,0.0,0.0,77941.40634676443,9304.618214232356,13.674143736837884,6.119756011583251,0.0,0.0,0.0,0.0,0.0,0.0,2.3143620523128834,18484.002155719216,0.0,0.0,0.0,16.489019834892037,551.6934404539797,0.0,0.0,0.0,3917.7339740632633,0.0,0.0,488137.9070610121,324783.25251390645,0.0,0.0,4849.230249196468,20626.61376439057,14.834073524179328,0.0,18780.606722152545,0.0,0.0,259.2187048861788,0.0,14.753298333669207,0.0,20519.99215847949,0.0,0.0,0.0,7.010819845067227,33057.634267694,5979.54566249293,11.973544258537599,1165.819462505206,0.0,0.0,15.848185384269861,17259.532069670186,192996.4614865791,4787.305480061554,0.0,5.07236728490787,0.0,0.0,0.0,628.0355531202916,0.1810655515260265,5292.237159892405,0.0,0.38819881404511497,584.4642477395629,0.6642584752127481,21.815843238912247,250.13445850874783,0.0,0.0,0.0,0.0,0.0,0.0,9448.237966049683,0.0,0.0,0.0,1.1417494675116935,15.543627514363248,0.0,8589.272569120587,0.0,0.0,10501.527631498187,0.0,0.0,0.0,2.9656817260676207,3838.6779266095136,271.88588305131935,91424.24312365455,6.3985000088230075,4455.4002655135255,19094.43617448804,6.337589077434242,995.8859645013817,0.0,392.55151404539504,717986.0857821942,3773.803450151661,6.986188885276685,6.026936468525567,0.0,0.0,1.470354310367272,0.0,28.28202298246569,33727.95073904092,554.9525646245611,2.5417731671754633,5095.126033342027,0.0,0.0,169.86552714592753,0.0,0.0,0.0,56099.33301786055,0.0,0.0,0.0,0.0,0.0,0.0,0.0,0.7465930823395287,27.328162199756214,1007.896875141211,0.0,23.29483883056388,376301.48108404153,834704.2558565349,6.450877351492275,6432.2595044367345,699.6089695245153
2000,924.8308967991852,0.0,6.194530023959561,0.0,65.35194824832908,0.0,9462.068931291311,0.0,5.843358368579663,0.5178913390358503,0.0,0.0,0.0,1.5043954977517895,0.0,0.0,6103.251553548954,0.0,0.0,0.0,0.4707993189296524,7143.28920372476,0.0,41.93758444045151,11.285183852334841,0.0,6.489652370017399,147.6285779450396,0.0,0.0,29214.545568708425,15007.201646692874,1660.2809847378253,19883.07323902378,0.0,3.7321967905969036,45.72572413758692,4128.3008744861745,35.67620355432363,0.0,235.13295335514758,119952.43744250426,6601.862815891952,0.0,162.51036060829767,99.9815569725211,4.675044050012832,2982.687815491694,0.4308819186347632,28093.37516187237,0.0,0.0,0.0,0.0,101212.42098713802,0.0,1.8267105071842544,0.0,2.111637886086881,170.26234812997282,0.0,220683.3535222221,36.6422560499598,0.0,1.1254105159514765,0.0,1228.5133175601104,8.940897668899138,0.0,19228.762703776287,0.0,0.0,13.444946561954277,938.4455165370409,845.6268214159747,0.9960461809143831,0.0,23738.808140110097,0.0,0.0,0.0,0.0,48.95641776782953,10346.783997402288,1174.9352040094295,23.242836326788353,10.60112181920664,22.023844057410226,25.191712794858486,5.889788677025378,979.6739758028159,33.78330173507879,0.0,0.0,77719.56212011423,8793.636929870967,13.83019331367641,6.108903996446859,0.0,0.0,0.0,0.0,0.0,0.0,2.7870844351727073,15573.14805747616,0.0,0.0,1.0954204018786107,19.523006697546993,494.48296701872,0.0,0.0,0.0,4135.9037946175595,0.0,0.0,496577.84777182864,333944.9693116513,0.0,0.0,4961.586366167716,17262.467337554175,14.226537986914378,0.0,19582.257541362,0.0,0.0,276.564318526416,0.0,13.59979801714309,0.0,20056.149406517005,0.0,0.0,0.0,7.087793565213744,32767.6991744421,5970.693543649618,12.328317389856112,1131.9044854378878,0.0,0.0,11.804781115104575,17790.649823164953,200435.13049121085,5000.235499380337,0.0,4.966667058824216,0.0,0.0,0.0,641.870572991542,0.1872122900126963,5569.276692427922,0.0,0.40221323254588454,597.4255840356419,0.6437633326166978,17.42450834603436,225.81149607134614,0.0,0.0,0.0,0.0,0.0,0.0,8830.28042762097,0.0,0.0,0.0,6.185869759035024,15.4107851097168,0.0,8831.105389998611,0.0,0.0,11052.848501834142,0.0,0.0,0.0,3.0404510474802837,3813.5623836458667,280.884597828662,90565.93243596944,5.889788677025378,4690.779607648352,18624.760847446876,5.843661030687069,1175.773291338026,0.0,461.26249708209014,736238.4229311754,4008.0161538149077,7.718383761713958,6.170338291866124,0.0,0.0,1.4383353927022091,0.0,24.246087656351946,34753.878409096236,417.2983776468974,2.3244500620777084,5262.400490002566,0.0,0.0,148.27234127765638,0.0,7.469621609163044,0.0,57160.426940571684,0.0,0.0,0.0,0.0,0.0,0.0,4.5292780432184,0.8393870331588744,25.048592080338363,1034.3629038189572,0.0,13.45826308714603,394426.8586751115,851796.8355184622,5.929676966589972,6483.743264255258,869.9003854576243
2001,952.4043841903882,0.0,6.522170312771081,0.0,52.371500446040415,0.0,10966.86716178087,0.0,5.614322399576808,0.49806614667305205,0.0,0.0,0.0,1.4395605398868805,0.0,0.0,5477.338938611003,0.0,0.0,0.0,0.46182146263841334,7353.2468258150775,0.0,41.64504478752089,9.875082352279364,0.0,6.5746527327636874,133.77196927125087,0.0,0.0,31118.11764260572,14894.139496431439,1558.3241998274598,22957.54342178745,0.0,3.627339242185718,43.74889607054601,4388.412034186983,29.76279509200818,0.0,219.14777491193817,125994.64512754859,6531.558213417077,0.0,168.37715209997685,97.64162789226528,8.997068122555177,3242.182512331929,0.418714452117755,31617.932740711673,0.0,0.0,0.0,0.0,105235.87336470243,0.0,1.7369070188473188,0.0,2.0840470279234062,176.13819254786034,0.0,225147.49018417604,28.498106359238967,0.0,1.0737307691987832,0.0,1187.712217226826,9.958121919432118,0.0,21627.76140296967,0.0,0.0,10.92678924132779,973.5978373197396,688.7447604072934,0.9302226594306037,0.0,25736.50820235917,0.0,0.0,0.0,0.0,38.7225702341108,11588.792696142218,999.8382896045362,20.797875498293706,10.156278957896552,18.94575446390121,21.89748817980515,5.34522411882269,950.7586763309072,35.222722953384555,0.0,0.0,78825.1456199185,8407.210110176955,13.868570077633546,5.587162179229245,0.0,0.0,0.0,0.0,0.0,0.0,0.0,17648.934862012513,0.0,0.0,1.0332611482650675,17.927437778127345,449.66002085869513,0.0,0.0,0.0,4596.624969888023,0.0,0.0,512711.01549272385,351629.1641654107,0.0,0.0,5854.021271206908,16995.973492305067,13.412558236210389,0.0,21002.466487839763,0.0,0.0,324.6337560354758,0.0,12.7258595962019,0.0,19538.580117049478,0.0,0.0,0.0,0.0,33470.29651204278,6178.973760690658,11.31988111726832,1098.1380366523617,0.0,0.0,9.326345498986235,18837.80892234411,207377.57562716526,5057.297424300301,0.0,4.878071254482391,0.0,0.0,0.0,645.3967700826628,0.0,5811.008921676713,0.0,0.42581262230599315,600.9034570633236,0.6198801589195688,13.998311734522023,212.38564369446507,0.0,0.0,0.0,0.0,0.0,0.0,8451.784617220173,0.0,0.0,0.0,12.530871960205028,15.155633346322034,0.0,8508.536316923171,0.0,0.0,12318.877521922257,0.0,0.0,0.0,3.0900474489896173,4112.979650338138,264.86412600808575,91253.27656164629,5.34522411882269,4829.811610577505,18041.119849427163,5.614614277839252,1346.782986581334,0.0,266.0386314216345,769393.2063369199,4045.863746920796,8.73109213537637,6.278226621648522,0.0,0.0,1.442948012705404,0.0,21.496558834511344,35429.58478374025,290.8567547092063,2.46709214831559,5321.537017473327,0.0,0.0,134.39184943017025,0.0,6.754936445940265,0.0,54453.358358603786,0.0,0.0,0.0,0.0,0.0,0.0,4.365125763241214,0.7996724348987851,23.590390893366685,1068.9266536307443,0.0,10.937649783143236,416904.28803861386,885067.7554390548,5.732770538995789,7220.224816687946,1057.746100101566
2002,951.3990776755285,0.0,6.828800816009248,0.0,43.75550794898785,0.0,12320.528549815888,0.0,5.395653472715004,0.47327632370789036,0.0,0.0,0.0,1.3956718032178312,0.0,0.0,4866.947071268766,0.0,0.0,0.0,0.4416895134335446,7570.834967695115,0.0,40.83210800316821,8.891189819585989,0.0,6.638020148884367,121.99617864810764,0.0,0.0,32995.24576428245,14958.26632274613,1565.5143959953718,26964.952940764008,0.0,3.545325744108601,40.271342341926356,4768.154017661106,26.072354417397005,0.0,203.24877019259182,130395.97647307455,6789.215086294294,0.0,169.91199131551906,91.91138767724424,8.541783596096007,3387.2294817561938,0.39774998195349315,33682.05345479512,0.0,0.0,0.0,0.0,107796.18422832046,0.0,1.746384944382486,0.0,2.098599526820637,177.61513417705063,0.0,223786.13714951542,22.943232476934554,0.0,0.9388481036814489,0.0,1158.8831059169875,8.275598508350756,0.0,22694.25089666891,0.0,0.0,18.753446053942838,964.997089603937,621.4896136119605,0.8838168114081077,0.0,27729.812881209633,0.0,0.0,0.0,0.0,31.585534582754935,12605.141502183442,842.1490206528092,19.075414482937312,9.879213646497705,26.438502667282197,29.09853655384201,4.9304641294380875,924.4500496361483,36.26764155574248,0.0,0.0,76634.40589389931,8241.856741780455,14.18943104877247,5.559770513530991,0.0,0.0,0.0,0.0,0.0,0.0,0.0,17305.597697245557,0.0,0.0,0.9901313762356768,17.726321986141233,409.8807848547898,0.0,0.0,0.0,4815.531061032953,0.0,0.0,523647.4020031816,367324.4186431477,0.0,0.0,6890.059695805513,16472.993575394783,13.155767067463108,0.0,23613.938771554665,0.0,0.0,382.1861301150915,0.0,12.277574771508863,0.0,19099.303052909803,0.0,0.0,0.0,7.5970539619723745,33324.62229714013,6252.7299644078585,10.333381211647565,1066.9793219269804,0.0,0.0,7.304130774801573,20302.408340957805,216208.17885114404,5050.827776408994,0.0,4.792693694766244,0.0,0.0,0.0,635.9663498706731,0.0,6038.22433759784,0.0,0.448526332561731,592.3403749331056,0.6089857231759355,11.92108565246727,201.069638819879,0.0,0.0,0.0,0.0,0.0,0.0,7343.35298259564,0.0,0.0,0.0,15.086182942843344,15.293157683766118,0.0,8123.467448485846,0.0,0.0,13530.686664164336,0.0,0.0,0.0,2.9360411677591793,4212.435758638412,245.43478229437343,88647.38873269595,4.9304641294380875,4848.254041180038,17904.812340581942,5.395933218899774,1449.8319906631864,0.0,207.38589998780262,798358.7269191889,4032.4663269005355,7.373394612042717,6.279653822495514,0.0,0.0,1.5031919191025418,0.0,18.055830960996897,35316.93900413702,229.1061503938132,3.047113179246718,5923.096395453809,0.0,0.0,122.60516437128352,0.0,6.09615109434478,0.0,52691.639193922536,0.0,0.0,0.0,0.0,0.0,0.0,4.273627141830587,0.8739802398595199,22.117376412343102,1148.7679406666873,0.0,18.772139205504104,442726.7813059359,911240.3889287506,5.70668356966297,7571.335086314196,1181.1461531857858
2003,1160.444041854643,0.0,7.069089059508308,0.0,37.32688339963813,0.0,13418.836991913611,0.0,5.05920002521761,0.45907877822817317,0.0,0.0,0.0,1.355252247784322,0.0,0.0,4610.559134478091,0.0,0.0,0.0,0.41395729537890624,8261.24495321,0.0,39.2312033575924,8.065523885740138,0.0,6.631517059315604,111.56321900002362,0.0,0.0,34042.761066206775,14319.690738778672,1621.5785780122765,29459.520724042304,0.0,3.36059136565273,38.81751667444277,5190.038348929078,27.82750306123819,0.0,186.68147115981665,137707.69258999673,7243.0876229198575,0.0,164.9732964534922,82.0058955540127,5.567601849190532,3493.5482633355127,0.3866437597138465,34803.58750768475,0.0,0.0,0.0,0.0,113494.42052996262,0.0,1.9633130515657027,0.0,2.1298817011778723,172.4799676691745,0.0,218517.48849873326,18.531704007568397,0.0,0.9182728133350433,0.0,1196.3153053089466,9.198340340093129,0.0,24036.558920042895,0.0,0.0,16.47903503042639,914.5331505469816,584.063755685208,0.8139025184329015,4.511634317914478,30001.985665001957,0.0,0.0,0.0,0.0,26.641799831022038,13690.021581886955,702.5810846360129,18.485656891137648,9.703932472376694,28.313485954782237,30.68606425224634,4.614960435342393,909.3319105374416,36.76901620790424,0.0,0.0,74734.37101496161,8144.7556417764,14.360883545239501,5.1729253154974035,0.0,0.0,0.0,0.0,0.0,0.0,3.268256172898725,18132.80710267992,0.0,0.0,0.9347646453385655,18.104302664193977,375.0022535658763,0.0,0.0,0.0,4846.972604171282,0.0,0.0,531024.716945031,383116.274757256,0.0,0.0,7980.994027827513,15524.515815863879,13.112938093973018,0.0,25378.88939457085,0.0,0.0,422.08388271247776,0.0,11.82293781831653,0.0,18762.80295791255,0.0,0.0,0.0,7.752499479514529,32611.726881821607,6363.638164271798,9.99648495554917,1040.5192060906452,0.0,0.0,5.744932592093367,21921.41810600224,226236.79157239996,5159.680196782279,0.0,4.6765202023753485,0.0,0.0,0.0,653.8704013646881,0.0,6039.814285506583,0.0,0.47608074948772044,609.408553909715,0.6131633319552641,10.72965550632959,190.68184703032935,0.0,0.0,0.0,0.0,0.0,0.0,5189.955176017063,0.0,0.0,0.0,7.487656200388102,15.472510962907252,0.0,7026.837564679344,0.0,0.0,14552.054878303254,0.0,0.0,0.0,2.851396713493212,3899.524624529849,226.26292073233176,86464.4948443945,4.614960435342393,4882.14411662866,17886.88150787438,5.05945996800805,1393.260005624838,0.0,104.18964263152486,823287.2434511661,3932.1403646938934,6.72533490399763,6.275863106550306,0.0,0.0,1.5159805364350865,0.0,16.840541743548123,32107.913766324422,180.14760301083174,2.591682945180074,6476.445164626182,0.0,0.0,112.17638233197913,0.0,5.674880988334477,0.0,52169.91193417242,0.0,0.0,0.0,0.0,0.0,0.0,4.1557069550074095,0.894250669700397,21.915891833931138,1223.6245885285418,0.0,21.011643848895858,465668.80235681025,934058.1661901291,5.561204605372042,7509.795659461359,1144.093219771091
2004,1129.3310864715777,0.0,7.226523960556175,0.0,32.32560953721534,0.0,14910.02672428048,0.0,4.591652873265552,0.43964198157043327,0.0,0.0,0.0,1.3087670706298506,0.0,0.0,4648.212620690035,0.0,0.0,0.0,0.39594978034906986,9666.128400037835,0.0,37.95331427505771,7.514673762554236,0.0,6.403414611646208,103.14488925818432,0.0,0.0,33889.24396003673,12696.435508459297,1570.2957919555292,31401.635082448265,0.0,3.160878328793186,36.7443004715039,5517.659303621998,23.110690860893587,0.0,170.96884864587327,142958.0808479014,7324.487118119971,0.0,164.59732401787696,74.67035476515183,1.6852479703957632,3370.4680223891205,0.368857280358707,34563.03686361063,0.0,0.0,0.0,0.0,117043.99776906536,0.0,1.692048990005485,0.0,2.181916901075502,171.95985830222904,0.0,206231.02573264085,15.172327284994333,0.0,0.9332647102425873,0.0,1319.5615833303202,8.690966617662069,0.0,22497.97180527802,0.0,0.0,5.813842432943172,796.3674452141612,501.7496732386796,0.7541751990825879,2.3932977177937977,30441.000806829084,0.0,0.0,0.0,0.0,22.418132435602875,14914.219216362118,550.3357904629961,17.181906181175112,9.61250914651159,17.143961617269838,19.092551789535246,4.232680624748258,890.0402162094385,37.03834198861676,0.0,0.0,74338.50696593388,8003.411008387553,13.893393816113244,4.797188837562917,0.0,0.0,2.0505716488575763,0.0,0.0,0.0,0.0,16475.49573366688,0.0,0.0,0.8779564892636049,17.730189496768695,343.8067691093514,0.0,0.0,0.0,4849.945742361688,0.0,0.0,530887.1950494325,384009.07160406065,0.0,0.0,9103.222455357592,13792.375929432283,12.38053047790926,0.0,26948.696548105814,0.0,0.0,433.53355269126155,0.0,11.06221744029686,0.0,18540.62213812818,0.0,0.0,0.0,0.0,30271.721541819774,6235.352279956667,10.686209214748564,1007.9929336332576,0.0,0.0,4.661792973424906,23493.469252724062,226260.35481202314,5179.633543437788,0.0,4.5378894684669655,0.0,0.0,0.0,662.4707222346464,0.0,5896.168698634482,0.0,0.47598688055616517,617.8410713155986,0.6231211965752353,9.638608489666758,176.56298619096347,0.0,0.0,0.0,0.0,0.0,0.0,3293.262118400083,0.0,0.0,0.0,7.096695132567365,15.214719485936117,0.0,6564.422039469562,0.0,0.0,15592.299284060384,0.0,0.0,0.0,2.7518377360661037,3488.2426466337797,203.37391825330266,85928.83453316682,4.232680624748258,4975.282897716607,17466.48912035657,4.591886623814425,1241.5928568071574,0.0,45.31618367650848,824757.8243618304,3993.5775378717553,6.079653290492053,6.3017978857409185,0.0,0.0,0.0,0.0,15.696358421461056,28102.901489655156,140.05095214368407,4.343853916846043,6915.058410798499,0.0,0.0,103.7680104547595,0.0,5.354408749707831,0.0,54467.459471969945,0.0,0.0,0.0,0.0,0.0,0.0,4.033791698886044,0.8833259692838974,19.339900171622556,1237.1522539530245,0.0,10.267984540972543,474327.12492448126,934553.2221510884,5.5050070106280975,6926.436257800617,1014.8275168417174
2005,1148.088725807399,0.0,7.2365601290192565,0.0,28.546731874188414,0.0,15049.746841518141,0.0,4.3390483394249495,0.42776722862389965,0.0,0.0,0.0,1.2888989330930618,0.0,0.0,4662.591906690631,0.0,0.0,0.0,0.37843395222481013,10579.22914442989,0.0,36.69816692551103,7.102654731334308,0.0,6.1795353493926015,95.20290951696056,0.0,0.0,33267.17097610269,10642.872027852216,1521.0733547177306,31736.736640245847,0.0,2.9740980054958395,36.97910703739375,5739.621180621399,22.18941470476079,0.0,157.4680871266835,145751.880365516,7843.377317364433,0.0,164.21802765079778,66.85876701123097,1.2501669985490105,3234.25239242189,0.33460862587492807,31834.0074137867,0.0,0.0,0.0,0.0,119827.22264537659,0.0,1.6469737083913074,0.0,2.1891586643768233,171.41568361194714,0.0,193643.34705461096,12.750716081689884,0.0,0.9152539016680895,0.0,1224.2859190733157,8.66442650645364,0.0,21502.950280867713,0.0,0.0,5.053514677233398,676.7513865047242,430.4013019749751,0.6810553998181847,2.4549854652431056,29984.396407287943,0.0,0.0,0.0,0.0,19.654835245575857,15089.929259766843,424.2257491591498,17.135782836382766,10.042172521101966,16.3171336005834,17.914540146431328,3.871801939603697,878.209010916132,36.731821851366774,0.0,0.0,73788.35143361431,7929.499486489045,13.392787583407465,4.513735715701341,0.0,0.0,2.185241755353258,0.0,0.0,0.0,0.0,14103.358401364407,0.0,0.0,0.851396584387237,17.158725479495356,318.78643230060237,0.0,0.0,0.0,5144.675639457099,0.0,0.0,525639.7041153931,382134.1538057711,0.0,0.0,10856.041491972448,12081.71163408025,11.833793287176084,0.0,28377.665709903715,0.0,0.0,476.76292528345425,0.0,10.843802125097032,0.0,18247.2826080017,0.0,0.0,0.0,0.0,28137.374691187764,6128.140469682187,9.549733612369147,1064.2230568468203,0.0,0.0,3.854364017629254,24384.84701344832,229495.78715508824,4731.163436972138,0.0,4.380748844661178,0.0,0.0,0.0,678.6831306737004,0.0,5606.004898998659,0.0,0.47822289092784165,633.3628850106865,0.5895967453759771,8.69336106116426,164.47131293200027,0.0,0.0,0.0,0.0,0.0,0.0,1962.0835691699883,0.0,0.0,0.0,0.94719202290815,14.668352607864229,0.0,5918.495574417411,0.0,0.0,15977.974965165819,0.0,0.0,0.0,2.8035891572090463,3644.0394095137553,179.57174781432158,85157.86946307581,3.871801939603697,5227.218606677106,17211.019835630723,4.339265890815172,1192.7876532969133,0.0,31.820067769209214,818808.1097494749,3528.2821399146355,5.927008642118097,6.261079625029145,0.0,0.0,0.0,0.0,14.985126731005916,26025.110978153272,112.56003957351612,3.2193175561194787,7243.589320798816,0.0,0.0,95.79250626233659,0.0,4.97876166457241,0.0,53811.716454176036,0.0,0.0,0.0,0.0,0.0,0.0,3.9551698278325382,0.8222927678398934,17.796411457312757,1267.7069811837669,0.0,9.703472316012475,478220.0946760504,927117.1516865895,5.5548603019082305,5516.535371268264,991.2255568958016
2006,1184.5530074282224,0.0,7.205832973529324,0.0,25.538445709431425,0.0,14430.012318547857,0.0,4.143760648231723,0.0,0.0,0.0,0.0,1.2222161472835305,0.0,0.0,4436.423635976442,0.0,0.0,0.0,0.3596400340885168,11156.895653806176,0.0,34.98599134458309,6.777934083270358,0.0,6.3466942599950515,89.90446642165182,0.0,0.0,34344.57107220906,9605.590053468419,1497.4792512183183,30294.661401732243,0.0,3.0290707479885746,34.82247331058502,6041.310527749235,20.92452530908068,0.0,147.78849391035476,146645.04778493367,9051.714881324571,0.0,152.60867868027827,61.86236365475443,1.5634807486360036,2982.1547779579546,0.3376116525861039,30946.168101895048,0.0,0.0,0.0,0.0,121560.34831906628,0.0,1.6321539181468683,0.0,2.285208262730243,159.45317672954806,0.0,173366.8186079414,10.947635650485685,0.0,0.8592849528125264,0.0,1039.3561765409013,7.389982009395493,0.0,14467.704070010266,0.0,0.0,4.628226156272627,591.8656650716229,378.1056693808458,0.6443416191150976,2.5543459084224627,29253.116099735107,0.0,0.0,0.0,0.0,17.197928499456157,15090.519643221474,355.78051055718316,15.280194447565743,10.904215147789108,15.695230961834712,17.17513769507475,3.5356360558906834,848.5155308591548,36.509981862638526,0.0,0.0,70515.34011830715,7820.288409296625,12.780690127030384,0.0,0.0,0.0,2.303419221770149,0.0,0.0,0.0,0.0,11663.605494788237,0.0,0.0,0.8221381981985543,16.195482970469005,298.6137212474766,0.0,0.0,0.0,5117.944218178466,0.0,0.0,511358.44665221556,380004.81246024196,0.0,0.0,10699.737127516966,11649.680779553664,11.063151587736744,0.0,27708.83541922112,0.0,0.0,385.79816847364003,0.0,9.973039859515467,0.0,17489.311924843518,0.0,0.0,0.0,0.0,28811.17772739634,6118.181722612653,9.36880404373159,1069.7313102997405,0.0,0.0,3.1930191858031622,25570.09041478042,235708.00066008014,4629.5165852615955,0.0,4.225022628613023,0.0,0.0,0.0,705.9531504169881,0.0,5280.077583788751,0.0,0.4913146744306091,659.4985160970887,0.5598418954536956,7.812875975675419,152.26592068866873,0.0,0.0,0.0,0.0,0.0,0.0,1444.779210750578,0.0,0.0,0.0,0.5637373398346743,14.913469692496797,0.0,5403.0916409908305,0.0,0.0,16263.955220949203,0.0,0.0,0.0,2.6557881573588125,2932.658607837833,161.5072896147298,81336.5586397164,3.5356360558906834,5054.8363684896185,17020.913528446355,4.143965072840253,1245.15792689509,0.0,23.88219358679119,805717.3897310448,3395.4139582167436,4.757579693954838,6.193188716898563,0.0,0.0,0.0,0.0,14.587315878169267,22204.078653131863,86.8741653628626,2.9874451390624146,7420.838322016287,0.0,0.0,90.46430831710543,0.0,4.5995373790494165,0.0,50079.764884761425,0.0,0.0,0.0,0.0,0.0,0.0,3.648513466314187,0.78625033190807,17.363949568357636,1268.4450467795873,0.0,9.495536566343802,484460.3654112737,909906.4981958665,5.641344177539838,4634.1260626005005,1061.741950259735
2007,1118.3965083681703,0.0,7.302345204338719,0.0,23.586845966654398,0.0,13243.02448376391,0.0,4.073186802290682,0.0,0.0,0.0,0.0,1.1450532014457524,0.0,0.0,4387.8565396269705,0.0,0.0,0.0,0.337067995376293,11265.728987450639,0.0,34.555276048456356,6.546501123061007,0.0,6.3284743596540975,84.88109278031075,0.0,0.0,35242.19219225317,9134.752881210032,1426.162098803482,29195.10251495388,0.0,2.916440855153608,32.403298206833156,6046.695456710257,20.218361604606354,0.0,137.11986390683265,146578.52722770956,10583.759472724096,0.0,145.63679212236605,54.80298412724054,1.1462350765727645,2758.237777939897,0.29432636027519893,30929.29253477143,0.0,0.0,0.0,0.0,122924.08207121029,0.0,1.5091395179242695,0.0,2.1692157535227388,152.1915730814782,0.0,156889.69285160422,9.694275557250982,0.0,0.7919133622453882,0.0,1052.6797221397396,7.600532804711247,0.0,10750.883225177182,0.0,0.0,4.236750834004849,553.8077159453545,353.2781799978032,0.6217745823209091,4.721893231103497,29934.249879554547,0.0,0.0,0.0,0.0,14.993232135127169,15257.65798600248,343.24034932806074,13.387263140450528,11.02081398321042,17.377222315710593,18.724564744315582,3.333611609759246,820.9335542216642,36.29376639976504,0.0,0.0,68407.44623907405,7699.3182655802975,11.921087404343764,0.0,0.0,0.0,2.3475200487873975,0.0,0.0,0.0,0.0,10097.799027149182,0.0,0.0,0.7722870784547381,14.847538810029139,278.51877554663554,0.0,0.0,0.0,5100.779221646875,0.0,0.0,501561.2616525569,375807.41630295094,0.0,0.0,10268.603679789183,11588.09937741769,10.515412649669706,0.0,26951.85010488111,0.0,0.0,342.85533738313563,0.0,9.562196106470605,0.0,17151.118106396694,0.0,0.0,0.0,0.0,27142.75742645697,6067.445523118096,8.855549849176846,1045.625793651072,0.0,0.0,2.879866134022325,28257.365567735855,237151.29685771928,4111.513875733082,0.0,4.057013072556949,0.0,0.0,0.0,701.8491350010366,0.0,5038.255005898167,0.0,0.4917338527239842,656.2155636794968,0.5276746860044081,7.346069286342403,139.2934469086003,0.0,0.0,0.0,0.0,0.0,0.0,1497.653998849761,0.0,0.0,0.0,0.5178277656854637,14.882397716244242,0.0,4999.286283316259,0.0,0.0,16507.127933383348,0.0,0.0,0.0,2.5416870983733433,2490.0445153835485,140.55108307405777,78913.73885429882,3.333611609759246,4902.022217666852,16712.11400678083,4.07338480274113,1154.7680878384774,0.0,20.98941248760473,794626.976677775,2945.019310811738,4.33450997710924,6.288725851110999,0.0,0.0,0.0,0.0,14.261306822893005,17759.91820730792,67.66084307693222,2.7062019955879784,7578.967840965408,0.0,0.0,85.4087674663152,0.0,4.252032456304593,0.0,46744.38076527956,0.0,0.0,0.0,0.0,0.0,0.0,3.417939919491971,0.7201532656542059,17.009845428962507,1240.3884825933592,0.0,11.317568331815195,490003.98851062224,895535.845824566,5.82041916180343,4404.047718114506,992.7442547044778
2008,1121.6981168646562,0.0,6.996329946752309,0.0,22.341515526891786,0.0,11423.961234737386,0.0,3.8108642478222605,0.0,0.0,0.0,0.0,1.09581186372641,0.0,0.0,4384.2921339959585,0.0,0.0,0.0,0.3178395236932874,11314.017121247005,0.0,32.83333816408884,6.292891494724528,0.0,6.386214174727505,81.59015183666385,0.0,0.0,37104.34561023337,8621.635323145869,1503.9618475803898,26734.22997861578,0.0,2.6953621348956984,32.16733432164879,5867.845199006506,19.99309530323336,0.0,129.91611116875086,140389.03374353697,11753.849092939376,0.0,143.3131380447269,50.44626828499092,1.0889932064616066,2441.502935700097,0.29055138571455164,32563.086682405003,0.0,0.0,0.0,0.0,118963.19429701522,0.0,1.4703286424776998,0.0,2.091655287518744,149.67263547222342,0.0,135890.30629279284,8.88716851925932,0.0,0.7169004783812749,0.0,1109.2256582698642,7.860152639000204,0.0,5677.841229541359,0.0,0.0,2.241002289525847,583.3044188080108,368.00628338526303,0.6230076881339429,5.014291344784706,31369.691794164235,0.0,0.0,0.0,0.0,13.923293482931273,15382.579673604307,392.9893701865855,13.06354859200344,11.207974998487595,15.443287823708339,16.556036283871634,3.1528270771891846,793.2745727166733,34.95750489670412,0.0,0.0,63459.70482467329,7667.210571341446,11.495432868705981,0.0,0.0,0.0,2.327179654210679,0.0,0.0,0.0,0.0,8257.93064348341,0.0,0.0,0.7053814218184588,16.72859443107563,266.5335258673695,0.0,0.0,0.0,5130.296546764432,0.0,0.0,484558.90349439805,371682.9740769883,0.0,0.0,8819.82066418184,11474.567598868996,10.433183136061649,0.0,27309.517201225608,0.0,0.0,297.58989631697705,0.0,9.400846464084232,0.0,16878.145040966443,0.0,0.0,0.0,0.0,23003.21420682803,6038.786409562672,8.426398327189323,1008.8884582438517,0.0,0.0,2.7163447029851664,30435.298879070688,241186.09595443626,3564.799444760459,0.0,3.9067130847457223,0.0,0.0,0.0,722.1410877959066,0.0,5446.09940394807,0.0,0.49805584823921456,675.6358226888109,0.5184130134141093,7.161455512907899,129.40770038952772,0.0,0.0,0.0,0.0,0.0,0.0,1774.4050655909743,0.0,0.0,0.0,0.6096330093352751,15.211535201746305,0.0,5168.994257653454,0.0,0.0,16781.616511998753,0.0,0.0,0.0,2.640809289856212,1560.2802720452758,122.7660301639262,74331.81815902524,3.1528270771891846,4721.023093654163,16838.007779210806,3.8110462879768763,1019.5687840551368,0.0,19.20874998111562,778184.2791991438,2400.454861497188,4.33623632056859,6.274629962798983,0.0,0.0,0.0,0.0,14.371933604133352,15854.575813357866,63.099825130997495,2.740086233408177,7583.371975100199,0.0,0.0,82.10856485007801,0.0,0.0,0.0,42386.15724346081,0.0,0.0,0.0,0.0,0.0,0.0,3.196960725421189,0.6910811456283542,16.966345624720194,1363.529488172099,0.0,9.592162918705588,500885.370378758,874093.8009628626,5.567383465732956,3642.9269468956627,875.7155114264943
2009,1099.0005854148571,0.0,6.80716886293638,0.0,21.508030675639592,0.0,9528.121396638837,0.0,3.66593525312884,0.0,0.0,0.0,0.0,1.0430031007958898,0.0,0.0,4151.972578958734,0.0,0.0,0.0,0.30437427520562893,10915.714500988703,0.0,31.419301894935536,6.1186197770676936,0.0,6.345098823679546,78.23280936988942,0.0,0.0,37966.30262645051,8555.52389220369,1499.687884385505,24048.125609831703,0.0,2.50901233965624,32.470694299223915,5593.12736769261,15.631436290166995,0.0,125.16396312097889,129616.34899568422,12313.65213096064,0.0,137.33379947217037,47.25808966378147,1.4242217629660816,2325.597836377531,0.28066261772054635,33493.42143197644,0.0,0.0,0.0,0.0,110459.16722339731,0.0,1.481527228330734,0.0,2.032748679823403,143.4305942998317,0.0,125015.82984171082,8.258546877629149,0.0,0.7324537217410565,0.0,1051.1403305396568,8.079215693754087,0.0,3172.941411202476,0.0,0.0,7.715101771493732,659.19484103801,346.670640086624,0.0,5.196035430551256,31032.664435929288,2.2001349188842823,0.0,0.0,0.0,13.59285007386603,14900.516651922146,426.3862758103067,13.119786528791646,11.74021237570885,23.20703690463997,24.21112310494129,2.994722061108268,772.3130832645367,34.13148233835244,0.0,0.0,59339.90953485677,7608.655989308956,10.884522780742284,0.0,0.0,0.0,2.4212464158446974,0.0,0.0,0.0,0.0,6547.448149910008,0.0,0.0,0.6345226499411155,16.050246452400806,257.89059457502833,0.0,0.0,0.0,4862.201000377556,0.0,0.0,466484.03046353045,347615.66886986454,0.0,0.0,7224.487622784337,10725.109997252892,10.227560354202737,0.0,27168.99159256075,0.0,0.0,255.1183367886928,0.0,9.60043048784451,0.0,16435.830745125644,0.0,0.0,0.0,0.0,23689.61535456626,5798.583436618619,8.059775945627806,980.0132452813998,0.0,0.0,2.5362264982250182,32534.799367627264,226166.6957951301,3199.1358190296605,0.0,3.750514286390662,0.0,0.0,0.0,750.315447585529,0.0,5596.834894490651,0.0,0.49988182520486035,702.6434333546774,0.5150971092963198,7.130864020942743,121.00585921175045,0.0,0.0,0.0,0.0,0.0,0.0,2056.962113786477,0.0,0.0,0.0,0.5712569607004726,15.455329571702594,0.0,5117.823279997124,0.0,0.0,15836.467525429302,0.0,0.0,0.0,2.555297168926532,957.1505206110453,106.65959422977934,70100.14955548248,2.994722061108268,4387.93599063152,16522.95108300195,3.6661075758041153,987.3340570765807,0.0,17.308901981875646,740475.6187017901,2058.3982308073764,4.10933920713922,6.174999549044924,0.0,0.0,0.0,0.0,13.953910539430023,17424.537102741233,52.235841036143945,2.379960029316274,7461.349448339918,0.0,0.0,78.7479064791858,0.0,0.0,0.0,36495.303700856304,0.0,0.0,0.0,0.0,0.0,0.0,0.0,0.7044785538442934,16.531885894242837,1374.4106132301645,0.0,17.5502934680289,484856.1058073178,831489.3343551602,5.58802923438609,3689.0171941069207,860.094588528449
2010,1081.649292671197,0.0,6.303751475358161,0.0,20.98709213722385,0.0,8351.864009004299,0.0,0.0,0.0,0.0,0.0,0.0,1.0008613121053418,0.0,0.0,4036.2975131776866,0.0,0.0,0.0,0.30132863604112675,10292.085000037792,0.0,28.763249400568792,5.9891202076662005,0.0,6.234280229047686,75.34068133691743,0.0,0.0,38503.306752600016,8492.720640799722,1503.6574691523306,23168.901518885606,0.0,2.5613031482353814,33.34827553824205,5327.791349799181,14.81283919821763,0.0,120.81821507993178,118893.59997655237,11262.002843260614,0.0,134.25037038112637,44.45857522328425,2.5358494875090596,2287.1916472735625,0.29702575294116507,32448.17368285997,0.0,0.0,0.0,0.0,101113.55499357876,0.0,1.4251013043642031,0.0,2.0163085233038887,140.1299561932724,0.0,116566.01360827945,7.938172871742254,0.0,0.6626183556170562,0.0,1095.1889835778838,8.52677308307641,0.0,2443.2099344659487,0.0,0.0,12.587908118868814,718.0089933189535,354.1829405510067,0.0,7.487502612431761,30098.86358193632,0.0,0.0,0.0,0.0,13.142414984821727,14892.89347846144,435.90866456118556,14.273442444979183,11.66208758050914,28.11532400301157,25.467190735451524,2.8092222263355002,749.3668978766741,33.50785866256515,0.0,0.0,57644.89604827895,7465.449571901618,10.070224649862869,0.0,0.0,0.0,2.5595453912553183,0.0,0.0,0.0,0.0,3982.5853325990784,0.0,0.0,0.0,16.441595096498375,250.97577965894874,0.0,0.0,0.0,4558.016097231926,0.0,0.0,447267.97882285895,323935.56527572224,0.0,0.0,6004.219046541955,8334.313379035284,9.647803835640856,0.0,27806.838321547682,0.0,0.0,228.8510065847511,0.0,9.787276465854346,0.0,16315.710529912547,0.0,0.0,0.0,0.0,24237.85223295224,5555.42790356175,7.99810619191713,909.7227491885699,0.0,0.0,2.4143009511579345,33511.42149281016,209292.9677594172,2977.3096993248355,0.0,3.5917318935214446,0.0,0.0,0.0,698.3849659327378,0.0,5708.995729029009,0.0,0.494511556255783,654.2434448932688,0.48151556663377953,7.05979905781536,110.74294341927654,0.0,0.0,0.0,0.0,0.0,0.0,2242.816810737974,0.0,0.0,0.0,0.5181402652636247,14.457374590222727,0.0,4813.815170811045,0.0,0.0,14514.403670261432,0.0,0.0,0.0,2.524294564442844,740.3080705055039,92.67458731809273,68328.67528907476,2.8092222263355002,4019.1585046466425,16148.178765420938,0.0,949.1485945257538,0.0,15.853633070358491,699861.0970380559,1855.9225883989056,3.897004712224728,5.960353891320618,0.0,0.0,0.0,0.0,13.811977886112295,18816.63628908374,48.33298018394465,2.2664548365171817,7260.92666267374,0.0,0.0,75.82219690355124,0.0,0.0,0.0,33324.058272113005,0.0,0.0,0.0,0.0,0.0,0.0,0.0,0.6847623578737461,16.053633127434395,1398.5370279168583,0.0,22.657968509116085,463452.33485869766,788445.0315235951,6.1338931865624104,3842.0848593581977,836.2812668953752
2011,1043.7406746071588,0.0,6.121969236483687,0.0,20.384222100679242,0.0,7357.833153171631,0.0,0.0,0.0,0.0,0.0,0.0,0.9621334233476643,0.0,0.0,3892.7314953440405,0.0,0.0,0.0,0.28990561082893046,9767.903766012638,0.0,27.11458154564244,5.872109828766203,0.0,6.161242280107803,71.67637205588379,0.0,0.0,38065.28425210713,7866.962193518834,1430.5861500389456,23451.204687359696,0.0,2.3520209940692953,33.31509867197012,4929.038215151182,14.402419008348812,0.0,115.99227027068967,109048.69167284583,10620.420101322168,0.0,116.87213262121523,40.41584509784933,2.1838212165933695,2338.737856833112,0.2676737398191769,30031.245433288088,0.0,0.0,0.0,0.0,92411.49363289363,0.0,1.4375226471947609,0.0,1.901748181654822,122.29722029792576,0.0,102875.01588169677,7.603413945717995,0.0,0.6363751605452562,0.0,1231.5784536031388,8.735404482990006,0.0,1845.6753253363356,0.0,0.0,4.7197834108506775,780.0103611932763,344.0337288619834,0.0,7.703183158750045,28298.201527445304,0.0,0.0,0.0,0.0,12.708731191280984,14563.988581416792,416.29534839564315,15.487087165792934,10.718621553634733,20.088469398350576,17.71563024410892,2.607435645055108,722.8906888596208,34.16053946557855,0.0,0.0,56864.20669233034,7178.822148787489,9.09444106962676,0.0,0.0,0.0,2.669837848511926,0.0,0.0,0.0,0.0,2102.07671537839,0.0,0.0,0.0,15.012236516222798,241.81593855943916,0.0,0.0,0.0,4374.841500904217,0.0,0.0,423547.98052503384,314942.42390828603,0.0,0.0,5190.269943488664,7201.250947230592,8.992091457810009,0.0,29311.216629955394,0.0,0.0,218.98523874645048,0.0,8.901245327116593,0.0,16178.68096442363,0.0,0.0,0.0,0.0,24331.497086179348,5163.015458802002,7.9186898181666265,859.4839585559981,0.0,0.0,2.4086259897516302,35620.788191465166,206468.38386323734,2825.05158446619,0.0,3.4324969216026666,0.0,0.0,0.0,645.6860887724742,0.0,5471.436358521212,0.0,0.4944479926937185,605.3593922367485,0.4479754602162802,6.908698326195047,102.61466587728522,0.0,0.0,0.0,0.0,0.0,0.0,2228.7269270648476,0.0,0.0,0.0,0.5864545623881089,14.67256717294127,0.0,4149.674171719502,0.0,0.0,13577.096315049808,0.0,0.0,0.0,2.2457512329998646,605.2610616851694,79.93394799279827,67114.97308629726,2.607435645055108,3623.169454665173,15357.936723930923,0.0,901.7108441906081,0.0,14.717908088206832,669206.5258030517,1743.1136859525982,3.7195439239156243,5.6845029841565555,0.0,0.0,0.0,0.0,13.44028558500114,16150.982729087713,40.720675935286174,1.894642063786069,7093.180758566794,0.0,0.0,72.12434751610003,0.0,0.0,0.0,28153.29194755369,0.0,0.0,0.0,0.0,0.0,0.0,0.0,0.6062578288495621,15.998786306054384,1380.8871436032534,0.0,15.108194599053789,456381.10740432056,755546.4044946296,5.691907313640143,3498.550498962971,802.0124611153773
2012,998.2761765689811,0.0,6.155221291987538,0.0,19.59146163816009,0.0,6671.271635483199,0.0,0.0,0.0,0.0,0.0,0.0,0.0,0.0,0.0,3646.986932977589,0.0,0.0,0.0,0.2749982425876942,9299.451948761252,0.0,23.31332023920497,5.654520471993629,0.0,6.046894073825287,66.81691249694612,0.0,0.0,37772.92279385306,7191.581787593094,1363.9195483268877,23643.87861787085,0.0,2.4699023480512805,32.8783464190228,4595.228091034854,13.292106424887093,0.0,114.25521964665205,102083.39291062902,9646.639111509076,0.0,104.59965428723845,38.42365829775096,2.689311611662155,2318.662571158212,0.0,25440.150500867512,0.0,0.0,0.0,0.0,86465.34024081135,0.0,1.4181713960331708,0.0,1.909237505823603,109.65769186738657,0.0,93396.43175701902,7.2833944792188445,0.0,0.5318753218741508,0.0,1222.334592668473,8.736757865190164,0.0,1803.992810775899,0.0,0.0,9.852451314287874,810.5557794729541,291.533122662858,0.0,8.027213185423577,26442.523203075943,0.0,0.0,0.0,0.0,12.356469723280421,13865.316891047623,341.5235723305876,15.364735774259879,10.62503898423383,25.24306964820683,23.082410083391938,2.435823237002046,695.2612410332779,34.87277971512345,0.0,0.0,52328.07931563648,7067.508850398899,8.959864907143272,0.0,0.0,0.0,2.7458222447849985,0.0,0.0,0.0,0.0,2182.278389676384,0.0,0.0,0.0,14.966497517872801,233.5419402007811,0.0,0.0,0.0,3396.7456328947455,0.0,0.0,398521.79811023665,310705.4371842374,0.0,0.0,5418.418521415648,7023.997220589537,8.955943962935264,0.0,32648.10429534134,0.0,0.0,232.4454308839493,0.0,8.693250675383114,0.0,15605.12230514805,0.0,0.0,0.0,0.0,24634.30343537227,4833.2648729341345,7.749613798031579,754.6681636239073,0.0,0.0,2.4073628716367366,36439.15605960746,206947.8508584869,2865.990668301371,0.0,3.275304432596168,0.0,0.0,0.0,623.6618672050145,0.0,5095.137899651378,0.0,0.5002123773906019,584.993905110678,0.0,6.653546686947597,95.62968354645841,0.0,0.0,0.0,0.0,0.0,0.0,2100.383195258531,0.0,0.0,0.0,0.6701074814119968,13.882882233725157,0.0,3246.1001732543614,0.0,0.0,12278.36480676066,0.0,0.0,0.0,2.2144908338443066,647.4511647861602,74.38363244520546,61848.18563212859,2.435823237002046,3338.933752342151,14826.43155544315,0.0,819.6790365631844,0.0,14.169799628641115,645134.460205866,1830.4807447431042,3.521539822115387,5.615848581053908,0.0,0.0,0.0,0.0,13.292106424887093,13392.26056019999,36.16894647904397,1.7309527827495415,6893.962803894452,0.0,0.0,66.81691249694612,0.0,0.0,0.0,21740.494597892903,0.0,0.0,0.0,0.0,0.0,0.0,0.0,0.6043456848960412,16.46961066421258,1370.2417982774946,0.0,20.646586846389894,448834.9565016552,725678.304077521,5.592639561263235,3850.5501372481376,725.8830476650668
2013,1096.8080410322148,0.0,5.768727758841373,0.0,18.783096069573094,0.0,6681.488888578391,0.0,0.0,0.0,0.0,0.0,0.0,0.0,0.0,0.0,3557.741768526378,0.0,0.0,0.0,0.24346066190361054,8767.386659174419,0.0,19.708563943260724,5.430136371019257,0.0,5.682282192706406,63.39162469905664,0.0,0.0,36362.04922676759,7127.473393896932,1305.7814130125341,24447.925584207944,0.0,2.2784676816185465,32.307185008748796,4338.02721727806,13.000692648850697,0.0,110.12179387939243,99066.86342863436,8879.627183533405,0.0,102.45572043667873,36.80542228169712,2.4514129447832764,2235.444181479217,0.0,20569.312153590246,0.0,0.0,0.0,0.0,83840.91154488658,0.0,1.4173365802136895,0.0,1.8126737667544,107.32214501214646,0.0,92408.15135158626,6.941272015717961,0.0,0.5165820354361087,0.0,1174.315259505908,8.830137909349848,0.0,1756.5445719946324,0.0,0.0,10.049309553734155,796.6763369062558,223.97641965953036,0.0,8.312480295181409,24827.66453228061,0.0,0.0,0.0,0.0,11.96036394099033,13336.784256666077,305.1490195296818,15.337161450736302,10.343378594785664,27.738825643635096,25.562468175038656,2.272683081270466,675.7476770270933,34.649370575426474,0.0,0.0,52059.87033584501,6750.515695046749,8.551067322330397,0.0,0.0,0.0,4.904116938332092,0.0,0.0,0.0,0.0,4650.309988352131,0.0,0.0,0.0,14.318269153656452,224.6036996567711,0.0,0.0,0.0,2859.5989831570046,0.0,0.0,382357.8915034689,311645.75796352985,0.0,0.0,5897.084362921554,7503.011676006248,8.587604061664075,0.0,34074.267365426356,0.0,0.0,248.8988537954808,0.0,7.646574458366991,0.0,15286.435258374227,0.0,0.0,0.0,0.0,23455.169329770306,4249.819726783625,8.048739299824435,737.1766840058377,0.0,0.0,2.4347408982046668,37037.62653895997,206002.23600375408,3111.5200981938383,0.0,3.1255238465440596,0.0,0.0,0.0,615.1346701739849,0.0,4878.951321735217,0.0,0.467201795299972,577.440646924315,0.0,6.411687682835898,92.83222292330323,0.0,0.0,0.0,0.0,0.0,0.0,2059.9298580252366,0.0,0.0,0.0,0.6332344334393318,13.835203900936058,0.0,2553.3882421565095,0.0,0.0,11190.132786237653,0.0,0.0,0.0,2.091362068904282,788.4854604061878,67.1567336975041,61253.44867405573,2.272683081270466,3197.4934073561412,13860.69518122738,0.0,835.9242779169999,0.0,0.0,630904.7261596674,1978.2161040682547,3.4085704641125227,5.560163941101045,0.0,0.0,0.0,0.0,13.000692648850697,12984.035819305493,32.586086529984065,1.647891139372087,6900.001159494494,0.0,0.0,63.39162469905664,0.0,0.0,0.0,17937.451265899377,0.0,0.0,0.0,0.0,0.0,0.0,0.0,0.5744411234848189,15.641537893970943,1386.1060188783854,0.0,23.289785093768188,438593.787101529,710116.0137888093,5.478013074241425,4980.18933437289,749.4763587858646
2014,1128.8167861099444,0.0,5.950000802467685,0.0,18.027395631610517,0.0,7115.662974277411,0.0,0.0,0.0,0.0,0.0,0.0,0.0,0.0,0.0,3463.467354735573,0.0,0.0,0.0,0.24487228535689487,8598.090920510385,0.0,19.168628056808988,5.283091612921268,0.0,5.66232091189599,61.75921167240058,0.0,0.0,34260.13401385022,7039.178135159886,1249.3002739153117,24568.15566262554,0.0,2.270066890175502,29.581581538207022,4147.46842820627,12.838943310533557,0.0,108.04575493495462,99031.90964816175,8271.368951976543,0.0,106.54797516326857,35.003553547434585,1.006272923292481,2230.390514740062,0.0,17691.7391946716,0.0,0.0,0.0,0.0,83797.68231873342,0.0,1.6349327829553701,0.0,1.8368159586102448,111.32374230291371,0.0,93327.63507042793,6.4896711445125606,0.0,0.5587708998509444,0.0,965.1455474956178,9.02794011160283,0.0,1824.9230857464877,0.0,0.0,5.178847681058587,775.5598647089173,174.6630146375004,0.0,8.456615932326757,23687.88806904571,0.0,0.0,0.0,0.0,11.796880632163793,12490.359582801719,277.5521042806385,12.968480027210733,10.140492481972645,25.271173854172098,22.942592578940392,2.118184966267903,671.9640778353014,34.10737755359374,0.0,0.0,52232.081672197244,6585.572363988856,9.028550428963923,0.0,0.0,0.0,5.225929768602703,0.0,0.0,0.0,0.0,6214.877851132943,0.0,0.0,0.0,14.038463456538029,217.41394377717282,0.0,0.0,0.0,2933.7620993508567,0.0,0.0,371247.0459629675,308036.68556124956,0.0,0.0,5932.989312954711,7973.9339584700265,8.84708996468493,0.0,33777.665357801445,0.0,0.0,261.51635586585365,0.0,7.312754842544189,0.0,14906.55176333614,0.0,0.0,0.0,0.0,21788.776781787175,3787.8353093100877,8.188004178980147,725.1663384636873,0.0,0.0,2.514236722021264,35231.48477785363,201023.47877541097,3464.124593729511,0.0,2.9737396445733695,0.0,0.0,0.0,587.1763533665054,0.0,4932.1016766826315,0.0,0.458942403944275,551.510696446827,0.0,6.254632874176683,91.73653221697771,0.0,0.0,0.0,0.0,0.0,0.0,2261.5018603739018,0.0,0.0,0.0,0.5348593224142999,14.730742684248845,0.0,2358.900692986911,0.0,0.0,10268.845550099782,0.0,0.0,0.0,1.969775343859321,925.694314836914,63.03638788717688,61371.985670135866,2.118184966267903,3448.4916786994154,13162.539589067845,0.0,881.5865803171883,1.9415978109739374,0.0,616057.1908768979,2296.586413930789,3.3274039795103727,5.451469947771369,0.0,0.0,0.0,0.0,12.838943310533557,14124.919074882586,29.812920894747144,1.635541302144174,6933.129556277672,0.0,0.0,61.75921167240058,0.0,0.0,0.0,16351.471489124056,0.0,0.0,0.0,0.0,0.0,0.0,0.0,0.5595672729487395,16.293238333401963,1376.2653851189086,0.0,20.82440761267246,422816.0595779916,695007.5363051686,5.824986047991529,5370.416684897165,799.2483973913653
2015,1171.8221568884799,0.0,6.071512734683364,0.0,17.519980361550207,0.0,7728.885063926721,0.0,0.0,0.0,0.0,0.0,0.0,0.0,0.0,0.0,3414.908430369001,0.0,0.0,0.0,0.22957950716680087,9132.684207529634,0.0,19.040113161699633,5.101450073177424,0.0,5.587946596123287,58.37199746532965,0.0,0.0,33165.27014814509,7439.185906735694,1223.8075511270106,23611.425920255384,0.0,2.1799527914532635,28.298924988163794,3982.34195945905,0.0,2.076864462415318,109.97598791837162,96363.84836271852,7981.10677686221,0.0,103.61889617344272,36.5484341595382,1.0146237984274824,2213.5684331419934,0.0,16274.274810425204,0.0,0.0,0.0,0.0,80785.07410727275,0.0,1.601796561153668,0.0,1.8474553512489158,108.18780672238815,0.0,93491.29225256397,6.425263185687131,0.0,0.5516108051736796,0.0,944.094086923698,9.1779629505409,0.0,2066.7989162855065,0.0,0.0,0.0,709.8847119941893,137.54066854989875,0.0,8.96276111614781,21415.51931623473,0.0,0.0,0.0,0.0,12.22033103849838,11736.569638877847,243.9543501641957,12.257518804716957,9.66421620974314,20.984742733334958,18.685242228224926,1.980825637396556,677.4648902946549,34.5512445727458,0.0,0.0,52657.25741775017,6571.474159914072,9.541239072831058,0.0,0.0,0.0,5.688263137912436,0.0,0.0,0.0,0.0,5484.890596538469,0.0,0.0,0.0,13.259841966421927,214.16689073341567,0.0,0.0,0.0,2807.9488504877154,0.0,0.0,361485.20397755114,285018.5127663176,0.0,0.0,5622.97523765668,7416.365719400149,9.513063651328302,0.0,30609.51876778347,0.0,0.0,273.8271235194418,0.0,7.133795229010336,0.0,14845.334105743867,0.0,0.0,0.0,0.0,19633.603777986682,3685.1932345107825,7.99293527333679,720.8402962893925,0.0,0.0,2.572370827848452,33419.48750288462,181665.4607481315,3617.772496014248,0.0,2.8209304901239034,0.0,0.0,0.0,575.7703226676852,0.0,4938.819420871257,0.0,0.4358428080756566,540.8751127351494,0.0,5.993267102685654,97.58433699993803,0.0,0.0,0.0,0.0,2.076864462415318,0.0,2430.85397504147,0.0,0.0,0.0,0.5234126517684503,14.994045198399805,0.0,2097.6343362237762,0.0,0.0,10567.29002320718,0.0,0.0,0.0,2.0983729103644624,995.0018376621823,62.236848311908865,61750.86567844153,1.980825637396556,3602.4410709101776,13044.191540704462,0.0,832.4495543832151,2.0361641664132595,0.0,582834.2777130271,2406.1557039465733,3.282959415180467,5.386682286158339,0.0,0.0,0.0,0.0,0.0,14875.713700017997,28.994475800314238,1.7791967485889726,7000.411175633808,0.0,0.0,58.37199746532965,0.0,0.0,0.0,18870.26833837883,0.0,0.0,0.0,0.0,0.0,0.0,0.0,0.579150845185554,15.962358477481288,1395.3130298161393,0.0,16.704416590828338,392146.687543362,662165.9945550017,5.8517368056775645,4982.573374925677,751.2451419156889
2016,1178.6328569937257,0.0,6.060859451453938,0.0,17.725944861664818,0.0,8546.054730813232,0.0,0.0,0.0,0.0,0.0,0.0,0.0,0.0,0.0,3298.6636173614006,0.0,0.0,0.0,0.2220940478412025,9608.760933308695,0.0,18.780784552259465,5.030748074974757,0.0,5.576257667686467,58.5585102446526,0.0,0.0,30761.59943916211,8699.946415678098,1229.7865974274275,22312.109860684577,0.0,2.075442339214725,28.05920469682201,3829.0812951298453,0.0,2.3137830079741275,104.54397798000483,97850.30251971642,7674.618712263443,0.0,105.51094496324981,36.62316617429625,1.0403778446634806,2245.3686428867413,0.0,16463.417928121144,0.0,0.0,0.0,2.3137830079741275,81622.26799355644,0.0,1.7246043606487238,0.0,1.8399931862445604,109.95178589772091,0.0,98088.94550619449,6.6047390277444515,0.0,0.5258611228700865,0.0,896.8423552341837,9.438532416040324,0.0,2723.069417558677,0.0,0.0,0.0,710.6875020960216,133.66682996800324,0.0,0.0,18921.59657783337,0.0,0.0,0.0,0.0,12.735128512293107,11328.23619118922,238.1432213995764,12.350136543203023,9.461618960499427,6.624467258177066,1.8664993967621464,1.8664993967621464,671.6923656124131,34.186229286260875,0.0,0.0,51826.079976405264,6477.814966719547,9.749841279725171,0.0,0.0,0.0,0.0,0.0,0.0,0.0,0.0,4625.3844577472355,0.0,0.0,0.0,13.040930453419257,208.88763778314402,0.0,0.0,0.0,2866.524572297265,0.0,0.0,357919.26167301903,252473.05116709787,0.0,0.0,5776.232832251721,6942.4184484164925,9.877867032741648,0.0,25339.889095273047,0.0,0.0,272.46527657431926,0.0,1.6113520453090255,0.0,14640.088338999676,0.0,0.0,0.0,0.0,18544.67214729958,3726.6744385493403,8.07636394540364,741.5228432819551,0.0,0.0,2.5632673207469616,30848.159001448894,153334.8082304267,3779.6873287150806,0.0,2.667212429291817,0.0,0.0,0.0,632.9321027336621,0.0,5055.036335698726,0.0,0.4381489314005304,594.9154781547041,0.0,6.090457758945598,98.56758273690552,0.0,0.0,0.0,0.0,0.0,0.0,3061.2121462845184,0.0,0.0,0.0,0.4996170338474895,15.523757187476733,0.0,2154.166820741748,0.0,0.0,11164.456747295977,0.0,0.0,0.0,2.2858869812922533,1167.7600825213867,64.96817610329244,60940.0835572996,1.8664993967621464,3888.763056803906,13011.119610579672,0.0,785.4443008680292,0.0,0.0,547147.6377786894,2560.0655321770123,3.1766811718366132,5.351831198026672,0.0,0.0,0.0,0.0,0.0,15418.84797912253,30.373358177763077,1.7781093994102353,6994.218652449116,0.0,0.0,58.5585102446526,0.0,0.0,0.0,22489.455834177916,0.0,0.0,0.0,0.0,0.0,0.0,0.0,0.5941063599760936,15.860824586827956,1406.034953586191,0.0,0.0,350422.9454519101,625834.4800841033,6.151544996653537,4677.3420873522855,701.4716719536194
2017,1220.600545849839,0.0,6.0159832894921825,0.0,18.121605043485427,0.0,8431.05700634749,0.0,0.0,0.0,0.0,0.0,0.0,0.0,0.0,0.0,3274.3782216019295,0.0,0.0,0.0,0.231766540343924,9432.990549402413,0.0,18.283552493418068,5.03397705309449,0.0,5.637665359282022,58.473915466100614,0.0,0.0,30574.526555453656,8658.677468943297,1228.2688362726587,22040.51773342546,0.0,2.027418528952253,27.975136281576262,3849.225756525508,0.0,0.0,107.19064614871898,97357.95298476961,7679.412521254053,0.0,104.85619588860489,37.46162567350499,1.0449605646064843,2244.004939911023,0.0,16251.119579836952,0.0,0.0,0.0,0.0,81226.47665577155,0.0,1.7445102712104685,0.0,1.8752319743263668,109.14439486753717,0.0,97635.69762451992,6.796433621524042,0.0,0.49822967395246176,0.0,902.3589751772707,9.585015818236194,0.0,2783.526281208399,0.0,0.0,0.0,704.8296510366403,134.58570935027183,0.0,0.0,18757.485966872737,0.0,0.0,0.0,0.0,13.361866627118989,11355.46061819952,234.77124537461646,12.174245077636332,9.492964080206267,4.28552169728745,1.8087385509285732,1.8087385509285732,667.5512103448531,34.82468731732501,0.0,0.0,49712.34369142012,6520.337891712717,10.014131552911353,0.0,0.0,0.0,0.0,0.0,0.0,0.0,0.0,4708.224368048372,0.0,0.0,0.0,12.956418069321284,211.761302939881,0.0,0.0,0.0,2810.0379910452934,0.0,0.0,354554.491758807,249925.0417624093,0.0,0.0,5799.110643199934,6883.872205353353,10.437895737674477,0.0,25080.471105765082,0.0,0.0,271.1021450365834,0.0,1.5197497703597491,0.0,14551.592147757117,0.0,0.0,0.0,0.0,18422.95442890144,3686.569182575998,8.210689606823282,723.9819352888096,0.0,0.0,2.6525928924668345,30485.13914569538,152240.31321270156,3813.9466933369263,0.0,2.5299444513359988,0.0,0.0,0.0,644.5154563750737,0.0,4999.173860098517,0.0,0.4473929503152805,606.0861782402844,0.0,6.2911943688669165,101.49346468589869,0.0,0.0,0.0,0.0,0.0,0.0,3052.312840194813,0.0,0.0,0.0,0.48268224179617464,15.75158710197681,0.0,2145.934720651205,0.0,0.0,11118.617931676132,0.0,0.0,0.0,2.310302476116362,1155.3338141527215,67.53330692454172,58728.161260902896,1.8087385509285732,3862.896778228676,13028.555918343622,0.0,772.3591979216077,0.0,0.0,543288.740894998,2551.626020640692,3.194927207090212,5.295402427990321,0.0,0.0,0.0,0.0,0.0,15325.275214483217,31.134915346845517,1.8296816967313438,6904.311840558507,0.0,0.0,58.473915466100614,0.0,0.0,0.0,22236.76642800214,0.0,0.0,0.0,0.0,0.0,0.0,0.0,0.6024204709670922,16.424501243675685,1418.3849257950537,0.0,0.0,347522.73108778795,619826.6346603156,6.376836423292606,4673.107928613281,685.6821336029697
