Year,"Less developed regions excluding China","Less developed regions excluding least developed countries",Afghanistan,Africa,Albania,Algeria,Angola,Antigua and Barbuda,Argentina,Armenia,Aruba,Asia,Australia,Australia/New Zealand,Austria,Azerbaijan,Bahamas,Bahrain,Bangladesh,Barbados,Belarus,Belgium,Belize,Benin,Bhutan,Bolivia,Bosnia and Herzegovina,Botswana,Brazil,Brunei,Bulgaria,Burkina Faso,Burundi,Cambodia,Cameroon,Canada,Cape Verde,Caribbean,Central African Republic,Central America,Central Asia,Chad,Channel Islands,Chile,China,Colombia,Comoros,Congo,Costa Rica,Cote d'Ivoire,Croatia,Cuba,Curacao,Cyprus,Czech Republic,Democratic Republic of Congo,Denmark,Djibouti,Dominican Republic,Eastern Africa,Eastern Asia,Eastern Europe,Ecuador,Egypt,El Salvador,Equatorial Guinea,Eritrea,Estonia,Ethiopia,Europe,Fiji,Finland,France,French Guiana,French Polynesia,Gabon,Gambia,Georgia,Germany,Ghana,Greece,Grenada,Guadeloupe,Guam,Guatemala,Guinea,Guinea-Bissau,Guyana,Haiti,High income,Honduras,Hong Kong,Hungary,Iceland,India,Indonesia,Iran,Iraq,Ireland,Israel,Italy,Jamaica,Japan,Jordan,Kazakhstan,Kenya,Kiribati,Kuwait,Kyrgyzstan,Laos,Latin America & Caribbean,Latvia,Least developed countries,Lebanon,Lesotho,Less developed regions,Liberia,Libya,Lithuania,Low income,Lower middle income,Luxembourg,Macao,Macedonia,Madagascar,Malawi,Malaysia,Maldives,Mali,Malta,Martinique,Mauritania,Mauritius,Mayotte,Melanesia,Mexico,Micronesia (country),Micronesia (region),Middle Africa,Middle income,Moldova,Mongolia,Montenegro,More developed regions,Morocco,Mozambique,Myanmar,Namibia,Nepal,Netherlands,New Caledonia,New Zealand,Nicaragua,Niger,Nigeria,North Korea,Northern Africa,Northern America,Northern Europe,Norway,Oceania,Oman,Pakistan,Palestine,Panama,Papua New Guinea,Paraguay,Peru,Philippines,Poland,Polynesia,Portugal,Puerto Rico,Qatar,Reunion,Romania,Russia,Rwanda,Saint Lucia,Saint Vincent and the Grenadines,Samoa,Sao Tome and Principe,Saudi Arabia,Senegal,Serbia,Seychelles,Sierra Leone,Singapore,Slovakia,Slovenia,Solomon Islands,Somalia,South Africa,South America,South Korea,South Sudan,South-Central Asia,South-Eastern Asia,Southern Africa,Southern Asia,Southern Europe,Spain,Sri Lanka,Sub-Saharan Africa,Sudan,Suriname,Swaziland,Sweden,Switzerland,Syria,Taiwan,Tajikistan,Tanzania,Thailand,Timor,Togo,Tonga,Trinidad and Tobago,Tunisia,Turkey,Turkmenistan,Uganda,Ukraine,United Arab Emirates,United Kingdom,United States,United States Virgin Islands,Upper middle income,Uruguay,Uzbekistan,Vanuatu,Venezuela,Vietnam,Western Africa,Western Asia,Western Europe,Western Sahara,World,Yemen,Zambia,Zimbabwe
1950,20.4,21.700001,19.4,19.299999,21.200001,19.4,19.799999,20.6,25.700001,22.4,18.5,22.1,30.4,30.200001,35.700001,21.700001,20.700001,18.9,19.299999,24.6,27.200001,35.5,20.799999,24.200001,18.0,20.5,20.0,19.200001,19.200001,22.4,27.299999,19.5,19.5,18.700001,20.4,27.700001,23.0,20.4,22.5,18.6,23.6,21.5,35.700001,22.200001,23.9,18.700001,21.200001,20.1,18.200001,18.299999,27.9,22.299999,22.6,23.700001,32.5,18.1,31.700001,16.5,17.1,18.4,23.4,25.9,20.4,20.6,18.5,23.799999,17.299999,29.9,17.9,28.9,16.6,27.799999,34.700001,26.6,18.700001,28.1,19.5,27.299999,35.200001,17.4,25.5,16.299999,20.9,22.799999,18.4,21.9,21.799999,20.4,20.200001,28.799999,18.799999,23.700001,30.1,26.5,21.299999,20.0,21.9,22.0,30.0,25.5,28.6,22.200001,22.299999,17.200001,23.200001,20.0,19.200001,21.4,25.299999,19.799999,19.9,29.9,19.4,23.200001,19.799999,21.5,19.1,21.0,27.799999,18.9,21.1,35.0,25.700001,21.799999,20.9,17.1,19.799999,18.6,20.9,23.700001,21.9,17.9,17.299999,30.299999,19.6,18.700001,19.799999,21.299999,19.5,22.200001,26.6,25.0,21.6,28.5,19.5,19.1,22.9,20.9,20.5,28.0,22.5,29.4,18.200001,15.2,19.1,18.0,19.799999,30.0,33.599998,32.599998,27.9,18.799999,19.799999,17.299999,18.799999,20.299999,16.5,19.1,18.200001,25.799999,17.200001,26.1,18.4,18.9,20.299999,26.299999,24.299999,18.0,20.700001,15.4,16.6,24.5,19.0,19.1,25.799999,26.1,20.4,20.0,27.0,27.700001,18.299999,19.5,21.1,20.299999,19.0,18.1,21.1,20.5,20.9,21.0,27.299999,27.5,21.200001,19.1,18.1,20.1,18.4,34.200001,33.200001,20.299999,18.9,22.299999,16.9,18.6,19.6,19.4,15.5,20.9,20.299999,19.700001,23.5,18.200001,27.6,18.9,34.900002,30.200001,22.0,23.1,27.799999,23.9,16.799999,17.200001,24.5,19.200001,20.700001,34.400002,18.700001,23.6,18.9,17.5,19.0
1951,,,,,,,,,,,,,,,,,,,,,,,,,,,,,,,,,,,,,,,,,,,,,,,,,,,,,,,,,,,,,,,,,,,,,,,,,,,,,,,,,,,,,,,,,,,,,,,,,,,,,,,,,,,,,,,,,,,,,,,,,,,,,,,,,,,,,,,,,,,,,,,,,,,,,,,,,,,,,,,,,,,,,,,,,,,,,,,,,,,,,,,,,,,,,,,,,,,,,,,,,,,,,,,,,,,,,,,,,,,,,,,,,,,,,,,,,,,,,,,,,
1952,,,,,,,,,,,,,,,,,,,,,,,,,,,,,,,,,,,,,,,,,,,,,,,,,,,,,,,,,,,,,,,,,,,,,,,,,,,,,,,,,,,,,,,,,,,,,,,,,,,,,,,,,,,,,,,,,,,,,,,,,,,,,,,,,,,,,,,,,,,,,,,,,,,,,,,,,,,,,,,,,,,,,,,,,,,,,,,,,,,,,,,,,,,,,,,,,,,,,,,,,,,,,,,,,,,,,,,,,,,,,,,,,,,,,,,,,,,,,,,,,
1953,,,,,,,,,,,,,,,,,,,,,,,,,,,,,,,,,,,,,,,,,,,,,,,,,,,,,,,,,,,,,,,,,,,,,,,,,,,,,,,,,,,,,,,,,,,,,,,,,,,,,,,,,,,,,,,,,,,,,,,,,,,,,,,,,,,,,,,,,,,,,,,,,,,,,,,,,,,,,,,,,,,,,,,,,,,,,,,,,,,,,,,,,,,,,,,,,,,,,,,,,,,,,,,,,,,,,,,,,,,,,,,,,,,,,,,,,,,,,,,,,
1954,,,,,,,,,,,,,,,,,,,,,,,,,,,,,,,,,,,,,,,,,,,,,,,,,,,,,,,,,,,,,,,,,,,,,,,,,,,,,,,,,,,,,,,,,,,,,,,,,,,,,,,,,,,,,,,,,,,,,,,,,,,,,,,,,,,,,,,,,,,,,,,,,,,,,,,,,,,,,,,,,,,,,,,,,,,,,,,,,,,,,,,,,,,,,,,,,,,,,,,,,,,,,,,,,,,,,,,,,,,,,,,,,,,,,,,,,,,,,,,,,
1955,20.0,20.9,19.200001,19.0,20.6,18.6,18.799999,20.0,26.299999,22.700001,18.1,21.299999,30.200001,29.9,35.099998,22.1,20.1,19.200001,19.4,24.200001,27.700001,34.599998,18.6,22.299999,18.5,19.4,20.799999,18.6,18.9,21.1,28.9,19.4,18.9,17.9,20.4,27.299999,21.700001,20.200001,22.1,17.9,23.5,20.700001,36.099998,21.5,22.299999,17.700001,20.6,19.9,18.1,18.6,28.200001,22.4,21.4,24.4,32.200001,18.1,32.400002,17.5,16.799999,18.200001,22.299999,27.1,19.200001,20.700001,18.200001,22.9,17.799999,30.200001,18.0,29.5,16.0,28.0,32.900002,25.5,18.5,27.6,20.1,27.4,34.5,17.6,26.9,17.1,20.299999,22.299999,17.799999,20.799999,20.9,18.6,20.0,29.1,17.9,24.0,30.799999,26.200001,20.799999,20.4,20.9,20.299999,30.1,24.6,30.1,22.0,23.6,17.6,23.299999,18.9,18.799999,22.700001,25.299999,19.4,19.4,30.5,19.1,22.0,19.1,20.700001,19.0,19.799999,28.0,18.799999,20.799999,35.700001,25.200001,21.6,20.200001,17.299999,18.5,19.799999,20.1,21.700001,19.9,18.0,16.9,22.700001,19.0,17.799999,18.5,20.200001,19.200001,21.5,26.6,24.299999,22.200001,29.0,19.200001,18.9,22.200001,20.200001,20.200001,28.5,22.4,28.700001,17.4,15.6,19.1,19.1,19.6,30.1,33.900002,33.599998,27.4,18.5,20.200001,17.0,18.4,19.5,16.200001,18.799999,17.200001,26.0,17.0,27.200001,18.5,19.4,18.799999,27.200001,26.1,17.5,20.1,14.9,15.6,24.5,18.799999,18.6,26.5,24.0,20.5,19.4,27.4,28.200001,18.6,19.200001,20.299999,19.9,18.9,18.6,20.700001,20.299999,20.1,20.6,28.4,28.6,20.0,18.799999,17.799999,18.9,17.9,35.099998,32.900002,18.799999,18.1,22.4,17.0,18.9,19.200001,18.9,17.299999,19.4,19.4,19.799999,23.0,17.700001,28.299999,18.4,35.099998,30.299999,21.5,22.200001,28.4,23.6,16.799999,17.299999,23.6,19.1,20.5,33.5,20.1,23.1,18.700001,17.5,18.200001
1956,,,,,,,,,,,,,,,,,,,,,,,,,,,,,,,,,,,,,,,,,,,,,,,,,,,,,,,,,,,,,,,,,,,,,,,,,,,,,,,,,,,,,,,,,,,,,,,,,,,,,,,,,,,,,,,,,,,,,,,,,,,,,,,,,,,,,,,,,,,,,,,,,,,,,,,,,,,,,,,,,,,,,,,,,,,,,,,,,,,,,,,,,,,,,,,,,,,,,,,,,,,,,,,,,,,,,,,,,,,,,,,,,,,,,,,,,,,,,,,,,
1957,,,,,,,,,,,,,,,,,,,,,,,,,,,,,,,,,,,,,,,,,,,,,,,,,,,,,,,,,,,,,,,,,,,,,,,,,,,,,,,,,,,,,,,,,,,,,,,,,,,,,,,,,,,,,,,,,,,,,,,,,,,,,,,,,,,,,,,,,,,,,,,,,,,,,,,,,,,,,,,,,,,,,,,,,,,,,,,,,,,,,,,,,,,,,,,,,,,,,,,,,,,,,,,,,,,,,,,,,,,,,,,,,,,,,,,,,,,,,,,,,
1958,,,,,,,,,,,,,,,,,,,,,,,,,,,,,,,,,,,,,,,,,,,,,,,,,,,,,,,,,,,,,,,,,,,,,,,,,,,,,,,,,,,,,,,,,,,,,,,,,,,,,,,,,,,,,,,,,,,,,,,,,,,,,,,,,,,,,,,,,,,,,,,,,,,,,,,,,,,,,,,,,,,,,,,,,,,,,,,,,,,,,,,,,,,,,,,,,,,,,,,,,,,,,,,,,,,,,,,,,,,,,,,,,,,,,,,,,,,,,,,,,
1959,,,,,,,,,,,,,,,,,,,,,,,,,,,,,,,,,,,,,,,,,,,,,,,,,,,,,,,,,,,,,,,,,,,,,,,,,,,,,,,,,,,,,,,,,,,,,,,,,,,,,,,,,,,,,,,,,,,,,,,,,,,,,,,,,,,,,,,,,,,,,,,,,,,,,,,,,,,,,,,,,,,,,,,,,,,,,,,,,,,,,,,,,,,,,,,,,,,,,,,,,,,,,,,,,,,,,,,,,,,,,,,,,,,,,,,,,,,,,,,,,
1960,19.5,20.200001,18.799999,18.6,20.200001,17.9,17.9,18.1,26.9,22.4,18.1,20.799999,29.6,29.200001,35.400002,22.0,19.299999,19.6,19.1,22.4,28.200001,35.099998,17.799999,20.9,18.799999,18.799999,21.799999,17.200001,18.6,19.5,30.4,19.1,18.4,17.200001,20.200001,26.5,20.5,19.9,21.4,17.1,22.6,19.9,36.599998,20.700001,21.4,16.9,19.6,19.6,17.700001,18.6,29.200001,22.9,19.9,23.0,33.200001,18.200001,33.0,18.0,16.0,17.799999,21.700001,28.0,18.4,19.9,17.6,22.0,18.0,32.200001,18.1,30.299999,15.8,28.4,33.099998,24.799999,18.299999,27.0,20.799999,27.799999,34.700001,17.700001,28.299999,15.6,19.200001,21.200001,17.200001,20.1,20.1,16.9,19.799999,29.200001,17.0,23.4,32.200001,25.4,20.299999,20.200001,19.6,19.6,29.1,24.1,31.4,19.799999,25.4,18.0,22.9,17.200001,17.700001,23.299999,24.0,19.0,19.0,32.299999,18.700001,20.4,18.299999,20.0,19.0,19.299999,28.5,18.6,20.299999,35.200001,21.299999,21.5,19.200001,17.4,17.6,20.299999,19.5,22.6,19.200001,17.700001,16.700001,19.4,18.4,17.1,17.5,18.9,18.9,21.0,26.1,23.0,22.9,29.5,18.1,18.5,20.799999,19.299999,19.9,28.6,22.0,27.4,16.4,15.8,19.1,19.9,18.700001,29.4,34.400002,34.299999,26.4,18.0,20.200001,16.799999,18.0,18.9,16.0,18.299999,16.5,26.5,16.6,27.9,18.5,19.4,17.799999,28.299999,27.200001,16.299999,17.700001,15.2,15.2,24.6,18.5,18.200001,27.9,22.0,20.6,18.799999,27.6,29.200001,18.299999,18.9,19.6,19.5,18.6,18.799999,20.200001,19.6,19.4,20.1,29.299999,29.200001,19.1,18.5,17.5,16.5,17.4,36.0,32.700001,17.0,17.4,21.6,17.0,18.799999,19.0,18.5,17.299999,18.700001,18.5,19.4,21.700001,17.1,28.9,17.700001,35.599998,29.799999,21.1,21.700001,28.9,22.200001,16.799999,17.1,21.9,18.9,20.0,33.700001,20.799999,22.700001,18.5,17.200001,17.4
1961,,,,,,,,,,,,,,,,,,,,,,,,,,,,,,,,,,,,,,,,,,,,,,,,,,,,,,,,,,,,,,,,,,,,,,,,,,,,,,,,,,,,,,,,,,,,,,,,,,,,,,,,,,,,,,,,,,,,,,,,,,,,,,,,,,,,,,,,,,,,,,,,,,,,,,,,,,,,,,,,,,,,,,,,,,,,,,,,,,,,,,,,,,,,,,,,,,,,,,,,,,,,,,,,,,,,,,,,,,,,,,,,,,,,,,,,,,,,,,,,,
1962,,,,,,,,,,,,,,,,,,,,,,,,,,,,,,,,,,,,,,,,,,,,,,,,,,,,,,,,,,,,,,,,,,,,,,,,,,,,,,,,,,,,,,,,,,,,,,,,,,,,,,,,,,,,,,,,,,,,,,,,,,,,,,,,,,,,,,,,,,,,,,,,,,,,,,,,,,,,,,,,,,,,,,,,,,,,,,,,,,,,,,,,,,,,,,,,,,,,,,,,,,,,,,,,,,,,,,,,,,,,,,,,,,,,,,,,,,,,,,,,,
1963,,,,,,,,,,,,,,,,,,,,,,,,,,,,,,,,,,,,,,,,,,,,,,,,,,,,,,,,,,,,,,,,,,,,,,,,,,,,,,,,,,,,,,,,,,,,,,,,,,,,,,,,,,,,,,,,,,,,,,,,,,,,,,,,,,,,,,,,,,,,,,,,,,,,,,,,,,,,,,,,,,,,,,,,,,,,,,,,,,,,,,,,,,,,,,,,,,,,,,,,,,,,,,,,,,,,,,,,,,,,,,,,,,,,,,,,,,,,,,,,,
1964,,,,,,,,,,,,,,,,,,,,,,,,,,,,,,,,,,,,,,,,,,,,,,,,,,,,,,,,,,,,,,,,,,,,,,,,,,,,,,,,,,,,,,,,,,,,,,,,,,,,,,,,,,,,,,,,,,,,,,,,,,,,,,,,,,,,,,,,,,,,,,,,,,,,,,,,,,,,,,,,,,,,,,,,,,,,,,,,,,,,,,,,,,,,,,,,,,,,,,,,,,,,,,,,,,,,,,,,,,,,,,,,,,,,,,,,,,,,,,,,,
1965,18.9,19.299999,18.4,18.1,19.700001,16.6,16.799999,18.200001,27.200001,20.6,19.1,19.9,28.4,27.9,34.700001,19.1,18.700001,16.799999,18.5,20.700001,28.9,34.900002,16.5,20.0,18.799999,18.6,21.9,15.8,18.299999,17.700001,32.0,18.799999,17.700001,16.700001,19.700001,25.5,16.700001,19.6,20.799999,16.700001,20.5,19.200001,36.099998,20.4,19.799999,16.5,18.5,19.0,17.6,18.4,30.700001,22.299999,19.6,23.4,33.799999,18.200001,32.799999,18.0,15.5,17.4,20.700001,29.200001,17.799999,19.0,17.1,21.4,18.200001,33.0,18.1,30.9,16.4,28.700001,32.799999,22.5,17.4,26.1,20.200001,28.0,34.299999,17.6,29.9,15.2,17.6,20.9,16.799999,19.6,19.9,16.1,19.4,29.200001,16.299999,21.4,33.5,24.200001,19.6,19.4,18.0,18.6,27.4,23.4,32.099998,18.6,27.200001,17.4,22.4,15.8,16.9,21.200001,21.6,18.799999,18.5,33.200001,18.200001,18.700001,18.0,19.200001,18.799999,18.5,29.700001,18.4,19.5,35.299999,17.6,21.700001,17.9,17.5,16.9,19.799999,19.299999,23.9,17.9,17.299999,16.700001,17.9,18.0,16.6,16.6,18.299999,18.5,20.0,26.200001,20.4,23.5,29.9,16.299999,18.200001,19.299999,18.799999,19.6,28.5,21.6,25.799999,15.5,15.6,19.0,21.1,17.799999,28.299999,34.099998,34.099998,25.200001,17.4,20.0,16.1,17.799999,18.299999,16.200001,17.799999,16.299999,27.4,15.8,28.9,21.1,20.5,17.1,29.9,28.6,15.4,16.4,14.8,14.5,20.200001,18.200001,17.700001,29.200001,19.9,20.5,18.1,28.0,30.299999,18.299999,18.5,19.1,19.1,18.4,18.9,19.5,18.6,18.9,19.5,30.1,30.0,19.1,18.200001,17.1,16.0,16.799999,36.200001,31.5,15.8,17.700001,18.6,17.0,18.299999,18.9,18.1,16.9,18.299999,17.5,19.1,18.700001,16.700001,29.799999,20.200001,35.099998,28.6,20.299999,20.5,29.299999,19.0,16.799999,16.6,19.200001,18.700001,19.200001,33.400002,21.1,22.0,18.4,16.799999,16.299999
1966,,,,,,,,,,,,,,,,,,,,,,,,,,,,,,,,,,,,,,,,,,,,,,,,,,,,,,,,,,,,,,,,,,,,,,,,,,,,,,,,,,,,,,,,,,,,,,,,,,,,,,,,,,,,,,,,,,,,,,,,,,,,,,,,,,,,,,,,,,,,,,,,,,,,,,,,,,,,,,,,,,,,,,,,,,,,,,,,,,,,,,,,,,,,,,,,,,,,,,,,,,,,,,,,,,,,,,,,,,,,,,,,,,,,,,,,,,,,,,,,,
1967,,,,,,,,,,,,,,,,,,,,,,,,,,,,,,,,,,,,,,,,,,,,,,,,,,,,,,,,,,,,,,,,,,,,,,,,,,,,,,,,,,,,,,,,,,,,,,,,,,,,,,,,,,,,,,,,,,,,,,,,,,,,,,,,,,,,,,,,,,,,,,,,,,,,,,,,,,,,,,,,,,,,,,,,,,,,,,,,,,,,,,,,,,,,,,,,,,,,,,,,,,,,,,,,,,,,,,,,,,,,,,,,,,,,,,,,,,,,,,,,,
1968,,,,,,,,,,,,,,,,,,,,,,,,,,,,,,,,,,,,,,,,,,,,,,,,,,,,,,,,,,,,,,,,,,,,,,,,,,,,,,,,,,,,,,,,,,,,,,,,,,,,,,,,,,,,,,,,,,,,,,,,,,,,,,,,,,,,,,,,,,,,,,,,,,,,,,,,,,,,,,,,,,,,,,,,,,,,,,,,,,,,,,,,,,,,,,,,,,,,,,,,,,,,,,,,,,,,,,,,,,,,,,,,,,,,,,,,,,,,,,,,,
1969,,,,,,,,,,,,,,,,,,,,,,,,,,,,,,,,,,,,,,,,,,,,,,,,,,,,,,,,,,,,,,,,,,,,,,,,,,,,,,,,,,,,,,,,,,,,,,,,,,,,,,,,,,,,,,,,,,,,,,,,,,,,,,,,,,,,,,,,,,,,,,,,,,,,,,,,,,,,,,,,,,,,,,,,,,,,,,,,,,,,,,,,,,,,,,,,,,,,,,,,,,,,,,,,,,,,,,,,,,,,,,,,,,,,,,,,,,,,,,,,,
1970,18.6,19.0,17.9,17.799999,19.6,16.4,16.700001,18.700001,27.4,20.299999,20.799999,19.5,27.4,27.1,33.599998,18.200001,19.1,17.5,17.799999,21.200001,30.299999,34.599998,16.299999,19.1,18.799999,18.5,22.200001,15.8,18.700001,18.4,33.200001,18.299999,17.200001,17.0,19.1,26.1,15.7,19.4,20.0,16.700001,19.200001,18.6,35.200001,20.5,19.299999,16.799999,17.700001,18.4,18.200001,17.700001,32.099998,21.9,19.700001,26.0,33.599998,18.1,32.5,17.5,16.0,17.1,20.299999,30.9,17.700001,19.0,17.1,20.700001,18.1,33.799999,18.0,31.700001,17.700001,29.6,32.5,21.700001,17.200001,25.299999,20.299999,28.200001,34.200001,17.299999,32.299999,15.3,18.200001,20.700001,16.9,19.200001,19.700001,16.299999,19.0,29.299999,16.1,21.700001,34.200001,24.5,19.4,18.6,17.700001,17.5,26.4,23.5,32.799999,17.200001,28.799999,17.1,21.799999,15.5,17.4,18.799999,19.4,18.700001,18.6,34.200001,17.9,18.700001,17.799999,18.9,18.299999,17.0,30.799999,18.0,19.1,35.400002,18.799999,22.5,17.200001,17.200001,17.6,17.4,18.799999,26.6,19.1,17.0,17.799999,16.700001,18.0,16.6,16.799999,18.200001,18.200001,19.6,26.299999,18.299999,24.1,30.6,16.200001,18.0,18.700001,18.4,19.200001,28.6,21.5,25.6,15.9,15.6,18.700001,21.0,17.5,28.200001,33.5,32.900002,24.799999,16.9,19.299999,15.3,17.799999,18.0,16.700001,17.700001,16.700001,28.1,15.7,29.6,21.6,22.0,17.1,30.6,30.799999,16.0,15.0,15.1,14.7,16.299999,18.0,17.700001,30.1,18.0,20.200001,19.700001,28.299999,31.0,18.200001,18.299999,19.0,19.200001,19.0,18.6,19.200001,18.1,18.799999,19.200001,30.799999,29.799999,19.6,17.9,16.799999,15.8,16.299999,35.400002,31.799999,15.9,18.5,17.1,16.799999,18.0,19.0,17.6,15.9,18.799999,17.0,19.0,17.700001,16.5,32.0,22.700001,34.200001,28.4,23.200001,20.0,29.700001,17.5,17.299999,16.799999,18.200001,18.4,18.799999,33.299999,20.200001,21.5,17.6,16.4,15.8
1971,,,,,,,,,,,,,,,,,,,,,,,,,,,,,,,,,,,,,,,,,,,,,,,,,,,,,,,,,,,,,,,,,,,,,,,,,,,,,,,,,,,,,,,,,,,,,,,,,,,,,,,,,,,,,,,,,,,,,,,,,,,,,,,,,,,,,,,,,,,,,,,,,,,,,,,,,,,,,,,,,,,,,,,,,,,,,,,,,,,,,,,,,,,,,,,,,,,,,,,,,,,,,,,,,,,,,,,,,,,,,,,,,,,,,,,,,,,,,,,,,
1972,,,,,,,,,,,,,,,,,,,,,,,,,,,,,,,,,,,,,,,,,,,,,,,,,,,,,,,,,,,,,,,,,,,,,,,,,,,,,,,,,,,,,,,,,,,,,,,,,,,,,,,,,,,,,,,,,,,,,,,,,,,,,,,,,,,,,,,,,,,,,,,,,,,,,,,,,,,,,,,,,,,,,,,,,,,,,,,,,,,,,,,,,,,,,,,,,,,,,,,,,,,,,,,,,,,,,,,,,,,,,,,,,,,,,,,,,,,,,,,,,
1973,,,,,,,,,,,,,,,,,,,,,,,,,,,,,,,,,,,,,,,,,,,,,,,,,,,,,,,,,,,,,,,,,,,,,,,,,,,,,,,,,,,,,,,,,,,,,,,,,,,,,,,,,,,,,,,,,,,,,,,,,,,,,,,,,,,,,,,,,,,,,,,,,,,,,,,,,,,,,,,,,,,,,,,,,,,,,,,,,,,,,,,,,,,,,,,,,,,,,,,,,,,,,,,,,,,,,,,,,,,,,,,,,,,,,,,,,,,,,,,,,
1974,,,,,,,,,,,,,,,,,,,,,,,,,,,,,,,,,,,,,,,,,,,,,,,,,,,,,,,,,,,,,,,,,,,,,,,,,,,,,,,,,,,,,,,,,,,,,,,,,,,,,,,,,,,,,,,,,,,,,,,,,,,,,,,,,,,,,,,,,,,,,,,,,,,,,,,,,,,,,,,,,,,,,,,,,,,,,,,,,,,,,,,,,,,,,,,,,,,,,,,,,,,,,,,,,,,,,,,,,,,,,,,,,,,,,,,,,,,,,,,,,
1975,18.799999,19.5,17.4,17.6,20.200001,16.5,16.6,19.799999,27.4,21.799999,23.9,20.1,28.1,27.799999,33.900002,19.1,19.700001,19.299999,17.6,23.700001,30.700001,34.299999,16.0,18.299999,18.4,18.6,23.4,16.200001,19.5,19.6,33.700001,17.799999,17.200001,17.6,18.4,27.5,15.8,19.9,19.299999,16.799999,19.6,18.200001,34.5,21.5,20.4,17.799999,17.5,17.9,19.299999,17.6,33.099998,22.299999,20.700001,27.4,32.700001,17.799999,33.0,16.6,17.0,16.9,21.299999,31.1,18.1,19.200001,17.5,20.799999,17.9,34.299999,17.6,32.099998,18.9,30.799999,31.799999,21.0,18.1,23.5,18.700001,28.5,35.400002,16.9,32.400002,17.799999,18.6,21.6,17.0,19.299999,19.700001,17.299999,19.1,29.700001,16.1,23.1,34.400002,25.4,19.799999,18.5,18.1,17.0,26.0,24.1,33.299999,17.4,30.299999,16.4,22.299999,15.2,18.6,17.700001,19.6,18.6,19.1,34.900002,17.700001,19.5,17.5,19.299999,17.799999,16.1,31.5,17.799999,19.299999,35.0,22.6,24.0,17.0,16.700001,18.6,17.1,18.5,28.9,19.0,17.0,19.5,15.6,18.200001,16.6,16.1,18.799999,17.9,20.1,26.200001,17.5,24.9,30.9,16.799999,17.799999,19.0,17.799999,19.4,29.4,21.299999,26.299999,16.299999,15.7,18.299999,19.6,17.700001,28.799999,33.400002,32.400002,25.5,17.1,18.6,14.8,18.299999,18.0,17.6,18.1,17.4,28.6,16.700001,29.799999,22.700001,23.200001,18.4,30.200001,30.799999,16.200001,16.5,16.0,15.0,16.1,18.0,17.6,29.9,18.9,19.4,21.9,28.4,31.4,16.299999,18.200001,19.200001,19.9,19.9,17.9,19.4,18.4,18.9,19.4,31.0,29.9,20.6,17.6,16.5,16.1,15.9,35.400002,32.900002,15.8,20.5,17.6,16.700001,18.5,19.200001,17.1,16.9,20.1,17.799999,19.6,18.0,16.4,33.299999,25.4,34.0,29.0,20.299999,20.9,30.0,18.0,17.299999,17.700001,18.299999,18.0,19.1,33.700001,16.700001,21.9,16.200001,16.1,15.7
1976,,,,,,,,,,,,,,,,,,,,,,,,,,,,,,,,,,,,,,,,,,,,,,,,,,,,,,,,,,,,,,,,,,,,,,,,,,,,,,,,,,,,,,,,,,,,,,,,,,,,,,,,,,,,,,,,,,,,,,,,,,,,,,,,,,,,,,,,,,,,,,,,,,,,,,,,,,,,,,,,,,,,,,,,,,,,,,,,,,,,,,,,,,,,,,,,,,,,,,,,,,,,,,,,,,,,,,,,,,,,,,,,,,,,,,,,,,,,,,,,,
1977,,,,,,,,,,,,,,,,,,,,,,,,,,,,,,,,,,,,,,,,,,,,,,,,,,,,,,,,,,,,,,,,,,,,,,,,,,,,,,,,,,,,,,,,,,,,,,,,,,,,,,,,,,,,,,,,,,,,,,,,,,,,,,,,,,,,,,,,,,,,,,,,,,,,,,,,,,,,,,,,,,,,,,,,,,,,,,,,,,,,,,,,,,,,,,,,,,,,,,,,,,,,,,,,,,,,,,,,,,,,,,,,,,,,,,,,,,,,,,,,,
1978,,,,,,,,,,,,,,,,,,,,,,,,,,,,,,,,,,,,,,,,,,,,,,,,,,,,,,,,,,,,,,,,,,,,,,,,,,,,,,,,,,,,,,,,,,,,,,,,,,,,,,,,,,,,,,,,,,,,,,,,,,,,,,,,,,,,,,,,,,,,,,,,,,,,,,,,,,,,,,,,,,,,,,,,,,,,,,,,,,,,,,,,,,,,,,,,,,,,,,,,,,,,,,,,,,,,,,,,,,,,,,,,,,,,,,,,,,,,,,,,,
1979,,,,,,,,,,,,,,,,,,,,,,,,,,,,,,,,,,,,,,,,,,,,,,,,,,,,,,,,,,,,,,,,,,,,,,,,,,,,,,,,,,,,,,,,,,,,,,,,,,,,,,,,,,,,,,,,,,,,,,,,,,,,,,,,,,,,,,,,,,,,,,,,,,,,,,,,,,,,,,,,,,,,,,,,,,,,,,,,,,,,,,,,,,,,,,,,,,,,,,,,,,,,,,,,,,,,,,,,,,,,,,,,,,,,,,,,,,,,,,,,,
1980,19.200001,20.299999,17.0,17.6,21.4,16.700001,16.200001,21.799999,27.299999,23.5,26.0,21.0,29.299999,29.1,35.0,20.9,20.200001,22.299999,17.299999,24.299999,31.4,34.299999,16.4,17.700001,18.200001,18.700001,25.4,16.6,20.299999,20.200001,34.200001,17.1,17.6,19.1,17.700001,29.200001,16.0,21.1,18.9,17.299999,20.5,17.5,34.900002,22.799999,21.9,18.9,17.5,17.5,20.6,17.4,33.5,23.9,23.299999,28.299999,32.900002,17.700001,34.299999,16.5,18.1,16.799999,22.9,31.5,18.799999,19.4,17.9,20.5,17.799999,33.900002,17.6,32.599998,19.5,32.799999,32.599998,23.1,19.5,21.6,17.799999,29.1,36.5,17.0,33.099998,18.799999,22.1,22.6,16.799999,19.1,18.4,18.200001,19.1,30.9,16.200001,25.700001,34.400002,26.9,20.200001,19.1,18.1,16.6,26.200001,25.0,34.099998,19.5,32.599998,15.5,23.5,15.0,19.4,20.5,20.9,17.700001,19.700001,35.099998,17.5,19.9,17.6,19.9,17.5,16.1,32.0,17.700001,19.6,35.0,25.700001,25.9,16.799999,16.299999,19.5,17.1,17.9,30.9,23.5,17.1,21.5,15.4,18.299999,17.200001,16.299999,19.4,17.5,20.9,27.700001,17.799999,26.700001,31.9,17.799999,17.799999,19.299999,16.6,19.299999,31.299999,21.5,27.9,16.4,16.0,18.0,21.799999,18.0,29.9,34.0,33.299999,26.4,17.6,18.5,15.1,19.1,18.0,18.4,18.5,18.1,29.5,18.0,30.700001,24.6,23.4,19.799999,30.4,31.4,16.0,17.5,17.4,16.4,16.299999,18.4,16.799999,30.9,19.9,18.5,24.5,28.799999,31.6,16.299999,18.1,19.299999,20.6,22.1,17.700001,19.700001,19.1,19.0,19.700001,31.799999,30.4,21.700001,17.4,16.4,18.9,15.6,36.299999,34.599998,15.5,22.9,18.200001,16.6,19.700001,19.299999,16.799999,18.299999,21.700001,18.6,20.0,18.700001,16.200001,33.5,26.200001,34.400002,30.0,22.200001,22.1,30.1,18.9,17.5,18.700001,19.1,17.700001,19.299999,34.400002,21.200001,22.6,15.2,16.1,15.4
1981,,,,,,,,,,,,,,,,,,,,,,,,,,,,,,,,,,,,,,,,,,,,,,,,,,,,,,,,,,,,,,,,,,,,,,,,,,,,,,,,,,,,,,,,,,,,,,,,,,,,,,,,,,,,,,,,,,,,,,,,,,,,,,,,,,,,,,,,,,,,,,,,,,,,,,,,,,,,,,,,,,,,,,,,,,,,,,,,,,,,,,,,,,,,,,,,,,,,,,,,,,,,,,,,,,,,,,,,,,,,,,,,,,,,,,,,,,,,,,,,,
1982,,,,,,,,,,,,,,,,,,,,,,,,,,,,,,,,,,,,,,,,,,,,,,,,,,,,,,,,,,,,,,,,,,,,,,,,,,,,,,,,,,,,,,,,,,,,,,,,,,,,,,,,,,,,,,,,,,,,,,,,,,,,,,,,,,,,,,,,,,,,,,,,,,,,,,,,,,,,,,,,,,,,,,,,,,,,,,,,,,,,,,,,,,,,,,,,,,,,,,,,,,,,,,,,,,,,,,,,,,,,,,,,,,,,,,,,,,,,,,,,,
1983,,,,,,,,,,,,,,,,,,,,,,,,,,,,,,,,,,,,,,,,,,,,,,,,,,,,,,,,,,,,,,,,,,,,,,,,,,,,,,,,,,,,,,,,,,,,,,,,,,,,,,,,,,,,,,,,,,,,,,,,,,,,,,,,,,,,,,,,,,,,,,,,,,,,,,,,,,,,,,,,,,,,,,,,,,,,,,,,,,,,,,,,,,,,,,,,,,,,,,,,,,,,,,,,,,,,,,,,,,,,,,,,,,,,,,,,,,,,,,,,,
1984,,,,,,,,,,,,,,,,,,,,,,,,,,,,,,,,,,,,,,,,,,,,,,,,,,,,,,,,,,,,,,,,,,,,,,,,,,,,,,,,,,,,,,,,,,,,,,,,,,,,,,,,,,,,,,,,,,,,,,,,,,,,,,,,,,,,,,,,,,,,,,,,,,,,,,,,,,,,,,,,,,,,,,,,,,,,,,,,,,,,,,,,,,,,,,,,,,,,,,,,,,,,,,,,,,,,,,,,,,,,,,,,,,,,,,,,,,,,,,,,,
1985,19.6,21.299999,16.299999,17.5,22.799999,17.1,16.0,23.4,27.299999,25.299999,28.0,22.0,30.700001,30.5,35.799999,22.799999,21.799999,25.200001,17.700001,26.299999,32.0,35.299999,17.200001,17.299999,17.9,18.799999,27.299999,16.700001,21.200001,21.200001,35.299999,16.6,17.200001,18.5,17.200001,31.0,17.0,22.4,18.9,18.1,21.299999,16.799999,35.799999,24.200001,23.6,20.200001,17.200001,17.6,22.0,17.4,34.299999,25.5,25.799999,29.1,34.099998,17.5,36.0,17.200001,19.200001,16.6,24.4,32.400002,19.6,19.5,18.6,19.6,17.700001,34.0,17.0,33.5,20.299999,34.700001,33.799999,23.799999,20.9,20.0,16.799999,29.799999,37.200001,17.4,34.0,20.0,24.299999,23.9,16.6,18.700001,17.4,19.200001,18.799999,32.099998,16.4,28.299999,35.0,28.4,20.6,19.9,17.299999,16.700001,26.799999,25.4,35.5,20.6,35.0,16.299999,24.6,15.0,19.5,22.200001,21.700001,17.6,20.6,34.700001,17.4,21.5,17.5,20.799999,17.299999,17.4,32.099998,17.5,19.9,35.799999,27.6,27.6,16.9,16.200001,20.5,16.799999,17.4,31.700001,26.0,17.299999,23.1,15.6,18.5,18.200001,16.9,20.4,17.200001,21.700001,28.700001,18.5,28.299999,33.099998,18.700001,17.299999,19.799999,16.4,19.0,33.099998,22.200001,29.5,16.5,15.7,17.5,23.5,18.4,31.4,35.099998,34.599998,27.5,17.5,18.6,15.5,20.299999,18.200001,18.9,19.4,18.700001,30.700001,19.200001,32.099998,26.299999,26.9,22.299999,31.6,32.200001,15.2,18.9,19.1,17.6,16.1,19.299999,16.299999,32.099998,21.799999,17.799999,27.299999,30.0,32.5,16.200001,18.0,19.6,21.5,24.299999,17.799999,20.0,20.0,19.200001,19.9,33.0,31.6,22.799999,17.200001,16.6,21.5,15.6,37.700001,36.0,15.6,24.799999,18.4,16.700001,21.799999,19.5,16.700001,18.4,22.700001,19.9,21.0,19.4,16.1,34.0,26.299999,35.400002,31.4,24.0,23.299999,30.4,19.6,17.799999,19.9,20.0,17.299999,19.799999,35.400002,21.4,23.299999,14.7,16.299999,15.9
1986,,,,,,,,,,,,,,,,,,,,,,,,,,,,,,,,,,,,,,,,,,,,,,,,,,,,,,,,,,,,,,,,,,,,,,,,,,,,,,,,,,,,,,,,,,,,,,,,,,,,,,,,,,,,,,,,,,,,,,,,,,,,,,,,,,,,,,,,,,,,,,,,,,,,,,,,,,,,,,,,,,,,,,,,,,,,,,,,,,,,,,,,,,,,,,,,,,,,,,,,,,,,,,,,,,,,,,,,,,,,,,,,,,,,,,,,,,,,,,,,,
1987,,,,,,,,,,,,,,,,,,,,,,,,,,,,,,,,,,,,,,,,,,,,,,,,,,,,,,,,,,,,,,,,,,,,,,,,,,,,,,,,,,,,,,,,,,,,,,,,,,,,,,,,,,,,,,,,,,,,,,,,,,,,,,,,,,,,,,,,,,,,,,,,,,,,,,,,,,,,,,,,,,,,,,,,,,,,,,,,,,,,,,,,,,,,,,,,,,,,,,,,,,,,,,,,,,,,,,,,,,,,,,,,,,,,,,,,,,,,,,,,,
1988,,,,,,,,,,,,,,,,,,,,,,,,,,,,,,,,,,,,,,,,,,,,,,,,,,,,,,,,,,,,,,,,,,,,,,,,,,,,,,,,,,,,,,,,,,,,,,,,,,,,,,,,,,,,,,,,,,,,,,,,,,,,,,,,,,,,,,,,,,,,,,,,,,,,,,,,,,,,,,,,,,,,,,,,,,,,,,,,,,,,,,,,,,,,,,,,,,,,,,,,,,,,,,,,,,,,,,,,,,,,,,,,,,,,,,,,,,,,,,,,,
1989,,,,,,,,,,,,,,,,,,,,,,,,,,,,,,,,,,,,,,,,,,,,,,,,,,,,,,,,,,,,,,,,,,,,,,,,,,,,,,,,,,,,,,,,,,,,,,,,,,,,,,,,,,,,,,,,,,,,,,,,,,,,,,,,,,,,,,,,,,,,,,,,,,,,,,,,,,,,,,,,,,,,,,,,,,,,,,,,,,,,,,,,,,,,,,,,,,,,,,,,,,,,,,,,,,,,,,,,,,,,,,,,,,,,,,,,,,,,,,,,,
1990,20.200001,22.299999,15.9,17.6,24.1,18.0,15.8,24.4,27.200001,27.200001,31.200001,23.0,32.099998,31.9,36.5,24.1,23.6,25.4,18.6,28.299999,33.099998,36.5,17.9,17.1,17.9,19.1,29.799999,17.5,22.4,23.200001,36.5,16.299999,16.4,17.9,16.799999,32.900002,16.9,23.799999,18.4,19.200001,21.6,16.299999,36.0,25.6,24.9,21.6,17.0,17.9,23.1,17.5,35.799999,27.700001,28.6,29.9,35.299999,17.4,37.099998,17.4,20.200001,16.6,25.799999,33.599998,20.5,19.6,19.700001,19.1,17.5,34.400002,16.799999,34.599998,20.9,36.400002,35.0,24.1,22.0,19.4,17.0,31.0,37.599998,17.799999,35.099998,20.4,26.799999,25.200001,16.9,18.200001,16.9,21.1,18.5,33.400002,16.9,31.0,36.400002,30.0,21.1,21.299999,17.200001,16.799999,28.299999,25.9,37.0,22.299999,37.299999,16.799999,26.0,15.5,20.4,23.5,21.799999,17.6,21.700001,34.700001,17.5,23.200001,17.700001,21.700001,17.4,18.5,32.700001,17.5,20.299999,36.400002,28.9,29.200001,17.1,17.1,21.6,16.200001,16.5,33.099998,28.299999,17.4,24.9,15.9,19.0,19.5,17.6,21.700001,17.0,22.6,29.9,19.299999,29.799999,34.400002,19.799999,16.200001,20.799999,17.799999,18.700001,34.599998,23.4,31.1,16.9,15.8,17.4,25.0,19.0,32.799999,35.599998,35.400002,28.6,17.9,18.5,15.7,21.700001,18.700001,19.4,20.4,19.200001,32.200001,20.4,34.200001,28.5,28.700001,24.0,32.599998,33.400002,15.3,21.4,20.4,18.700001,16.0,19.5,16.4,33.200001,21.9,17.4,29.299999,31.200001,34.200001,16.9,17.799999,20.1,22.5,26.9,17.799999,20.4,21.299999,19.700001,20.299999,34.599998,33.400002,24.200001,17.200001,17.0,22.799999,16.0,38.400002,36.900002,16.299999,27.299999,18.1,16.799999,24.299999,19.799999,16.799999,19.700001,24.1,21.299999,22.1,19.6,15.9,35.299999,26.700001,35.799999,32.799999,28.299999,24.5,30.700001,19.6,18.1,21.0,21.0,17.200001,20.200001,36.299999,21.1,24.0,14.3,16.4,16.6
1991,,,,,,,,,,,,,,,,,,,,,,,,,,,,,,,,,,,,,,,,,,,,,,,,,,,,,,,,,,,,,,,,,,,,,,,,,,,,,,,,,,,,,,,,,,,,,,,,,,,,,,,,,,,,,,,,,,,,,,,,,,,,,,,,,,,,,,,,,,,,,,,,,,,,,,,,,,,,,,,,,,,,,,,,,,,,,,,,,,,,,,,,,,,,,,,,,,,,,,,,,,,,,,,,,,,,,,,,,,,,,,,,,,,,,,,,,,,,,,,,,
1992,,,,,,,,,,,,,,,,,,,,,,,,,,,,,,,,,,,,,,,,,,,,,,,,,,,,,,,,,,,,,,,,,,,,,,,,,,,,,,,,,,,,,,,,,,,,,,,,,,,,,,,,,,,,,,,,,,,,,,,,,,,,,,,,,,,,,,,,,,,,,,,,,,,,,,,,,,,,,,,,,,,,,,,,,,,,,,,,,,,,,,,,,,,,,,,,,,,,,,,,,,,,,,,,,,,,,,,,,,,,,,,,,,,,,,,,,,,,,,,,,
1993,,,,,,,,,,,,,,,,,,,,,,,,,,,,,,,,,,,,,,,,,,,,,,,,,,,,,,,,,,,,,,,,,,,,,,,,,,,,,,,,,,,,,,,,,,,,,,,,,,,,,,,,,,,,,,,,,,,,,,,,,,,,,,,,,,,,,,,,,,,,,,,,,,,,,,,,,,,,,,,,,,,,,,,,,,,,,,,,,,,,,,,,,,,,,,,,,,,,,,,,,,,,,,,,,,,,,,,,,,,,,,,,,,,,,,,,,,,,,,,,,
1994,,,,,,,,,,,,,,,,,,,,,,,,,,,,,,,,,,,,,,,,,,,,,,,,,,,,,,,,,,,,,,,,,,,,,,,,,,,,,,,,,,,,,,,,,,,,,,,,,,,,,,,,,,,,,,,,,,,,,,,,,,,,,,,,,,,,,,,,,,,,,,,,,,,,,,,,,,,,,,,,,,,,,,,,,,,,,,,,,,,,,,,,,,,,,,,,,,,,,,,,,,,,,,,,,,,,,,,,,,,,,,,,,,,,,,,,,,,,,,,,,
1995,21.0,23.6,16.0,18.0,24.700001,19.4,16.0,26.700001,27.4,29.4,32.5,24.4,33.599998,33.400002,36.299999,24.6,25.0,26.4,19.5,31.1,34.700001,37.599998,18.4,17.200001,17.6,19.700001,33.0,18.799999,23.700001,24.0,38.200001,16.299999,15.3,17.299999,16.9,34.799999,17.200001,25.1,18.6,20.6,21.799999,15.9,36.900002,27.200001,27.299999,23.0,17.1,18.5,24.299999,17.9,37.900002,30.200001,31.9,31.0,36.099998,17.200001,37.700001,18.1,21.299999,16.799999,28.1,35.099998,21.6,20.1,21.0,18.9,16.1,36.400002,16.700001,36.099998,21.6,37.799999,36.400002,23.9,23.6,19.200001,16.6,32.299999,38.400002,18.4,36.400002,20.9,29.4,26.299999,17.200001,17.9,17.0,21.700001,18.5,34.799999,17.5,34.0,37.5,31.5,21.799999,22.799999,18.5,17.5,30.1,27.299999,38.700001,23.5,39.400002,19.200001,27.1,16.4,19.6,26.6,21.6,17.6,22.9,36.200001,17.9,24.5,18.4,22.9,17.799999,20.200001,34.0,17.5,21.1,36.700001,31.1,30.700001,17.200001,16.9,22.5,16.700001,16.5,35.0,31.4,17.6,26.799999,17.0,19.6,21.200001,17.799999,22.5,17.0,23.799999,30.799999,20.299999,32.200001,35.799999,21.1,17.5,22.1,18.6,19.0,36.0,25.200001,32.599998,18.0,15.9,17.700001,27.299999,19.9,34.099998,36.400002,36.099998,29.799999,20.9,18.6,15.7,23.1,19.299999,19.700001,21.5,19.799999,33.599998,21.299999,36.0,30.4,29.0,26.1,33.900002,35.0,17.799999,23.1,22.299999,19.1,16.6,19.4,16.799999,34.099998,24.5,17.4,31.799999,32.400002,36.200001,17.9,17.4,21.6,23.6,29.299999,17.700001,21.1,22.6,21.1,21.0,36.400002,35.5,25.799999,17.4,17.700001,23.9,16.299999,38.5,37.200001,17.5,29.6,17.799999,17.0,26.6,19.9,17.0,19.799999,25.700001,23.1,23.5,20.1,15.5,36.400002,27.799999,36.5,34.0,30.799999,26.299999,31.1,19.799999,18.5,22.0,22.200001,17.5,21.1,37.400002,21.200001,25.1,14.9,16.5,17.200001
1996,,,,,,,,,,,,,,,,,,,,,,,,,,,,,,,,,,,,,,,,,,,,,,,,,,,,,,,,,,,,,,,,,,,,,,,,,,,,,,,,,,,,,,,,,,,,,,,,,,,,,,,,,,,,,,,,,,,,,,,,,,,,,,,,,,,,,,,,,,,,,,,,,,,,,,,,,,,,,,,,,,,,,,,,,,,,,,,,,,,,,,,,,,,,,,,,,,,,,,,,,,,,,,,,,,,,,,,,,,,,,,,,,,,,,,,,,,,,,,,,,
1997,,,,,,,,,,,,,,,,,,,,,,,,,,,,,,,,,,,,,,,,,,,,,,,,,,,,,,,,,,,,,,,,,,,,,,,,,,,,,,,,,,,,,,,,,,,,,,,,,,,,,,,,,,,,,,,,,,,,,,,,,,,,,,,,,,,,,,,,,,,,,,,,,,,,,,,,,,,,,,,,,,,,,,,,,,,,,,,,,,,,,,,,,,,,,,,,,,,,,,,,,,,,,,,,,,,,,,,,,,,,,,,,,,,,,,,,,,,,,,,,,
1998,,,,,,,,,,,,,,,,,,,,,,,,,,,,,,,,,,,,,,,,,,,,,,,,,,,,,,,,,,,,,,,,,,,,,,,,,,,,,,,,,,,,,,,,,,,,,,,,,,,,,,,,,,,,,,,,,,,,,,,,,,,,,,,,,,,,,,,,,,,,,,,,,,,,,,,,,,,,,,,,,,,,,,,,,,,,,,,,,,,,,,,,,,,,,,,,,,,,,,,,,,,,,,,,,,,,,,,,,,,,,,,,,,,,,,,,,,,,,,,,,
1999,,,,,,,,,,,,,,,,,,,,,,,,,,,,,,,,,,,,,,,,,,,,,,,,,,,,,,,,,,,,,,,,,,,,,,,,,,,,,,,,,,,,,,,,,,,,,,,,,,,,,,,,,,,,,,,,,,,,,,,,,,,,,,,,,,,,,,,,,,,,,,,,,,,,,,,,,,,,,,,,,,,,,,,,,,,,,,,,,,,,,,,,,,,,,,,,,,,,,,,,,,,,,,,,,,,,,,,,,,,,,,,,,,,,,,,,,,,,,,,,,
2000,21.9,25.1,15.7,18.4,27.1,21.700001,16.200001,28.299999,27.9,30.6,34.400002,26.0,35.400002,35.200001,38.200001,25.6,27.0,26.6,20.9,33.5,36.5,39.0,19.200001,17.299999,18.799999,20.5,34.900002,20.1,25.1,25.5,39.700001,16.4,15.3,18.1,17.299999,36.799999,18.0,26.5,18.6,22.0,22.6,15.6,38.099998,28.9,30.1,24.4,17.700001,19.0,25.6,18.0,38.900002,32.799999,35.5,31.799999,37.5,17.200001,38.400002,19.299999,22.4,16.9,30.799999,36.5,22.799999,21.200001,22.0,19.6,17.1,38.0,16.6,37.700001,22.1,39.400002,37.700001,23.9,25.700001,19.4,16.799999,33.799999,40.099998,18.799999,37.799999,21.799999,32.099998,27.299999,17.700001,17.799999,17.1,22.6,19.1,36.299999,18.4,36.200001,38.5,32.900002,22.700001,24.4,20.799999,18.200001,31.799999,28.0,40.400002,24.9,41.200001,19.6,27.799999,17.0,19.700001,27.799999,22.5,18.0,24.200001,37.900002,18.200001,26.299999,18.700001,24.1,18.1,22.1,35.900002,17.5,22.0,37.299999,33.299999,32.299999,17.299999,16.5,23.799999,18.6,16.6,36.200001,34.099998,18.200001,29.0,17.700001,20.1,22.700001,18.9,23.700001,17.0,25.1,31.299999,22.0,34.400002,37.299999,22.700001,17.4,23.5,19.5,19.299999,37.5,27.1,34.299999,19.4,15.9,17.9,29.4,21.299999,35.400002,37.599998,36.900002,30.9,20.9,19.200001,16.0,24.5,19.799999,20.5,22.799999,20.5,35.0,22.299999,37.900002,32.299999,30.5,28.0,34.900002,36.5,17.299999,24.299999,24.200001,19.5,17.299999,21.299999,17.299999,36.099998,26.299999,17.5,34.099998,33.900002,38.099998,18.700001,16.5,22.799999,24.799999,31.9,17.6,22.0,24.200001,22.299999,22.0,38.299999,37.599998,27.6,17.6,17.9,25.1,17.200001,39.400002,38.599998,18.700001,31.799999,18.299999,17.200001,30.1,14.8,17.9,19.9,27.799999,25.1,24.9,21.700001,15.2,37.799999,28.1,37.599998,35.200001,33.700001,28.5,31.6,21.0,18.9,23.1,24.200001,17.700001,22.1,38.900002,22.299999,26.299999,15.6,16.6,17.799999
2001,,,,,,,,,,,,,,,,,,,,,,,,,,,,,,,,,,,,,,,,,,,,,,,,,,,,,,,,,,,,,,,,,,,,,,,,,,,,,,,,,,,,,,,,,,,,,,,,,,,,,,,,,,,,,,,,,,,,,,,,,,,,,,,,,,,,,,,,,,,,,,,,,,,,,,,,,,,,,,,,,,,,,,,,,,,,,,,,,,,,,,,,,,,,,,,,,,,,,,,,,,,,,,,,,,,,,,,,,,,,,,,,,,,,,,,,,,,,,,,,,
2002,,,,,,,,,,,,,,,,,,,,,,,,,,,,,,,,,,,,,,,,,,,,,,,,,,,,,,,,,,,,,,,,,,,,,,,,,,,,,,,,,,,,,,,,,,,,,,,,,,,,,,,,,,,,,,,,,,,,,,,,,,,,,,,,,,,,,,,,,,,,,,,,,,,,,,,,,,,,,,,,,,,,,,,,,,,,,,,,,,,,,,,,,,,,,,,,,,,,,,,,,,,,,,,,,,,,,,,,,,,,,,,,,,,,,,,,,,,,,,,,,
2003,,,,,,,,,,,,,,,,,,,,,,,,,,,,,,,,,,,,,,,,,,,,,,,,,,,,,,,,,,,,,,,,,,,,,,,,,,,,,,,,,,,,,,,,,,,,,,,,,,,,,,,,,,,,,,,,,,,,,,,,,,,,,,,,,,,,,,,,,,,,,,,,,,,,,,,,,,,,,,,,,,,,,,,,,,,,,,,,,,,,,,,,,,,,,,,,,,,,,,,,,,,,,,,,,,,,,,,,,,,,,,,,,,,,,,,,,,,,,,,,,
2004,,,,,,,,,,,,,,,,,,,,,,,,,,,,,,,,,,,,,,,,,,,,,,,,,,,,,,,,,,,,,,,,,,,,,,,,,,,,,,,,,,,,,,,,,,,,,,,,,,,,,,,,,,,,,,,,,,,,,,,,,,,,,,,,,,,,,,,,,,,,,,,,,,,,,,,,,,,,,,,,,,,,,,,,,,,,,,,,,,,,,,,,,,,,,,,,,,,,,,,,,,,,,,,,,,,,,,,,,,,,,,,,,,,,,,,,,,,,,,,,,
2005,23.0,26.5,16.1,18.799999,29.200001,24.1,16.299999,28.5,28.700001,31.799999,36.200001,27.4,36.599998,36.400002,40.0,27.1,29.1,27.799999,22.4,35.200001,38.099998,40.299999,20.200001,17.6,21.4,21.6,36.900002,21.5,27.0,26.799999,41.200001,16.6,16.700001,20.4,17.700001,38.599998,19.700001,27.700001,18.6,23.4,23.9,15.4,39.599998,30.6,32.700001,26.1,18.4,19.1,27.4,17.799999,40.5,35.599998,38.0,32.900002,38.700001,17.0,39.599998,20.1,23.6,17.1,33.5,37.599998,23.9,22.6,23.0,20.6,18.5,39.400002,16.799999,39.099998,25.299999,40.900002,38.900002,23.299999,27.1,20.200001,16.799999,35.0,42.099998,19.299999,39.299999,23.299999,34.900002,28.299999,18.5,17.799999,17.799999,22.9,20.299999,37.799999,19.5,39.099998,39.099998,34.299999,23.799999,25.5,24.1,18.700001,33.299999,28.700001,42.0,26.200001,43.0,20.799999,28.6,17.6,20.799999,28.200001,23.799999,19.1,25.700001,39.5,18.6,26.5,19.4,25.200001,18.200001,24.0,38.5,17.6,22.9,38.5,34.400002,34.0,17.5,16.4,25.0,22.1,16.5,38.200001,37.400002,18.700001,30.5,18.299999,21.0,24.200001,19.5,24.200001,17.1,26.4,32.400002,24.0,35.0,38.700001,24.4,17.1,24.700001,19.6,20.0,39.0,29.0,35.5,21.200001,15.4,18.0,31.5,22.799999,36.400002,38.799999,38.0,31.9,22.9,20.200001,17.0,25.9,20.4,21.9,24.299999,21.299999,36.599998,23.6,39.5,33.400002,31.0,29.0,37.0,37.299999,18.299999,26.200001,26.299999,20.299999,17.5,23.700001,17.799999,37.299999,29.0,17.6,35.900002,35.400002,40.0,19.1,16.1,23.799999,26.5,34.799999,17.700001,23.200001,25.5,23.299999,23.200001,40.0,39.099998,28.9,17.799999,18.1,25.9,18.0,40.299999,40.099998,19.700001,34.400002,19.799999,17.200001,32.700001,15.4,18.299999,21.1,29.9,27.200001,26.6,23.0,15.1,39.099998,29.799999,38.700001,36.099998,36.5,30.6,32.599998,22.799999,19.799999,24.4,26.4,17.799999,23.5,40.599998,24.200001,27.4,16.799999,16.4,18.299999
2006,,,,,,,,,,,,,,,,,,,,,,,,,,,,,,,,,,,,,,,,,,,,,,,,,,,,,,,,,,,,,,,,,,,,,,,,,,,,,,,,,,,,,,,,,,,,,,,,,,,,,,,,,,,,,,,,,,,,,,,,,,,,,,,,,,,,,,,,,,,,,,,,,,,,,,,,,,,,,,,,,,,,,,,,,,,,,,,,,,,,,,,,,,,,,,,,,,,,,,,,,,,,,,,,,,,,,,,,,,,,,,,,,,,,,,,,,,,,,,,,,
2007,,,,,,,,,,,,,,,,,,,,,,,,,,,,,,,,,,,,,,,,,,,,,,,,,,,,,,,,,,,,,,,,,,,,,,,,,,,,,,,,,,,,,,,,,,,,,,,,,,,,,,,,,,,,,,,,,,,,,,,,,,,,,,,,,,,,,,,,,,,,,,,,,,,,,,,,,,,,,,,,,,,,,,,,,,,,,,,,,,,,,,,,,,,,,,,,,,,,,,,,,,,,,,,,,,,,,,,,,,,,,,,,,,,,,,,,,,,,,,,,,
2008,,,,,,,,,,,,,,,,,,,,,,,,,,,,,,,,,,,,,,,,,,,,,,,,,,,,,,,,,,,,,,,,,,,,,,,,,,,,,,,,,,,,,,,,,,,,,,,,,,,,,,,,,,,,,,,,,,,,,,,,,,,,,,,,,,,,,,,,,,,,,,,,,,,,,,,,,,,,,,,,,,,,,,,,,,,,,,,,,,,,,,,,,,,,,,,,,,,,,,,,,,,,,,,,,,,,,,,,,,,,,,,,,,,,,,,,,,,,,,,,,
2009,,,,,,,,,,,,,,,,,,,,,,,,,,,,,,,,,,,,,,,,,,,,,,,,,,,,,,,,,,,,,,,,,,,,,,,,,,,,,,,,,,,,,,,,,,,,,,,,,,,,,,,,,,,,,,,,,,,,,,,,,,,,,,,,,,,,,,,,,,,,,,,,,,,,,,,,,,,,,,,,,,,,,,,,,,,,,,,,,,,,,,,,,,,,,,,,,,,,,,,,,,,,,,,,,,,,,,,,,,,,,,,,,,,,,,,,,,,,,,,,,
2010,24.1,27.9,16.0,19.1,32.299999,26.0,16.299999,29.299999,29.9,32.900002,38.400002,28.799999,36.900002,36.900002,41.900002,28.700001,30.9,30.1,23.9,37.0,38.900002,40.900002,21.9,17.9,23.799999,22.799999,38.900002,23.0,29.0,27.5,42.400002,16.700001,17.6,22.700001,18.0,39.700001,22.0,28.9,18.5,24.9,25.0,15.6,41.200001,32.099998,35.200001,28.0,19.1,19.299999,29.200001,17.9,41.700001,38.5,40.0,33.900002,39.599998,16.9,40.599998,21.9,24.799999,17.4,36.0,38.599998,25.200001,23.9,24.200001,21.6,18.9,40.200001,17.5,40.400002,26.5,42.0,40.0,24.4,29.299999,21.5,16.799999,36.599998,44.299999,19.9,41.0,25.0,38.799999,29.200001,19.700001,18.1,18.4,24.299999,21.6,39.099998,21.1,41.200001,40.099998,34.799999,25.1,26.700001,26.9,18.9,34.599998,30.1,43.799999,27.6,44.700001,21.5,28.9,18.200001,21.6,29.5,24.0,20.700001,27.4,40.799999,19.0,28.5,20.5,26.5,18.299999,25.799999,40.599998,17.799999,24.1,38.900002,36.400002,35.700001,18.0,16.700001,26.0,25.0,16.200001,40.099998,40.400002,19.200001,32.900002,18.5,21.6,25.9,20.200001,24.799999,17.0,27.799999,34.200001,25.700001,36.400002,39.900002,26.299999,17.0,26.299999,19.9,21.299999,40.799999,32.200001,36.599998,23.1,15.0,17.9,33.0,24.1,37.200001,39.599998,38.700001,32.200001,26.200001,21.4,18.200001,27.200001,20.9,23.299999,25.9,23.1,38.099998,24.799999,41.599998,34.700001,31.799999,31.6,39.400002,38.0,19.1,30.299999,27.9,20.799999,17.799999,25.9,18.1,38.799999,31.299999,17.799999,37.299999,37.299999,41.5,19.5,16.1,24.799999,28.299999,38.0,18.1,24.5,27.1,24.299999,24.5,41.700001,40.599998,30.4,18.0,18.299999,27.200001,19.200001,40.700001,41.599998,21.5,37.0,21.299999,17.200001,35.5,17.1,18.6,21.200001,31.9,29.200001,28.299999,24.4,15.3,39.5,31.9,39.599998,36.900002,39.200001,32.299999,33.700001,24.5,21.200001,25.799999,28.5,17.799999,25.1,42.299999,25.5,28.5,18.0,16.5,18.6
2011,,,,,,,,,,,,,,,,,,,,,,,,,,,,,,,,,,,,,,,,,,,,,,,,,,,,,,,,,,,,,,,,,,,,,,,,,,,,,,,,,,,,,,,,,,,,,,,,,,,,,,,,,,,,,,,,,,,,,,,,,,,,,,,,,,,,,,,,,,,,,,,,,,,,,,,,,,,,,,,,,,,,,,,,,,,,,,,,,,,,,,,,,,,,,,,,,,,,,,,,,,,,,,,,,,,,,,,,,,,,,,,,,,,,,,,,,,,,,,,,,
2012,,,,,,,,,,,,,,,,,,,,,,,,,,,,,,,,,,,,,,,,,,,,,,,,,,,,,,,,,,,,,,,,,,,,,,,,,,,,,,,,,,,,,,,,,,,,,,,,,,,,,,,,,,,,,,,,,,,,,,,,,,,,,,,,,,,,,,,,,,,,,,,,,,,,,,,,,,,,,,,,,,,,,,,,,,,,,,,,,,,,,,,,,,,,,,,,,,,,,,,,,,,,,,,,,,,,,,,,,,,,,,,,,,,,,,,,,,,,,,,,,
2013,,,,,,,,,,,,,,,,,,,,,,,,,,,,,,,,,,,,,,,,,,,,,,,,,,,,,,,,,,,,,,,,,,,,,,,,,,,,,,,,,,,,,,,,,,,,,,,,,,,,,,,,,,,,,,,,,,,,,,,,,,,,,,,,,,,,,,,,,,,,,,,,,,,,,,,,,,,,,,,,,,,,,,,,,,,,,,,,,,,,,,,,,,,,,,,,,,,,,,,,,,,,,,,,,,,,,,,,,,,,,,,,,,,,,,,,,,,,,,,,,
2014,,,,,,,,,,,,,,,,,,,,,,,,,,,,,,,,,,,,,,,,,,,,,,,,,,,,,,,,,,,,,,,,,,,,,,,,,,,,,,,,,,,,,,,,,,,,,,,,,,,,,,,,,,,,,,,,,,,,,,,,,,,,,,,,,,,,,,,,,,,,,,,,,,,,,,,,,,,,,,,,,,,,,,,,,,,,,,,,,,,,,,,,,,,,,,,,,,,,,,,,,,,,,,,,,,,,,,,,,,,,,,,,,,,,,,,,,,,,,,,,,
2015,25.200001,29.299999,17.299999,19.4,36.200001,27.5,16.4,30.700001,30.799999,33.900002,40.099998,30.299999,37.400002,37.400002,43.200001,30.299999,32.5,31.200001,25.6,38.5,39.599998,41.299999,23.5,18.200001,26.299999,24.1,41.0,24.4,31.299999,30.0,43.5,17.0,17.6,24.0,18.299999,40.5,23.799999,30.299999,17.799999,26.6,26.4,16.1,42.700001,33.700001,37.0,30.1,19.700001,18.9,31.4,18.299999,42.599998,41.099998,41.299999,34.900002,41.400002,16.799999,41.599998,23.700001,26.1,18.0,37.900002,39.599998,26.6,24.700001,25.799999,22.200001,18.9,41.599998,18.6,41.599998,27.6,42.5,41.200001,24.5,30.9,22.6,17.0,38.0,45.900002,20.4,43.299999,27.200001,41.5,30.1,21.299999,18.4,18.9,24.6,23.0,40.400002,23.0,43.200001,41.700001,36.0,26.700001,28.0,29.5,19.4,36.900002,30.200001,45.900002,29.4,46.299999,22.1,29.299999,19.0,22.4,33.400002,25.299999,22.700001,29.200001,42.5,19.6,28.5,21.299999,27.799999,18.6,27.200001,42.700001,18.299999,25.200001,39.299999,37.599998,37.400002,18.700001,17.4,27.700001,27.9,16.0,40.900002,43.700001,19.700001,35.599998,19.0,22.299999,27.5,21.5,25.700001,17.1,29.1,35.599998,27.1,37.700001,41.099998,27.9,17.200001,27.700001,21.0,23.200001,42.099998,32.799999,37.299999,25.200001,14.9,17.9,34.0,25.0,37.900002,40.400002,39.200001,32.799999,29.0,22.5,19.299999,28.4,21.700001,24.9,27.5,24.1,39.700001,25.799999,43.900002,36.400002,31.299999,34.5,41.299999,38.700001,19.4,32.599998,29.799999,21.200001,18.1,29.799999,18.299999,40.0,34.599998,18.299999,40.0,39.200001,43.0,19.9,16.5,26.1,30.1,40.799999,18.6,26.1,28.5,25.5,26.1,43.900002,43.200001,32.299999,18.299999,18.9,28.4,20.4,40.900002,42.200001,20.200001,39.599998,22.4,17.299999,37.799999,17.4,18.9,21.299999,33.900002,31.1,29.9,25.6,15.8,40.299999,33.400002,40.200001,37.599998,41.200001,33.900002,34.900002,26.299999,22.200001,27.4,30.4,17.9,26.5,43.5,26.799999,29.6,19.200001,17.1,19.0
2016,,,,,,,,,,,,,,,,,,,,,,,,,,,,,,,,,,,,,,,,,,,,,,,,,,,,,,,,,,,,,,,,,,,,,,,,,,,,,,,,,,,,,,,,,,,,,,,,,,,,,,,,,,,,,,,,,,,,,,,,,,,,,,,,,,,,,,,,,,,,,,,,,,,,,,,,,,,,,,,,,,,,,,,,,,,,,,,,,,,,,,,,,,,,,,,,,,,,,,,,,,,,,,,,,,,,,,,,,,,,,,,,,,,,,,,,,,,,,,,,,
2017,,,,,,,,,,,,,,,,,,,,,,,,,,,,,,,,,,,,,,,,,,,,,,,,,,,,,,,,,,,,,,,,,,,,,,,,,,,,,,,,,,,,,,,,,,,,,,,,,,,,,,,,,,,,,,,,,,,,,,,,,,,,,,,,,,,,,,,,,,,,,,,,,,,,,,,,,,,,,,,,,,,,,,,,,,,,,,,,,,,,,,,,,,,,,,,,,,,,,,,,,,,,,,,,,,,,,,,,,,,,,,,,,,,,,,,,,,,,,,,,,
2018,,,,,,,,,,,,,,,,,,,,,,,,,,,,,,,,,,,,,,,,,,,,,,,,,,,,,,,,,,,,,,,,,,,,,,,,,,,,,,,,,,,,,,,,,,,,,,,,,,,,,,,,,,,,,,,,,,,,,,,,,,,,,,,,,,,,,,,,,,,,,,,,,,,,,,,,,,,,,,,,,,,,,,,,,,,,,,,,,,,,,,,,,,,,,,,,,,,,,,,,,,,,,,,,,,,,,,,,,,,,,,,,,,,,,,,,,,,,,,,,,
2019,,,,,,,,,,,,,,,,,,,,,,,,,,,,,,,,,,,,,,,,,,,,,,,,,,,,,,,,,,,,,,,,,,,,,,,,,,,,,,,,,,,,,,,,,,,,,,,,,,,,,,,,,,,,,,,,,,,,,,,,,,,,,,,,,,,,,,,,,,,,,,,,,,,,,,,,,,,,,,,,,,,,,,,,,,,,,,,,,,,,,,,,,,,,,,,,,,,,,,,,,,,,,,,,,,,,,,,,,,,,,,,,,,,,,,,,,,,,,,,,,
2020,26.299999,30.9,18.6,19.799999,38.0,29.1,16.799999,32.099998,31.9,35.700001,41.200001,32.099998,37.900002,37.900002,44.400002,32.400002,34.299999,32.400002,27.5,39.799999,40.299999,41.799999,25.0,18.799999,28.6,25.4,42.5,25.799999,33.5,32.400002,44.700001,17.6,17.5,25.6,18.799999,41.400002,25.700001,31.9,18.299999,28.299999,27.9,16.700001,44.0,35.400002,38.700001,32.200001,20.4,19.0,33.599998,18.700001,44.0,43.099998,41.700001,37.299999,43.299999,17.0,42.299999,25.4,27.6,18.700001,39.599998,40.799999,28.1,25.299999,27.6,22.4,19.299999,42.700001,19.799999,42.700001,28.6,42.799999,42.0,25.299999,32.700001,23.1,17.5,38.700001,46.599998,21.1,45.299999,29.4,43.400002,31.4,22.9,19.0,19.4,26.299999,24.299999,41.5,24.9,44.799999,43.400002,37.299999,28.200001,29.299999,32.400002,20.0,38.700001,30.6,47.900002,31.4,48.200001,23.200001,30.6,20.0,23.200001,33.700001,26.299999,24.4,30.9,43.900002,20.4,31.1,22.200001,29.1,19.200001,29.0,43.5,18.9,26.4,39.700001,39.200001,39.099998,19.6,18.1,29.9,30.6,16.4,42.400002,45.700001,20.299999,37.400002,20.1,23.200001,29.299999,23.0,26.9,17.4,30.700001,37.599998,28.6,39.099998,42.099998,29.6,17.700001,29.1,22.0,25.0,43.200001,33.400002,37.900002,27.299999,15.1,18.1,35.299999,25.9,38.599998,41.0,39.700001,33.5,30.700001,23.5,20.4,29.700001,22.6,26.5,29.1,25.200001,41.799999,27.1,46.200001,38.200001,31.9,36.0,43.0,39.599998,20.299999,34.900002,31.799999,22.0,18.700001,31.9,18.700001,41.200001,36.200001,19.1,42.400002,41.200001,44.5,20.799999,16.799999,27.299999,32.0,43.400002,19.200001,27.6,30.0,26.700001,27.6,45.900002,45.5,34.099998,18.700001,19.700001,29.6,21.5,41.0,43.099998,21.700001,42.200001,23.299999,17.700001,40.099998,18.0,19.4,22.299999,36.200001,32.700001,31.6,26.9,16.4,41.400002,34.0,40.799999,38.299999,42.200001,35.599998,35.599998,28.200001,23.1,29.0,32.599998,18.200001,27.799999,44.200001,28.4,30.9,20.299999,17.700001,19.6
2021,,,,,,,,,,,,,,,,,,,,,,,,,,,,,,,,,,,,,,,,,,,,,,,,,,,,,,,,,,,,,,,,,,,,,,,,,,,,,,,,,,,,,,,,,,,,,,,,,,,,,,,,,,,,,,,,,,,,,,,,,,,,,,,,,,,,,,,,,,,,,,,,,,,,,,,,,,,,,,,,,,,,,,,,,,,,,,,,,,,,,,,,,,,,,,,,,,,,,,,,,,,,,,,,,,,,,,,,,,,,,,,,,,,,,,,,,,,,,,,,,
2022,,,,,,,,,,,,,,,,,,,,,,,,,,,,,,,,,,,,,,,,,,,,,,,,,,,,,,,,,,,,,,,,,,,,,,,,,,,,,,,,,,,,,,,,,,,,,,,,,,,,,,,,,,,,,,,,,,,,,,,,,,,,,,,,,,,,,,,,,,,,,,,,,,,,,,,,,,,,,,,,,,,,,,,,,,,,,,,,,,,,,,,,,,,,,,,,,,,,,,,,,,,,,,,,,,,,,,,,,,,,,,,,,,,,,,,,,,,,,,,,,
2023,,,,,,,,,,,,,,,,,,,,,,,,,,,,,,,,,,,,,,,,,,,,,,,,,,,,,,,,,,,,,,,,,,,,,,,,,,,,,,,,,,,,,,,,,,,,,,,,,,,,,,,,,,,,,,,,,,,,,,,,,,,,,,,,,,,,,,,,,,,,,,,,,,,,,,,,,,,,,,,,,,,,,,,,,,,,,,,,,,,,,,,,,,,,,,,,,,,,,,,,,,,,,,,,,,,,,,,,,,,,,,,,,,,,,,,,,,,,,,,,,
2024,,,,,,,,,,,,,,,,,,,,,,,,,,,,,,,,,,,,,,,,,,,,,,,,,,,,,,,,,,,,,,,,,,,,,,,,,,,,,,,,,,,,,,,,,,,,,,,,,,,,,,,,,,,,,,,,,,,,,,,,,,,,,,,,,,,,,,,,,,,,,,,,,,,,,,,,,,,,,,,,,,,,,,,,,,,,,,,,,,,,,,,,,,,,,,,,,,,,,,,,,,,,,,,,,,,,,,,,,,,,,,,,,,,,,,,,,,,,,,,,,
2025,27.4,32.400002,20.1,20.4,39.799999,30.6,17.4,33.5,33.0,38.0,41.5,33.799999,38.900002,38.900002,45.299999,34.599998,36.099998,33.5,29.5,41.0,41.599998,42.599998,26.700001,19.4,30.9,26.799999,43.799999,27.299999,35.599998,34.799999,46.0,18.200001,17.799999,27.200001,19.5,42.400002,27.6,33.400002,19.299999,30.200001,29.299999,17.4,45.099998,37.299999,40.599998,34.299999,21.200001,19.6,35.799999,19.1,45.400002,44.400002,41.900002,39.5,45.299999,17.5,42.400002,27.1,29.1,19.6,41.400002,42.299999,29.700001,25.9,29.6,22.299999,20.299999,43.900002,21.200001,43.900002,29.700001,43.400002,42.599998,26.5,34.599998,23.6,18.200001,39.599998,47.099998,21.9,47.299999,31.299999,44.299999,32.799999,24.5,19.6,20.0,28.0,25.700001,42.599998,27.0,46.400002,45.099998,38.700001,29.799999,30.6,35.5,20.6,40.299999,31.1,49.700001,33.5,50.200001,24.6,31.700001,21.200001,23.799999,34.099998,27.200001,26.1,32.799999,44.900002,21.299999,34.599998,23.0,30.200001,20.0,30.799999,43.700001,19.6,27.6,40.299999,41.400002,40.900002,20.4,18.9,32.0,33.299999,17.0,43.799999,46.799999,21.0,39.0,21.6,24.1,31.200001,24.4,28.299999,18.0,32.099998,39.900002,29.700001,40.700001,43.099998,31.4,18.4,30.5,22.9,27.200001,43.900002,34.5,38.700001,29.5,15.3,18.5,36.400002,26.700001,39.299999,41.700001,40.299999,34.299999,32.200001,24.5,21.4,30.9,23.6,28.1,30.799999,26.4,43.900002,28.5,48.200001,40.099998,33.200001,36.799999,44.5,41.0,21.5,37.099998,33.700001,23.0,19.6,33.200001,19.299999,42.200001,37.700001,20.0,44.900002,43.200001,46.299999,22.0,17.200001,28.5,33.799999,45.599998,19.799999,29.200001,31.5,27.799999,29.200001,47.799999,47.900002,35.700001,19.4,20.6,31.0,22.4,41.299999,44.0,24.4,44.700001,24.1,18.299999,42.099998,18.5,20.200001,23.4,38.299999,34.5,33.299999,28.0,17.200001,42.799999,34.700001,41.5,39.0,42.799999,37.700001,36.599998,30.200001,24.200001,30.5,34.700001,18.700001,28.9,44.700001,30.0,32.099998,21.5,18.4,20.5
2026,,,,,,,,,,,,,,,,,,,,,,,,,,,,,,,,,,,,,,,,,,,,,,,,,,,,,,,,,,,,,,,,,,,,,,,,,,,,,,,,,,,,,,,,,,,,,,,,,,,,,,,,,,,,,,,,,,,,,,,,,,,,,,,,,,,,,,,,,,,,,,,,,,,,,,,,,,,,,,,,,,,,,,,,,,,,,,,,,,,,,,,,,,,,,,,,,,,,,,,,,,,,,,,,,,,,,,,,,,,,,,,,,,,,,,,,,,,,,,,,,
2027,,,,,,,,,,,,,,,,,,,,,,,,,,,,,,,,,,,,,,,,,,,,,,,,,,,,,,,,,,,,,,,,,,,,,,,,,,,,,,,,,,,,,,,,,,,,,,,,,,,,,,,,,,,,,,,,,,,,,,,,,,,,,,,,,,,,,,,,,,,,,,,,,,,,,,,,,,,,,,,,,,,,,,,,,,,,,,,,,,,,,,,,,,,,,,,,,,,,,,,,,,,,,,,,,,,,,,,,,,,,,,,,,,,,,,,,,,,,,,,,,
2028,,,,,,,,,,,,,,,,,,,,,,,,,,,,,,,,,,,,,,,,,,,,,,,,,,,,,,,,,,,,,,,,,,,,,,,,,,,,,,,,,,,,,,,,,,,,,,,,,,,,,,,,,,,,,,,,,,,,,,,,,,,,,,,,,,,,,,,,,,,,,,,,,,,,,,,,,,,,,,,,,,,,,,,,,,,,,,,,,,,,,,,,,,,,,,,,,,,,,,,,,,,,,,,,,,,,,,,,,,,,,,,,,,,,,,,,,,,,,,,,,
2029,,,,,,,,,,,,,,,,,,,,,,,,,,,,,,,,,,,,,,,,,,,,,,,,,,,,,,,,,,,,,,,,,,,,,,,,,,,,,,,,,,,,,,,,,,,,,,,,,,,,,,,,,,,,,,,,,,,,,,,,,,,,,,,,,,,,,,,,,,,,,,,,,,,,,,,,,,,,,,,,,,,,,,,,,,,,,,,,,,,,,,,,,,,,,,,,,,,,,,,,,,,,,,,,,,,,,,,,,,,,,,,,,,,,,,,,,,,,,,,,,
2030,28.5,33.700001,21.9,21.200001,41.5,31.799999,18.1,35.099998,34.099998,40.400002,41.099998,35.299999,39.799999,39.799999,46.5,36.700001,38.0,34.099998,31.6,41.900002,43.099998,43.400002,28.4,20.1,33.099998,28.200001,45.200001,28.700001,37.700001,36.799999,47.099998,19.0,18.6,28.5,20.4,43.299999,29.700001,34.900002,20.299999,32.099998,30.299999,18.1,46.099998,39.200001,43.0,36.400002,22.1,20.5,38.0,19.6,46.700001,45.5,42.0,41.5,46.799999,18.200001,42.400002,28.700001,30.6,20.5,43.5,43.900002,31.200001,26.6,31.799999,22.700001,21.700001,45.299999,22.6,45.099998,30.5,43.900002,43.299999,27.700001,36.400002,24.299999,19.1,40.900002,47.599998,22.799999,49.299999,33.400002,43.599998,34.400002,26.299999,20.4,21.0,29.700001,27.200001,43.5,29.0,48.0,46.099998,40.0,31.4,31.9,38.400002,21.4,41.299999,31.700001,50.900002,35.900002,51.5,26.0,32.0,22.5,24.200001,34.799999,27.700001,27.799999,34.599998,45.900002,22.200001,37.900002,23.700001,31.200001,20.9,32.5,44.099998,20.5,28.799999,41.0,43.700001,42.599998,21.200001,19.9,34.099998,36.299999,17.799999,45.299999,47.200001,21.799999,40.400002,23.200001,25.1,33.200001,25.6,29.799999,18.700001,33.299999,42.700001,30.299999,42.0,44.0,33.0,19.1,32.0,23.799999,29.5,44.5,35.900002,39.799999,31.6,15.7,19.200001,37.700001,27.6,40.099998,42.5,41.099998,35.099998,34.099998,25.6,22.4,32.299999,24.6,29.799999,32.400002,27.5,46.299999,29.799999,50.099998,41.900002,34.700001,37.799999,45.400002,42.599998,22.9,39.400002,35.700001,24.1,20.700001,34.700001,20.200001,43.200001,39.099998,21.200001,47.0,45.099998,48.0,23.200001,17.700001,29.6,35.700001,47.799999,20.6,30.700001,32.900002,28.9,30.799999,49.400002,50.099998,37.099998,20.1,21.6,32.400002,23.5,42.0,45.200001,26.5,47.099998,24.799999,19.0,43.799999,19.200001,21.200001,24.5,40.200001,36.200001,35.0,28.799999,17.9,44.400002,35.5,42.400002,39.799999,42.599998,39.900002,37.799999,31.9,25.1,32.0,36.900002,19.299999,30.0,45.5,31.299999,33.0,22.799999,19.0,21.799999
2031,,,,,,,,,,,,,,,,,,,,,,,,,,,,,,,,,,,,,,,,,,,,,,,,,,,,,,,,,,,,,,,,,,,,,,,,,,,,,,,,,,,,,,,,,,,,,,,,,,,,,,,,,,,,,,,,,,,,,,,,,,,,,,,,,,,,,,,,,,,,,,,,,,,,,,,,,,,,,,,,,,,,,,,,,,,,,,,,,,,,,,,,,,,,,,,,,,,,,,,,,,,,,,,,,,,,,,,,,,,,,,,,,,,,,,,,,,,,,,,,,
2032,,,,,,,,,,,,,,,,,,,,,,,,,,,,,,,,,,,,,,,,,,,,,,,,,,,,,,,,,,,,,,,,,,,,,,,,,,,,,,,,,,,,,,,,,,,,,,,,,,,,,,,,,,,,,,,,,,,,,,,,,,,,,,,,,,,,,,,,,,,,,,,,,,,,,,,,,,,,,,,,,,,,,,,,,,,,,,,,,,,,,,,,,,,,,,,,,,,,,,,,,,,,,,,,,,,,,,,,,,,,,,,,,,,,,,,,,,,,,,,,,
2033,,,,,,,,,,,,,,,,,,,,,,,,,,,,,,,,,,,,,,,,,,,,,,,,,,,,,,,,,,,,,,,,,,,,,,,,,,,,,,,,,,,,,,,,,,,,,,,,,,,,,,,,,,,,,,,,,,,,,,,,,,,,,,,,,,,,,,,,,,,,,,,,,,,,,,,,,,,,,,,,,,,,,,,,,,,,,,,,,,,,,,,,,,,,,,,,,,,,,,,,,,,,,,,,,,,,,,,,,,,,,,,,,,,,,,,,,,,,,,,,,
2034,,,,,,,,,,,,,,,,,,,,,,,,,,,,,,,,,,,,,,,,,,,,,,,,,,,,,,,,,,,,,,,,,,,,,,,,,,,,,,,,,,,,,,,,,,,,,,,,,,,,,,,,,,,,,,,,,,,,,,,,,,,,,,,,,,,,,,,,,,,,,,,,,,,,,,,,,,,,,,,,,,,,,,,,,,,,,,,,,,,,,,,,,,,,,,,,,,,,,,,,,,,,,,,,,,,,,,,,,,,,,,,,,,,,,,,,,,,,,,,,,
2035,29.5,34.799999,23.6,22.1,43.299999,32.700001,18.799999,36.700001,35.099998,42.599998,41.700001,36.5,40.599998,40.700001,47.700001,38.299999,39.799999,35.599998,33.700001,42.5,44.599998,44.200001,30.1,20.9,35.200001,29.6,46.599998,30.0,39.700001,38.900002,48.200001,19.9,19.5,29.700001,21.4,44.200001,31.6,36.299999,21.200001,34.099998,30.9,19.0,46.900002,41.0,45.400002,38.299999,23.200001,21.299999,40.200001,20.200001,47.900002,47.200001,42.400002,43.200001,47.900002,19.0,42.799999,30.4,32.200001,21.6,45.799999,45.5,32.799999,27.4,33.900002,23.5,23.0,47.0,24.0,46.200001,31.4,44.400002,43.599998,28.799999,38.0,25.4,20.0,42.0,48.5,23.799999,51.0,35.200001,43.200001,35.900002,28.0,21.299999,22.1,31.200001,28.700001,44.400002,31.1,49.700001,46.799999,41.5,33.0,33.099998,41.0,22.200001,41.5,32.400002,51.5,38.299999,52.5,27.5,31.6,23.700001,25.299999,36.099998,28.299999,29.6,36.400002,47.200001,23.1,40.799999,24.6,32.200001,21.700001,34.200001,45.099998,21.4,29.9,41.700001,46.099998,44.299999,22.1,21.0,36.0,39.099998,18.6,46.900002,47.299999,22.6,42.200001,24.799999,26.200001,35.200001,26.700001,31.1,19.5,34.299999,45.400002,30.5,43.299999,44.900002,34.599998,19.799999,33.5,24.799999,31.9,45.200001,37.099998,41.0,33.700001,16.1,19.9,39.099998,28.5,41.0,43.200001,41.799999,35.700001,35.799999,26.799999,23.6,33.599998,25.6,31.299999,33.900002,28.5,48.400002,31.0,51.400002,43.799999,36.5,38.799999,46.700001,43.900002,24.299999,42.0,37.599998,25.4,21.799999,36.0,21.299999,44.299999,39.900002,22.4,48.799999,46.799999,49.5,24.5,18.299999,30.700001,37.400002,49.700001,21.5,32.299999,34.200001,30.0,32.299999,50.5,51.599998,38.400002,21.0,22.5,33.799999,24.700001,42.900002,46.200001,28.4,49.200001,26.0,19.700001,45.099998,20.0,22.1,25.700001,41.299999,37.599998,36.799999,29.6,18.799999,46.0,36.700001,43.200001,40.599998,42.599998,41.5,39.099998,33.200001,26.5,33.5,38.900002,20.1,31.1,46.299999,32.599998,33.799999,24.299999,19.6,23.200001
2036,,,,,,,,,,,,,,,,,,,,,,,,,,,,,,,,,,,,,,,,,,,,,,,,,,,,,,,,,,,,,,,,,,,,,,,,,,,,,,,,,,,,,,,,,,,,,,,,,,,,,,,,,,,,,,,,,,,,,,,,,,,,,,,,,,,,,,,,,,,,,,,,,,,,,,,,,,,,,,,,,,,,,,,,,,,,,,,,,,,,,,,,,,,,,,,,,,,,,,,,,,,,,,,,,,,,,,,,,,,,,,,,,,,,,,,,,,,,,,,,,
2037,,,,,,,,,,,,,,,,,,,,,,,,,,,,,,,,,,,,,,,,,,,,,,,,,,,,,,,,,,,,,,,,,,,,,,,,,,,,,,,,,,,,,,,,,,,,,,,,,,,,,,,,,,,,,,,,,,,,,,,,,,,,,,,,,,,,,,,,,,,,,,,,,,,,,,,,,,,,,,,,,,,,,,,,,,,,,,,,,,,,,,,,,,,,,,,,,,,,,,,,,,,,,,,,,,,,,,,,,,,,,,,,,,,,,,,,,,,,,,,,,
2038,,,,,,,,,,,,,,,,,,,,,,,,,,,,,,,,,,,,,,,,,,,,,,,,,,,,,,,,,,,,,,,,,,,,,,,,,,,,,,,,,,,,,,,,,,,,,,,,,,,,,,,,,,,,,,,,,,,,,,,,,,,,,,,,,,,,,,,,,,,,,,,,,,,,,,,,,,,,,,,,,,,,,,,,,,,,,,,,,,,,,,,,,,,,,,,,,,,,,,,,,,,,,,,,,,,,,,,,,,,,,,,,,,,,,,,,,,,,,,,,,
2039,,,,,,,,,,,,,,,,,,,,,,,,,,,,,,,,,,,,,,,,,,,,,,,,,,,,,,,,,,,,,,,,,,,,,,,,,,,,,,,,,,,,,,,,,,,,,,,,,,,,,,,,,,,,,,,,,,,,,,,,,,,,,,,,,,,,,,,,,,,,,,,,,,,,,,,,,,,,,,,,,,,,,,,,,,,,,,,,,,,,,,,,,,,,,,,,,,,,,,,,,,,,,,,,,,,,,,,,,,,,,,,,,,,,,,,,,,,,,,,,,
2040,30.6,35.799999,25.200001,23.0,45.299999,33.700001,19.5,38.200001,36.200001,44.299999,42.5,37.700001,41.0,41.200001,48.799999,39.200001,41.299999,36.900002,35.900002,42.900002,45.200001,44.700001,31.5,21.799999,37.200001,31.0,48.0,31.5,41.700001,40.799999,49.200001,20.799999,20.4,31.200001,22.4,45.099998,33.599998,37.700001,22.200001,36.0,31.9,19.9,47.599998,42.599998,47.0,40.099998,24.200001,22.0,42.200001,20.9,48.799999,48.700001,43.0,44.799999,48.700001,19.9,43.400002,31.799999,33.799999,22.6,47.400002,46.099998,34.200001,28.5,35.900002,24.4,24.200001,48.099998,25.5,46.900002,32.599998,44.900002,43.799999,30.0,39.599998,26.799999,21.200001,42.400002,49.5,24.9,52.0,36.799999,44.099998,37.5,29.6,22.299999,23.1,32.400002,30.200001,45.099998,33.099998,51.200001,47.700001,42.700001,34.5,34.299999,42.900002,23.1,41.400002,33.099998,51.700001,40.700001,53.099998,29.0,32.099998,24.9,26.5,37.0,29.4,31.6,38.099998,48.200001,24.0,43.299999,25.799999,33.099998,22.6,35.799999,46.299999,22.4,31.1,42.200001,48.0,45.799999,23.0,22.1,37.700001,41.400002,19.4,48.299999,46.799999,23.5,43.900002,26.4,27.200001,37.200001,27.9,32.299999,20.4,35.299999,47.5,31.4,44.5,45.5,36.0,20.6,35.099998,26.200001,34.400002,45.900002,38.299999,42.0,35.799999,16.700001,20.700001,40.299999,29.5,41.599998,43.799999,42.400002,36.200001,36.799999,28.200001,24.9,34.900002,26.6,32.700001,35.5,29.6,50.200001,32.299999,52.200001,45.799999,38.0,40.099998,47.599998,43.799999,25.799999,44.5,39.299999,26.5,22.799999,37.200001,22.299999,45.099998,39.900002,23.700001,50.200001,48.200001,50.5,25.700001,19.0,31.799999,39.099998,51.099998,22.5,33.799999,35.299999,31.1,33.900002,51.099998,52.5,39.599998,21.9,23.299999,35.0,26.200001,43.5,47.0,30.299999,50.900002,27.299999,20.5,46.599998,21.0,23.0,26.6,41.799999,38.5,38.599998,30.299999,19.700001,46.900002,38.0,43.799999,41.200001,43.200001,42.599998,40.299999,34.299999,27.700001,34.900002,40.200001,20.9,32.299999,46.900002,33.799999,34.5,25.9,20.4,24.700001
2041,,,,,,,,,,,,,,,,,,,,,,,,,,,,,,,,,,,,,,,,,,,,,,,,,,,,,,,,,,,,,,,,,,,,,,,,,,,,,,,,,,,,,,,,,,,,,,,,,,,,,,,,,,,,,,,,,,,,,,,,,,,,,,,,,,,,,,,,,,,,,,,,,,,,,,,,,,,,,,,,,,,,,,,,,,,,,,,,,,,,,,,,,,,,,,,,,,,,,,,,,,,,,,,,,,,,,,,,,,,,,,,,,,,,,,,,,,,,,,,,,
2042,,,,,,,,,,,,,,,,,,,,,,,,,,,,,,,,,,,,,,,,,,,,,,,,,,,,,,,,,,,,,,,,,,,,,,,,,,,,,,,,,,,,,,,,,,,,,,,,,,,,,,,,,,,,,,,,,,,,,,,,,,,,,,,,,,,,,,,,,,,,,,,,,,,,,,,,,,,,,,,,,,,,,,,,,,,,,,,,,,,,,,,,,,,,,,,,,,,,,,,,,,,,,,,,,,,,,,,,,,,,,,,,,,,,,,,,,,,,,,,,,
2043,,,,,,,,,,,,,,,,,,,,,,,,,,,,,,,,,,,,,,,,,,,,,,,,,,,,,,,,,,,,,,,,,,,,,,,,,,,,,,,,,,,,,,,,,,,,,,,,,,,,,,,,,,,,,,,,,,,,,,,,,,,,,,,,,,,,,,,,,,,,,,,,,,,,,,,,,,,,,,,,,,,,,,,,,,,,,,,,,,,,,,,,,,,,,,,,,,,,,,,,,,,,,,,,,,,,,,,,,,,,,,,,,,,,,,,,,,,,,,,,,
2044,,,,,,,,,,,,,,,,,,,,,,,,,,,,,,,,,,,,,,,,,,,,,,,,,,,,,,,,,,,,,,,,,,,,,,,,,,,,,,,,,,,,,,,,,,,,,,,,,,,,,,,,,,,,,,,,,,,,,,,,,,,,,,,,,,,,,,,,,,,,,,,,,,,,,,,,,,,,,,,,,,,,,,,,,,,,,,,,,,,,,,,,,,,,,,,,,,,,,,,,,,,,,,,,,,,,,,,,,,,,,,,,,,,,,,,,,,,,,,,,,
2045,31.6,36.799999,27.0,23.9,47.5,35.099998,20.200001,39.5,37.400002,45.0,43.400002,38.700001,41.200001,41.400002,49.700001,39.5,42.099998,37.900002,38.0,43.099998,44.200001,44.799999,32.900002,22.6,39.099998,32.400002,49.299999,33.0,43.5,42.299999,49.200001,21.799999,21.200001,32.700001,23.4,45.400002,35.400002,38.900002,23.299999,37.799999,33.200001,21.1,48.0,44.0,47.799999,41.799999,25.299999,22.799999,44.0,21.700001,49.299999,49.799999,43.5,46.200001,48.799999,21.0,43.900002,33.299999,35.5,23.700001,48.299999,45.400002,35.799999,29.9,37.700001,25.4,25.4,48.099998,27.1,46.900002,33.900002,44.799999,44.0,31.0,41.0,28.1,22.299999,42.0,50.099998,25.9,52.5,38.299999,45.5,38.900002,31.299999,23.299999,24.200001,33.599998,31.700001,45.5,35.0,52.200001,48.299999,43.400002,36.099998,35.400002,44.200001,23.9,41.799999,34.0,51.599998,42.799999,53.200001,30.6,33.200001,26.200001,27.4,37.599998,31.0,33.5,39.700001,47.900002,25.0,45.700001,27.200001,33.900002,23.5,37.400002,46.799999,23.4,32.299999,42.599998,49.0,46.799999,23.9,23.299999,39.099998,43.099998,20.4,49.5,46.799999,24.299999,45.299999,27.799999,28.1,39.0,29.299999,33.400002,21.299999,36.200001,49.200001,32.700001,45.599998,45.5,37.400002,21.6,36.400002,27.6,36.799999,46.400002,39.200001,42.599998,37.900002,17.299999,21.5,41.400002,30.9,42.0,43.900002,42.900002,36.799999,38.0,29.6,26.299999,36.299999,27.5,34.200001,37.0,30.700001,51.5,33.599998,52.599998,47.599998,39.400002,41.5,47.799999,42.200001,27.200001,46.799999,40.700001,27.5,23.700001,38.5,23.299999,45.799999,39.599998,24.9,51.599998,49.0,50.5,26.9,19.799999,32.900002,40.599998,52.599998,23.5,35.400002,36.400002,32.299999,35.5,51.299999,52.599998,41.0,22.799999,24.200001,36.200001,27.700001,43.200001,47.5,32.200001,52.5,28.6,21.4,48.0,22.1,23.799999,27.5,42.099998,39.200001,40.299999,31.799999,20.700001,46.599998,39.200001,43.900002,41.700001,43.799999,43.299999,41.5,35.700001,28.9,36.400002,41.099998,21.700001,33.400002,47.200001,34.799999,35.299999,27.6,21.299999,26.200001
2046,,,,,,,,,,,,,,,,,,,,,,,,,,,,,,,,,,,,,,,,,,,,,,,,,,,,,,,,,,,,,,,,,,,,,,,,,,,,,,,,,,,,,,,,,,,,,,,,,,,,,,,,,,,,,,,,,,,,,,,,,,,,,,,,,,,,,,,,,,,,,,,,,,,,,,,,,,,,,,,,,,,,,,,,,,,,,,,,,,,,,,,,,,,,,,,,,,,,,,,,,,,,,,,,,,,,,,,,,,,,,,,,,,,,,,,,,,,,,,,,,
2047,,,,,,,,,,,,,,,,,,,,,,,,,,,,,,,,,,,,,,,,,,,,,,,,,,,,,,,,,,,,,,,,,,,,,,,,,,,,,,,,,,,,,,,,,,,,,,,,,,,,,,,,,,,,,,,,,,,,,,,,,,,,,,,,,,,,,,,,,,,,,,,,,,,,,,,,,,,,,,,,,,,,,,,,,,,,,,,,,,,,,,,,,,,,,,,,,,,,,,,,,,,,,,,,,,,,,,,,,,,,,,,,,,,,,,,,,,,,,,,,,
2048,,,,,,,,,,,,,,,,,,,,,,,,,,,,,,,,,,,,,,,,,,,,,,,,,,,,,,,,,,,,,,,,,,,,,,,,,,,,,,,,,,,,,,,,,,,,,,,,,,,,,,,,,,,,,,,,,,,,,,,,,,,,,,,,,,,,,,,,,,,,,,,,,,,,,,,,,,,,,,,,,,,,,,,,,,,,,,,,,,,,,,,,,,,,,,,,,,,,,,,,,,,,,,,,,,,,,,,,,,,,,,,,,,,,,,,,,,,,,,,,,
2049,,,,,,,,,,,,,,,,,,,,,,,,,,,,,,,,,,,,,,,,,,,,,,,,,,,,,,,,,,,,,,,,,,,,,,,,,,,,,,,,,,,,,,,,,,,,,,,,,,,,,,,,,,,,,,,,,,,,,,,,,,,,,,,,,,,,,,,,,,,,,,,,,,,,,,,,,,,,,,,,,,,,,,,,,,,,,,,,,,,,,,,,,,,,,,,,,,,,,,,,,,,,,,,,,,,,,,,,,,,,,,,,,,,,,,,,,,,,,,,,,
2050,32.599998,37.700001,28.9,24.799999,49.5,37.0,21.1,40.5,38.5,45.5,44.0,39.700001,41.5,41.700001,49.900002,40.0,42.700001,39.799999,40.0,43.400002,43.200001,44.700001,34.299999,23.5,40.900002,33.700001,50.5,34.599998,45.099998,43.599998,48.099998,22.799999,22.0,34.299999,24.4,45.200001,37.099998,40.099998,24.5,39.5,34.700001,22.200001,48.200001,45.099998,48.0,43.299999,26.299999,23.6,45.400002,22.5,49.799999,50.400002,43.900002,47.400002,47.900002,22.1,44.200001,34.599998,37.200001,24.799999,48.5,44.599998,37.299999,31.200001,39.599998,26.6,26.6,47.200001,28.799999,46.599998,35.200001,44.700001,44.299999,32.0,42.200001,29.299999,23.6,42.0,50.299999,26.9,52.799999,40.0,46.599998,40.099998,33.099998,24.299999,25.1,34.799999,33.099998,45.700001,36.799999,52.400002,48.5,44.099998,37.5,36.599998,45.200001,24.700001,42.599998,35.099998,51.400002,44.700001,53.200001,32.099998,34.599998,27.4,28.299999,38.099998,32.5,35.400002,41.099998,46.400002,26.0,47.599998,28.700001,34.799999,24.5,38.900002,46.200001,24.4,33.299999,42.799999,48.599998,47.299999,24.9,24.5,40.200001,44.400002,21.6,50.200001,47.400002,25.200001,46.799999,29.200001,29.1,40.799999,30.799999,34.299999,22.4,37.200001,50.0,34.200001,46.400002,45.400002,38.900002,22.6,37.5,28.9,39.0,46.799999,40.0,43.099998,40.0,18.1,22.4,42.099998,32.099998,42.400002,43.900002,43.200001,37.400002,39.900002,30.9,27.6,37.599998,28.5,35.599998,38.599998,31.799999,52.200001,34.900002,53.099998,49.400002,40.5,42.799999,48.0,41.400002,28.700001,48.900002,42.200001,28.6,24.700001,39.599998,24.200001,46.400002,40.099998,26.299999,52.799999,49.0,49.599998,28.1,20.700001,34.099998,42.0,53.900002,24.5,36.799999,37.5,33.5,36.900002,51.299999,52.299999,42.599998,23.799999,25.1,37.400002,29.200001,43.200001,47.5,34.099998,53.700001,29.9,22.299999,49.200001,23.4,24.700001,28.299999,42.799999,39.900002,41.799999,33.099998,21.9,45.400002,40.400002,43.900002,42.0,44.5,43.799999,42.5,37.200001,30.0,37.900002,42.0,22.6,34.599998,47.299999,36.0,36.099998,29.299999,22.1,27.700001
2051,,,,,,,,,,,,,,,,,,,,,,,,,,,,,,,,,,,,,,,,,,,,,,,,,,,,,,,,,,,,,,,,,,,,,,,,,,,,,,,,,,,,,,,,,,,,,,,,,,,,,,,,,,,,,,,,,,,,,,,,,,,,,,,,,,,,,,,,,,,,,,,,,,,,,,,,,,,,,,,,,,,,,,,,,,,,,,,,,,,,,,,,,,,,,,,,,,,,,,,,,,,,,,,,,,,,,,,,,,,,,,,,,,,,,,,,,,,,,,,,,
2052,,,,,,,,,,,,,,,,,,,,,,,,,,,,,,,,,,,,,,,,,,,,,,,,,,,,,,,,,,,,,,,,,,,,,,,,,,,,,,,,,,,,,,,,,,,,,,,,,,,,,,,,,,,,,,,,,,,,,,,,,,,,,,,,,,,,,,,,,,,,,,,,,,,,,,,,,,,,,,,,,,,,,,,,,,,,,,,,,,,,,,,,,,,,,,,,,,,,,,,,,,,,,,,,,,,,,,,,,,,,,,,,,,,,,,,,,,,,,,,,,
2053,,,,,,,,,,,,,,,,,,,,,,,,,,,,,,,,,,,,,,,,,,,,,,,,,,,,,,,,,,,,,,,,,,,,,,,,,,,,,,,,,,,,,,,,,,,,,,,,,,,,,,,,,,,,,,,,,,,,,,,,,,,,,,,,,,,,,,,,,,,,,,,,,,,,,,,,,,,,,,,,,,,,,,,,,,,,,,,,,,,,,,,,,,,,,,,,,,,,,,,,,,,,,,,,,,,,,,,,,,,,,,,,,,,,,,,,,,,,,,,,,
2054,,,,,,,,,,,,,,,,,,,,,,,,,,,,,,,,,,,,,,,,,,,,,,,,,,,,,,,,,,,,,,,,,,,,,,,,,,,,,,,,,,,,,,,,,,,,,,,,,,,,,,,,,,,,,,,,,,,,,,,,,,,,,,,,,,,,,,,,,,,,,,,,,,,,,,,,,,,,,,,,,,,,,,,,,,,,,,,,,,,,,,,,,,,,,,,,,,,,,,,,,,,,,,,,,,,,,,,,,,,,,,,,,,,,,,,,,,,,,,,,,
2055,33.5,38.599998,30.700001,25.799999,50.599998,38.799999,22.1,41.299999,39.700001,46.599998,44.5,40.799999,41.900002,42.200001,49.5,41.400002,43.400002,41.700001,41.799999,43.599998,43.200001,44.799999,35.700001,24.4,42.599998,35.099998,50.700001,36.099998,46.400002,44.5,47.700001,23.799999,22.9,36.0,25.4,45.299999,38.799999,41.099998,25.9,41.200001,36.0,23.299999,48.200001,46.099998,48.099998,44.700001,27.299999,24.4,46.700001,23.200001,49.900002,50.5,44.099998,48.400002,47.700001,23.299999,44.400002,35.900002,38.799999,25.9,48.599998,44.5,38.799999,32.400002,41.299999,27.799999,27.799999,47.400002,30.4,46.5,36.5,44.799999,44.599998,33.0,43.299999,30.5,24.799999,42.700001,50.0,27.799999,53.0,42.0,47.5,41.200001,34.799999,25.4,26.200001,36.200001,34.5,45.900002,38.5,51.099998,48.599998,45.0,38.700001,37.700001,46.799999,25.6,43.5,36.099998,51.099998,46.200001,53.200001,33.5,35.799999,28.700001,29.1,38.799999,33.799999,37.299999,42.5,46.400002,27.0,48.799999,30.1,35.599998,25.6,40.400002,45.299999,25.5,34.299999,42.799999,47.200001,47.599998,26.0,25.799999,41.400002,45.700001,22.799999,50.099998,48.200001,26.0,48.0,30.700001,30.0,42.400002,32.5,35.200001,23.5,38.099998,50.0,35.400002,47.299999,45.5,40.599998,23.700001,38.299999,30.299999,41.0,47.0,40.900002,43.700001,42.0,18.9,23.4,42.5,33.299999,42.599998,44.200001,43.599998,38.099998,42.0,32.299999,29.0,38.900002,29.4,37.0,40.099998,33.0,52.400002,36.0,53.599998,50.900002,41.599998,43.900002,48.200001,41.700001,30.200001,50.400002,43.599998,29.700001,25.799999,40.799999,25.200001,46.799999,41.299999,27.6,53.700001,48.700001,48.799999,29.200001,21.700001,35.400002,43.299999,54.700001,25.6,38.099998,38.5,34.799999,38.200001,51.400002,52.099998,44.200001,24.799999,26.200001,38.5,30.700001,43.400002,47.299999,35.799999,54.599998,31.1,23.200001,50.0,24.700001,25.6,29.4,43.599998,41.299999,43.299999,34.400002,23.1,45.400002,41.5,44.200001,42.299999,45.700001,44.5,43.5,38.700001,31.200001,39.299999,43.0,23.5,35.700001,47.200001,37.099998,36.799999,31.0,23.0,29.1
2056,,,,,,,,,,,,,,,,,,,,,,,,,,,,,,,,,,,,,,,,,,,,,,,,,,,,,,,,,,,,,,,,,,,,,,,,,,,,,,,,,,,,,,,,,,,,,,,,,,,,,,,,,,,,,,,,,,,,,,,,,,,,,,,,,,,,,,,,,,,,,,,,,,,,,,,,,,,,,,,,,,,,,,,,,,,,,,,,,,,,,,,,,,,,,,,,,,,,,,,,,,,,,,,,,,,,,,,,,,,,,,,,,,,,,,,,,,,,,,,,,
2057,,,,,,,,,,,,,,,,,,,,,,,,,,,,,,,,,,,,,,,,,,,,,,,,,,,,,,,,,,,,,,,,,,,,,,,,,,,,,,,,,,,,,,,,,,,,,,,,,,,,,,,,,,,,,,,,,,,,,,,,,,,,,,,,,,,,,,,,,,,,,,,,,,,,,,,,,,,,,,,,,,,,,,,,,,,,,,,,,,,,,,,,,,,,,,,,,,,,,,,,,,,,,,,,,,,,,,,,,,,,,,,,,,,,,,,,,,,,,,,,,
2058,,,,,,,,,,,,,,,,,,,,,,,,,,,,,,,,,,,,,,,,,,,,,,,,,,,,,,,,,,,,,,,,,,,,,,,,,,,,,,,,,,,,,,,,,,,,,,,,,,,,,,,,,,,,,,,,,,,,,,,,,,,,,,,,,,,,,,,,,,,,,,,,,,,,,,,,,,,,,,,,,,,,,,,,,,,,,,,,,,,,,,,,,,,,,,,,,,,,,,,,,,,,,,,,,,,,,,,,,,,,,,,,,,,,,,,,,,,,,,,,,
2059,,,,,,,,,,,,,,,,,,,,,,,,,,,,,,,,,,,,,,,,,,,,,,,,,,,,,,,,,,,,,,,,,,,,,,,,,,,,,,,,,,,,,,,,,,,,,,,,,,,,,,,,,,,,,,,,,,,,,,,,,,,,,,,,,,,,,,,,,,,,,,,,,,,,,,,,,,,,,,,,,,,,,,,,,,,,,,,,,,,,,,,,,,,,,,,,,,,,,,,,,,,,,,,,,,,,,,,,,,,,,,,,,,,,,,,,,,,,,,,,,
2060,34.400002,39.400002,32.5,26.799999,50.900002,40.400002,23.0,42.099998,40.799999,48.0,44.299999,41.700001,42.5,42.799999,49.099998,42.700001,44.200001,43.400002,43.5,43.799999,43.700001,45.0,37.0,25.299999,44.0,36.5,50.700001,37.400002,47.599998,45.5,47.700001,24.9,23.799999,37.5,26.5,45.5,40.5,42.200001,27.299999,42.700001,37.200001,24.5,48.200001,47.0,48.5,45.799999,28.299999,25.4,47.799999,24.0,50.400002,50.099998,44.5,49.200001,47.799999,24.6,44.200001,37.099998,40.400002,27.1,48.900002,45.0,40.299999,33.400002,43.099998,29.0,29.1,47.900002,32.099998,46.700001,37.599998,45.099998,44.799999,33.900002,44.5,31.6,26.200001,43.799999,49.400002,28.700001,53.299999,44.0,47.900002,42.400002,36.5,26.6,27.200001,37.5,35.799999,46.099998,40.099998,49.700001,48.700001,45.799999,39.900002,38.599998,48.5,26.5,44.400002,37.0,51.0,47.400002,53.0,34.900002,36.799999,30.0,29.9,39.400002,35.0,39.099998,43.799999,46.799999,28.1,49.099998,31.5,36.299999,26.700001,41.599998,45.200001,26.6,35.299999,42.900002,46.599998,47.700001,27.1,27.1,42.5,47.400002,24.0,50.0,48.700001,26.799999,48.599998,32.299999,30.9,44.0,34.099998,36.200001,24.6,38.900002,50.400002,36.400002,48.200001,45.599998,42.200001,24.799999,39.099998,31.700001,42.900002,46.900002,41.700001,44.299999,43.900002,19.799999,24.4,43.0,34.200001,42.799999,44.599998,43.799999,38.700001,44.0,33.5,30.299999,40.099998,30.299999,38.400002,41.599998,34.099998,52.799999,37.099998,54.0,52.200001,42.5,44.900002,48.400002,42.299999,31.700001,51.400002,45.0,31.0,26.9,42.099998,26.200001,47.099998,42.299999,28.9,54.299999,48.700001,48.799999,30.4,22.6,36.5,44.400002,54.299999,26.700001,39.400002,39.5,36.0,39.400002,51.5,52.299999,45.5,25.9,27.200001,39.599998,32.200001,43.700001,47.200001,37.400002,54.400002,32.299999,24.200001,50.599998,26.200001,26.5,30.5,44.5,42.599998,44.599998,35.5,24.200001,45.700001,42.299999,44.700001,42.5,46.900002,45.400002,44.400002,40.200001,32.299999,40.599998,44.099998,24.5,36.700001,47.099998,38.200001,37.400002,32.700001,23.799999,30.5
2061,,,,,,,,,,,,,,,,,,,,,,,,,,,,,,,,,,,,,,,,,,,,,,,,,,,,,,,,,,,,,,,,,,,,,,,,,,,,,,,,,,,,,,,,,,,,,,,,,,,,,,,,,,,,,,,,,,,,,,,,,,,,,,,,,,,,,,,,,,,,,,,,,,,,,,,,,,,,,,,,,,,,,,,,,,,,,,,,,,,,,,,,,,,,,,,,,,,,,,,,,,,,,,,,,,,,,,,,,,,,,,,,,,,,,,,,,,,,,,,,,
2062,,,,,,,,,,,,,,,,,,,,,,,,,,,,,,,,,,,,,,,,,,,,,,,,,,,,,,,,,,,,,,,,,,,,,,,,,,,,,,,,,,,,,,,,,,,,,,,,,,,,,,,,,,,,,,,,,,,,,,,,,,,,,,,,,,,,,,,,,,,,,,,,,,,,,,,,,,,,,,,,,,,,,,,,,,,,,,,,,,,,,,,,,,,,,,,,,,,,,,,,,,,,,,,,,,,,,,,,,,,,,,,,,,,,,,,,,,,,,,,,,
2063,,,,,,,,,,,,,,,,,,,,,,,,,,,,,,,,,,,,,,,,,,,,,,,,,,,,,,,,,,,,,,,,,,,,,,,,,,,,,,,,,,,,,,,,,,,,,,,,,,,,,,,,,,,,,,,,,,,,,,,,,,,,,,,,,,,,,,,,,,,,,,,,,,,,,,,,,,,,,,,,,,,,,,,,,,,,,,,,,,,,,,,,,,,,,,,,,,,,,,,,,,,,,,,,,,,,,,,,,,,,,,,,,,,,,,,,,,,,,,,,,
2064,,,,,,,,,,,,,,,,,,,,,,,,,,,,,,,,,,,,,,,,,,,,,,,,,,,,,,,,,,,,,,,,,,,,,,,,,,,,,,,,,,,,,,,,,,,,,,,,,,,,,,,,,,,,,,,,,,,,,,,,,,,,,,,,,,,,,,,,,,,,,,,,,,,,,,,,,,,,,,,,,,,,,,,,,,,,,,,,,,,,,,,,,,,,,,,,,,,,,,,,,,,,,,,,,,,,,,,,,,,,,,,,,,,,,,,,,,,,,,,,,
2065,35.200001,40.099998,34.299999,27.9,51.400002,41.700001,24.0,43.0,41.799999,49.299999,44.299999,42.5,43.099998,43.400002,48.900002,43.599998,44.900002,45.099998,45.099998,44.099998,44.200001,45.299999,38.299999,26.299999,45.400002,37.799999,50.599998,38.599998,48.599998,46.400002,47.599998,26.0,24.700001,38.799999,27.6,45.799999,42.0,43.099998,28.799999,44.200001,38.200001,25.700001,48.200001,47.700001,49.099998,46.799999,29.299999,26.4,48.799999,24.799999,50.799999,50.099998,45.099998,49.900002,47.900002,26.0,44.200001,38.099998,41.900002,28.299999,49.400002,45.400002,41.700001,34.299999,44.900002,30.200001,30.4,48.299999,33.700001,46.799999,38.599998,45.5,45.0,34.900002,45.599998,32.599998,27.6,44.5,49.200001,29.700001,53.700001,45.900002,48.0,43.5,38.099998,27.799999,28.200001,38.799999,37.0,46.200001,41.700001,48.900002,48.599998,46.5,41.0,39.5,50.099998,27.4,44.799999,37.900002,50.599998,48.799999,52.799999,36.299999,37.5,31.4,30.6,39.900002,36.0,40.700001,44.900002,47.099998,29.1,49.599998,32.799999,37.0,27.799999,42.599998,45.5,27.799999,36.099998,43.200001,46.900002,48.0,28.1,28.4,43.700001,49.0,25.299999,50.099998,48.5,27.700001,48.700001,33.900002,31.9,45.400002,35.599998,37.200001,25.9,39.5,51.0,37.200001,48.900002,45.799999,43.599998,26.0,39.799999,33.0,44.700001,46.900002,42.599998,45.0,45.599998,20.9,25.4,43.599998,35.0,43.200001,45.0,44.200001,39.400002,45.900002,34.599998,31.6,41.299999,31.200001,39.700001,42.900002,35.200001,53.299999,38.099998,54.200001,53.099998,43.400002,45.700001,48.299999,42.599998,33.299999,52.099998,46.200001,32.400002,27.9,43.200001,27.299999,47.400002,43.099998,30.200001,54.700001,48.900002,48.900002,31.700001,23.6,37.599998,45.5,53.5,27.799999,40.5,40.299999,37.099998,40.599998,51.400002,52.299999,46.599998,27.0,28.200001,40.700001,33.700001,44.099998,47.400002,39.0,53.299999,33.400002,25.299999,51.099998,27.700001,27.5,31.9,45.0,43.900002,45.799999,36.299999,25.5,46.0,42.900002,45.099998,42.900002,48.099998,46.0,45.200001,41.299999,33.5,41.799999,45.099998,25.5,37.5,47.099998,39.099998,38.0,34.299999,24.700001,32.0
2066,,,,,,,,,,,,,,,,,,,,,,,,,,,,,,,,,,,,,,,,,,,,,,,,,,,,,,,,,,,,,,,,,,,,,,,,,,,,,,,,,,,,,,,,,,,,,,,,,,,,,,,,,,,,,,,,,,,,,,,,,,,,,,,,,,,,,,,,,,,,,,,,,,,,,,,,,,,,,,,,,,,,,,,,,,,,,,,,,,,,,,,,,,,,,,,,,,,,,,,,,,,,,,,,,,,,,,,,,,,,,,,,,,,,,,,,,,,,,,,,,
2067,,,,,,,,,,,,,,,,,,,,,,,,,,,,,,,,,,,,,,,,,,,,,,,,,,,,,,,,,,,,,,,,,,,,,,,,,,,,,,,,,,,,,,,,,,,,,,,,,,,,,,,,,,,,,,,,,,,,,,,,,,,,,,,,,,,,,,,,,,,,,,,,,,,,,,,,,,,,,,,,,,,,,,,,,,,,,,,,,,,,,,,,,,,,,,,,,,,,,,,,,,,,,,,,,,,,,,,,,,,,,,,,,,,,,,,,,,,,,,,,,
2068,,,,,,,,,,,,,,,,,,,,,,,,,,,,,,,,,,,,,,,,,,,,,,,,,,,,,,,,,,,,,,,,,,,,,,,,,,,,,,,,,,,,,,,,,,,,,,,,,,,,,,,,,,,,,,,,,,,,,,,,,,,,,,,,,,,,,,,,,,,,,,,,,,,,,,,,,,,,,,,,,,,,,,,,,,,,,,,,,,,,,,,,,,,,,,,,,,,,,,,,,,,,,,,,,,,,,,,,,,,,,,,,,,,,,,,,,,,,,,,,,
2069,,,,,,,,,,,,,,,,,,,,,,,,,,,,,,,,,,,,,,,,,,,,,,,,,,,,,,,,,,,,,,,,,,,,,,,,,,,,,,,,,,,,,,,,,,,,,,,,,,,,,,,,,,,,,,,,,,,,,,,,,,,,,,,,,,,,,,,,,,,,,,,,,,,,,,,,,,,,,,,,,,,,,,,,,,,,,,,,,,,,,,,,,,,,,,,,,,,,,,,,,,,,,,,,,,,,,,,,,,,,,,,,,,,,,,,,,,,,,,,,,
2070,36.0,40.700001,35.900002,28.9,52.099998,42.700001,25.0,43.900002,42.799999,50.299999,44.700001,43.200001,43.700001,44.0,49.0,44.0,45.599998,46.299999,46.5,44.400002,44.400002,45.5,39.5,27.200001,46.5,39.0,50.599998,39.599998,49.400002,47.099998,47.5,27.200001,25.799999,39.900002,28.700001,46.200001,43.400002,44.0,30.1,45.400002,38.900002,26.799999,48.200001,48.299999,49.5,47.599998,30.299999,27.4,49.700001,25.6,50.900002,50.200001,45.700001,50.299999,47.799999,27.4,44.599998,39.0,43.299999,29.4,49.700001,45.400002,42.900002,35.299999,46.599998,31.4,31.700001,48.5,35.299999,46.900002,39.700001,45.900002,45.200001,35.900002,46.5,33.700001,28.9,44.900002,49.299999,30.6,53.400002,47.400002,48.099998,44.799999,39.700001,29.0,29.200001,39.900002,38.0,46.400002,43.099998,49.0,48.400002,47.200001,42.0,40.200001,51.099998,28.4,44.799999,38.799999,50.099998,50.599998,52.400002,37.599998,38.099998,32.700001,31.4,40.299999,36.900002,42.099998,45.900002,47.200001,30.1,50.0,34.099998,37.5,28.9,43.299999,46.0,28.9,36.900002,43.5,47.299999,48.299999,29.200001,29.6,44.799999,50.400002,26.6,50.299999,48.599998,28.5,48.799999,35.5,32.799999,46.599998,37.0,38.200001,27.1,40.099998,51.200001,37.799999,49.299999,46.0,44.799999,27.200001,40.5,34.299999,46.400002,47.200001,43.400002,45.599998,47.0,22.1,26.5,44.400002,35.900002,43.599998,45.400002,44.599998,40.0,47.400002,35.700001,32.900002,42.400002,32.200001,40.900002,44.099998,36.299999,53.599998,39.200001,53.900002,53.599998,44.200001,46.5,48.200001,42.599998,34.799999,52.700001,47.299999,33.900002,29.0,44.200001,28.299999,47.700001,43.5,31.4,55.0,49.0,48.900002,33.0,24.6,38.599998,46.400002,52.799999,28.9,41.5,41.099998,38.099998,41.599998,51.0,51.900002,47.400002,28.1,29.1,41.700001,35.0,44.5,47.700001,40.5,52.599998,34.400002,26.4,51.099998,29.200001,28.4,33.200001,45.0,44.799999,46.799999,37.0,26.799999,46.0,43.299999,45.5,43.400002,49.299999,46.5,46.0,42.099998,34.599998,43.0,45.900002,26.6,38.299999,47.299999,40.0,38.5,35.799999,25.6,33.5
2071,,,,,,,,,,,,,,,,,,,,,,,,,,,,,,,,,,,,,,,,,,,,,,,,,,,,,,,,,,,,,,,,,,,,,,,,,,,,,,,,,,,,,,,,,,,,,,,,,,,,,,,,,,,,,,,,,,,,,,,,,,,,,,,,,,,,,,,,,,,,,,,,,,,,,,,,,,,,,,,,,,,,,,,,,,,,,,,,,,,,,,,,,,,,,,,,,,,,,,,,,,,,,,,,,,,,,,,,,,,,,,,,,,,,,,,,,,,,,,,,,
2072,,,,,,,,,,,,,,,,,,,,,,,,,,,,,,,,,,,,,,,,,,,,,,,,,,,,,,,,,,,,,,,,,,,,,,,,,,,,,,,,,,,,,,,,,,,,,,,,,,,,,,,,,,,,,,,,,,,,,,,,,,,,,,,,,,,,,,,,,,,,,,,,,,,,,,,,,,,,,,,,,,,,,,,,,,,,,,,,,,,,,,,,,,,,,,,,,,,,,,,,,,,,,,,,,,,,,,,,,,,,,,,,,,,,,,,,,,,,,,,,,
2073,,,,,,,,,,,,,,,,,,,,,,,,,,,,,,,,,,,,,,,,,,,,,,,,,,,,,,,,,,,,,,,,,,,,,,,,,,,,,,,,,,,,,,,,,,,,,,,,,,,,,,,,,,,,,,,,,,,,,,,,,,,,,,,,,,,,,,,,,,,,,,,,,,,,,,,,,,,,,,,,,,,,,,,,,,,,,,,,,,,,,,,,,,,,,,,,,,,,,,,,,,,,,,,,,,,,,,,,,,,,,,,,,,,,,,,,,,,,,,,,,
2074,,,,,,,,,,,,,,,,,,,,,,,,,,,,,,,,,,,,,,,,,,,,,,,,,,,,,,,,,,,,,,,,,,,,,,,,,,,,,,,,,,,,,,,,,,,,,,,,,,,,,,,,,,,,,,,,,,,,,,,,,,,,,,,,,,,,,,,,,,,,,,,,,,,,,,,,,,,,,,,,,,,,,,,,,,,,,,,,,,,,,,,,,,,,,,,,,,,,,,,,,,,,,,,,,,,,,,,,,,,,,,,,,,,,,,,,,,,,,,,,,
2075,36.700001,41.200001,37.5,30.0,52.799999,43.299999,26.0,44.799999,43.599998,50.700001,45.5,43.700001,44.099998,44.400002,49.200001,44.099998,46.200001,47.400002,47.700001,44.700001,44.0,45.700001,40.5,28.1,47.299999,40.200001,50.700001,40.5,50.0,47.599998,47.200001,28.299999,26.799999,41.0,29.700001,46.5,44.5,44.799999,31.5,46.5,39.599998,28.0,48.400002,48.799999,49.5,48.200001,31.299999,28.5,50.299999,26.5,50.799999,50.400002,46.299999,50.400002,47.400002,28.799999,45.099998,39.799999,44.5,30.6,49.700001,45.0,44.099998,36.5,48.099998,32.599998,33.099998,48.400002,36.900002,46.799999,40.700001,46.299999,45.400002,37.0,47.299999,34.799999,30.200001,44.900002,49.599998,31.6,52.799999,48.400002,48.599998,46.0,41.200001,30.1,30.200001,40.900002,39.0,46.599998,44.400002,49.299999,48.400002,47.799999,42.900002,40.900002,51.400002,29.299999,44.700001,39.700001,49.799999,52.200001,52.0,38.900002,38.700001,34.0,32.299999,40.700001,37.799999,43.299999,46.799999,47.0,31.1,50.900002,35.299999,38.099998,30.0,43.799999,46.200001,30.0,37.700001,43.900002,47.5,48.5,30.299999,30.9,45.700001,51.099998,28.0,50.5,48.799999,29.299999,49.0,37.200001,33.700001,47.700001,38.200001,39.200001,28.4,40.599998,50.799999,38.400002,49.599998,46.099998,45.799999,28.4,41.200001,35.599998,47.900002,47.5,44.099998,46.299999,48.200001,23.200001,27.6,45.099998,36.799999,44.099998,45.700001,45.099998,40.599998,48.299999,36.700001,34.200001,43.400002,33.0,42.0,45.200001,37.400002,53.299999,40.400002,53.299999,53.900002,44.900002,47.400002,48.099998,42.099998,36.400002,53.200001,48.200001,35.599998,30.0,45.0,29.4,47.900002,43.700001,32.599998,55.299999,48.900002,48.5,34.299999,25.700001,39.5,47.099998,52.5,29.9,42.400002,41.799999,39.099998,42.5,50.599998,51.299999,48.099998,29.200001,30.0,42.5,36.299999,44.900002,48.0,41.900002,52.299999,35.599998,27.4,51.0,30.700001,29.299999,34.599998,44.900002,45.299999,47.599998,37.700001,28.1,45.700001,43.799999,45.799999,43.799999,50.5,46.700001,46.700001,42.700001,35.700001,44.0,46.299999,27.6,39.099998,47.5,40.799999,39.0,37.299999,26.6,34.900002
2076,,,,,,,,,,,,,,,,,,,,,,,,,,,,,,,,,,,,,,,,,,,,,,,,,,,,,,,,,,,,,,,,,,,,,,,,,,,,,,,,,,,,,,,,,,,,,,,,,,,,,,,,,,,,,,,,,,,,,,,,,,,,,,,,,,,,,,,,,,,,,,,,,,,,,,,,,,,,,,,,,,,,,,,,,,,,,,,,,,,,,,,,,,,,,,,,,,,,,,,,,,,,,,,,,,,,,,,,,,,,,,,,,,,,,,,,,,,,,,,,,
2077,,,,,,,,,,,,,,,,,,,,,,,,,,,,,,,,,,,,,,,,,,,,,,,,,,,,,,,,,,,,,,,,,,,,,,,,,,,,,,,,,,,,,,,,,,,,,,,,,,,,,,,,,,,,,,,,,,,,,,,,,,,,,,,,,,,,,,,,,,,,,,,,,,,,,,,,,,,,,,,,,,,,,,,,,,,,,,,,,,,,,,,,,,,,,,,,,,,,,,,,,,,,,,,,,,,,,,,,,,,,,,,,,,,,,,,,,,,,,,,,,
2078,,,,,,,,,,,,,,,,,,,,,,,,,,,,,,,,,,,,,,,,,,,,,,,,,,,,,,,,,,,,,,,,,,,,,,,,,,,,,,,,,,,,,,,,,,,,,,,,,,,,,,,,,,,,,,,,,,,,,,,,,,,,,,,,,,,,,,,,,,,,,,,,,,,,,,,,,,,,,,,,,,,,,,,,,,,,,,,,,,,,,,,,,,,,,,,,,,,,,,,,,,,,,,,,,,,,,,,,,,,,,,,,,,,,,,,,,,,,,,,,,
2079,,,,,,,,,,,,,,,,,,,,,,,,,,,,,,,,,,,,,,,,,,,,,,,,,,,,,,,,,,,,,,,,,,,,,,,,,,,,,,,,,,,,,,,,,,,,,,,,,,,,,,,,,,,,,,,,,,,,,,,,,,,,,,,,,,,,,,,,,,,,,,,,,,,,,,,,,,,,,,,,,,,,,,,,,,,,,,,,,,,,,,,,,,,,,,,,,,,,,,,,,,,,,,,,,,,,,,,,,,,,,,,,,,,,,,,,,,,,,,,,,
2080,37.400002,41.700001,39.0,31.1,53.299999,43.799999,27.0,45.5,44.400002,50.400002,46.200001,44.200001,44.5,44.799999,49.299999,44.299999,46.5,48.200001,48.700001,45.0,43.599998,45.799999,41.400002,29.0,47.799999,41.400002,50.700001,41.299999,50.299999,47.900002,46.799999,29.4,27.799999,42.0,30.799999,46.599998,45.5,45.400002,32.799999,47.400002,40.400002,29.1,48.5,49.299999,49.299999,48.599998,32.299999,29.5,50.599998,27.299999,50.5,50.5,46.799999,50.299999,46.799999,30.200001,45.599998,40.400002,45.700001,31.700001,49.5,44.5,45.200001,37.799999,49.299999,33.700001,34.400002,47.900002,38.299999,46.700001,41.700001,46.5,45.799999,38.200001,47.900002,36.0,31.5,44.900002,49.799999,32.599998,52.099998,49.0,49.599998,47.099998,42.5,31.299999,31.200001,41.700001,39.900002,46.799999,45.400002,49.5,48.400002,48.299999,43.700001,41.599998,50.900002,30.299999,44.900002,40.799999,49.700001,53.5,51.700001,40.299999,39.5,35.299999,33.200001,41.200001,38.900002,44.400002,47.400002,46.400002,32.099998,51.599998,36.5,38.700001,31.200001,44.299999,46.099998,31.200001,38.400002,44.299999,47.400002,48.5,31.4,32.200001,46.299999,51.0,29.200001,50.5,49.299999,30.1,49.200001,38.900002,34.599998,48.5,39.099998,40.099998,29.6,41.0,50.099998,39.0,49.799999,46.099998,46.599998,29.6,41.700001,36.799999,49.099998,47.900002,44.799999,46.900002,49.200001,24.4,28.700001,45.599998,37.700001,44.400002,45.900002,45.5,41.200001,48.700001,37.799999,35.5,44.400002,33.900002,42.900002,46.099998,38.400002,52.599998,41.599998,52.799999,54.099998,45.5,48.400002,48.0,41.900002,38.0,53.400002,48.900002,37.299999,31.0,45.5,30.5,48.099998,44.200001,33.700001,55.599998,48.599998,48.0,35.700001,26.799999,40.400002,47.599998,52.400002,31.0,43.099998,42.400002,40.0,43.299999,50.400002,50.900002,48.799999,30.299999,31.0,43.299999,37.599998,45.0,48.299999,43.299999,52.0,36.900002,28.5,50.900002,32.299999,30.200001,35.900002,44.799999,45.5,48.299999,38.599998,29.299999,45.200001,44.299999,46.0,44.200001,51.799999,46.799999,47.299999,43.299999,36.900002,45.0,46.400002,28.700001,39.799999,47.799999,41.5,39.5,38.599998,27.5,36.299999
2081,,,,,,,,,,,,,,,,,,,,,,,,,,,,,,,,,,,,,,,,,,,,,,,,,,,,,,,,,,,,,,,,,,,,,,,,,,,,,,,,,,,,,,,,,,,,,,,,,,,,,,,,,,,,,,,,,,,,,,,,,,,,,,,,,,,,,,,,,,,,,,,,,,,,,,,,,,,,,,,,,,,,,,,,,,,,,,,,,,,,,,,,,,,,,,,,,,,,,,,,,,,,,,,,,,,,,,,,,,,,,,,,,,,,,,,,,,,,,,,,,
2082,,,,,,,,,,,,,,,,,,,,,,,,,,,,,,,,,,,,,,,,,,,,,,,,,,,,,,,,,,,,,,,,,,,,,,,,,,,,,,,,,,,,,,,,,,,,,,,,,,,,,,,,,,,,,,,,,,,,,,,,,,,,,,,,,,,,,,,,,,,,,,,,,,,,,,,,,,,,,,,,,,,,,,,,,,,,,,,,,,,,,,,,,,,,,,,,,,,,,,,,,,,,,,,,,,,,,,,,,,,,,,,,,,,,,,,,,,,,,,,,,
2083,,,,,,,,,,,,,,,,,,,,,,,,,,,,,,,,,,,,,,,,,,,,,,,,,,,,,,,,,,,,,,,,,,,,,,,,,,,,,,,,,,,,,,,,,,,,,,,,,,,,,,,,,,,,,,,,,,,,,,,,,,,,,,,,,,,,,,,,,,,,,,,,,,,,,,,,,,,,,,,,,,,,,,,,,,,,,,,,,,,,,,,,,,,,,,,,,,,,,,,,,,,,,,,,,,,,,,,,,,,,,,,,,,,,,,,,,,,,,,,,,
2084,,,,,,,,,,,,,,,,,,,,,,,,,,,,,,,,,,,,,,,,,,,,,,,,,,,,,,,,,,,,,,,,,,,,,,,,,,,,,,,,,,,,,,,,,,,,,,,,,,,,,,,,,,,,,,,,,,,,,,,,,,,,,,,,,,,,,,,,,,,,,,,,,,,,,,,,,,,,,,,,,,,,,,,,,,,,,,,,,,,,,,,,,,,,,,,,,,,,,,,,,,,,,,,,,,,,,,,,,,,,,,,,,,,,,,,,,,,,,,,,,
2085,38.099998,42.099998,40.299999,32.099998,53.700001,44.400002,28.0,46.099998,45.099998,50.0,46.700001,44.700001,44.900002,45.200001,49.200001,44.799999,46.700001,48.900002,49.400002,45.299999,43.599998,46.0,42.200001,29.9,48.200001,42.400002,50.599998,42.099998,50.5,48.200001,46.700001,30.6,28.9,43.099998,31.9,46.799999,46.200001,46.0,34.099998,48.099998,41.299999,30.200001,48.799999,49.5,49.099998,48.900002,33.200001,30.5,50.799999,28.200001,50.299999,50.5,47.200001,50.299999,46.599998,31.700001,46.0,40.900002,46.700001,32.900002,49.299999,44.400002,46.099998,39.0,50.200001,34.900002,35.700001,47.700001,39.599998,46.799999,42.700001,46.799999,46.200001,39.299999,48.5,37.099998,32.700001,45.400002,49.700001,33.599998,51.799999,49.400002,50.599998,48.0,43.599998,32.5,32.200001,42.400002,40.700001,47.0,46.299999,49.099998,48.299999,48.599998,44.299999,42.299999,50.200001,31.4,45.599998,41.900002,49.799999,54.400002,51.5,41.5,40.599998,36.599998,34.099998,41.799999,40.099998,45.299999,48.0,46.200001,33.099998,51.900002,37.700001,39.200001,32.400002,44.700001,45.700001,32.299999,39.0,44.700001,46.900002,48.400002,32.5,33.400002,46.599998,50.5,30.5,50.299999,50.0,30.9,49.400002,40.5,35.400002,49.200001,39.799999,40.900002,30.799999,41.5,49.400002,39.900002,49.900002,46.200001,47.299999,30.799999,42.0,38.0,50.0,48.200001,45.400002,47.299999,50.0,25.6,29.799999,46.0,38.599998,44.700001,46.099998,45.900002,41.799999,48.799999,38.799999,36.799999,45.299999,34.700001,43.799999,46.900002,39.400002,51.900002,42.700001,52.700001,54.200001,45.900002,49.299999,48.099998,42.099998,39.5,53.400002,49.599998,38.900002,32.0,45.900002,31.6,48.200001,45.0,34.700001,55.900002,48.200001,47.700001,36.900002,27.9,41.200001,48.099998,52.400002,32.099998,43.799999,42.900002,40.900002,44.0,50.400002,50.799999,49.599998,31.4,31.9,44.0,38.799999,45.200001,48.400002,44.599998,51.799999,38.299999,29.6,50.900002,33.799999,31.1,37.099998,45.099998,45.799999,48.900002,39.5,30.700001,45.099998,44.700001,46.299999,44.5,53.099998,46.900002,47.799999,44.0,38.0,45.799999,46.400002,29.700001,40.5,47.900002,42.200001,40.0,39.900002,28.4,37.700001
2086,,,,,,,,,,,,,,,,,,,,,,,,,,,,,,,,,,,,,,,,,,,,,,,,,,,,,,,,,,,,,,,,,,,,,,,,,,,,,,,,,,,,,,,,,,,,,,,,,,,,,,,,,,,,,,,,,,,,,,,,,,,,,,,,,,,,,,,,,,,,,,,,,,,,,,,,,,,,,,,,,,,,,,,,,,,,,,,,,,,,,,,,,,,,,,,,,,,,,,,,,,,,,,,,,,,,,,,,,,,,,,,,,,,,,,,,,,,,,,,,,
2087,,,,,,,,,,,,,,,,,,,,,,,,,,,,,,,,,,,,,,,,,,,,,,,,,,,,,,,,,,,,,,,,,,,,,,,,,,,,,,,,,,,,,,,,,,,,,,,,,,,,,,,,,,,,,,,,,,,,,,,,,,,,,,,,,,,,,,,,,,,,,,,,,,,,,,,,,,,,,,,,,,,,,,,,,,,,,,,,,,,,,,,,,,,,,,,,,,,,,,,,,,,,,,,,,,,,,,,,,,,,,,,,,,,,,,,,,,,,,,,,,
2088,,,,,,,,,,,,,,,,,,,,,,,,,,,,,,,,,,,,,,,,,,,,,,,,,,,,,,,,,,,,,,,,,,,,,,,,,,,,,,,,,,,,,,,,,,,,,,,,,,,,,,,,,,,,,,,,,,,,,,,,,,,,,,,,,,,,,,,,,,,,,,,,,,,,,,,,,,,,,,,,,,,,,,,,,,,,,,,,,,,,,,,,,,,,,,,,,,,,,,,,,,,,,,,,,,,,,,,,,,,,,,,,,,,,,,,,,,,,,,,,,
2089,,,,,,,,,,,,,,,,,,,,,,,,,,,,,,,,,,,,,,,,,,,,,,,,,,,,,,,,,,,,,,,,,,,,,,,,,,,,,,,,,,,,,,,,,,,,,,,,,,,,,,,,,,,,,,,,,,,,,,,,,,,,,,,,,,,,,,,,,,,,,,,,,,,,,,,,,,,,,,,,,,,,,,,,,,,,,,,,,,,,,,,,,,,,,,,,,,,,,,,,,,,,,,,,,,,,,,,,,,,,,,,,,,,,,,,,,,,,,,,,,
2090,38.799999,42.599998,41.400002,33.200001,53.599998,45.299999,29.0,46.5,45.799999,50.0,46.900002,45.200001,45.400002,45.700001,49.099998,45.299999,46.900002,49.200001,50.0,45.700001,44.099998,46.299999,42.900002,30.799999,48.400002,43.400002,50.200001,42.900002,50.599998,48.400002,47.0,31.700001,29.799999,44.099998,33.0,47.0,46.799999,46.599998,35.299999,48.700001,42.299999,31.299999,49.0,49.700001,49.200001,49.099998,34.200001,31.6,50.900002,29.0,50.299999,50.400002,47.599998,50.299999,46.900002,33.099998,46.200001,41.400002,47.599998,33.900002,49.299999,44.799999,47.0,40.200001,50.799999,36.099998,36.900002,47.900002,40.799999,47.0,43.599998,47.099998,46.700001,40.299999,49.0,38.200001,33.799999,46.099998,49.700001,34.599998,51.799999,50.099998,51.299999,48.700001,44.700001,33.599998,33.299999,43.099998,41.400002,47.099998,47.0,48.599998,48.299999,49.0,44.900002,42.900002,50.299999,32.400002,46.400002,43.0,50.099998,55.0,51.599998,42.700001,41.700001,37.799999,35.099998,42.400002,41.299999,46.099998,48.400002,46.599998,34.099998,51.700001,38.799999,39.799999,33.5,45.299999,45.599998,33.400002,39.700001,45.099998,46.700001,48.299999,33.599998,34.599998,46.799999,50.299999,31.799999,49.900002,50.799999,31.700001,49.299999,42.0,36.299999,49.700001,40.5,41.700001,32.0,42.0,49.099998,40.900002,50.099998,46.5,48.099998,32.0,42.200001,39.099998,50.5,48.299999,45.900002,47.700001,50.599998,26.9,30.9,46.200001,39.5,44.900002,46.5,46.299999,42.400002,48.900002,39.900002,38.0,46.099998,35.599998,44.5,47.700001,40.400002,51.400002,43.700001,52.700001,54.099998,46.200001,50.099998,48.200001,42.700001,40.799999,53.200001,50.099998,40.400002,33.0,46.400002,32.700001,48.299999,46.0,35.700001,56.299999,48.099998,47.900002,38.099998,28.9,42.0,48.5,52.299999,33.200001,44.5,43.5,41.700001,44.599998,50.599998,51.0,50.400002,32.5,32.799999,44.599998,39.900002,45.5,48.599998,45.599998,51.400002,39.5,30.700001,50.900002,35.200001,32.0,38.200001,45.5,46.400002,49.400002,40.5,32.0,45.5,45.099998,46.700001,44.700001,54.299999,47.099998,48.200001,44.700001,39.099998,46.5,46.5,30.799999,41.200001,48.099998,42.799999,40.599998,41.099998,29.4,39.0
2091,,,,,,,,,,,,,,,,,,,,,,,,,,,,,,,,,,,,,,,,,,,,,,,,,,,,,,,,,,,,,,,,,,,,,,,,,,,,,,,,,,,,,,,,,,,,,,,,,,,,,,,,,,,,,,,,,,,,,,,,,,,,,,,,,,,,,,,,,,,,,,,,,,,,,,,,,,,,,,,,,,,,,,,,,,,,,,,,,,,,,,,,,,,,,,,,,,,,,,,,,,,,,,,,,,,,,,,,,,,,,,,,,,,,,,,,,,,,,,,,,
2092,,,,,,,,,,,,,,,,,,,,,,,,,,,,,,,,,,,,,,,,,,,,,,,,,,,,,,,,,,,,,,,,,,,,,,,,,,,,,,,,,,,,,,,,,,,,,,,,,,,,,,,,,,,,,,,,,,,,,,,,,,,,,,,,,,,,,,,,,,,,,,,,,,,,,,,,,,,,,,,,,,,,,,,,,,,,,,,,,,,,,,,,,,,,,,,,,,,,,,,,,,,,,,,,,,,,,,,,,,,,,,,,,,,,,,,,,,,,,,,,,
2093,,,,,,,,,,,,,,,,,,,,,,,,,,,,,,,,,,,,,,,,,,,,,,,,,,,,,,,,,,,,,,,,,,,,,,,,,,,,,,,,,,,,,,,,,,,,,,,,,,,,,,,,,,,,,,,,,,,,,,,,,,,,,,,,,,,,,,,,,,,,,,,,,,,,,,,,,,,,,,,,,,,,,,,,,,,,,,,,,,,,,,,,,,,,,,,,,,,,,,,,,,,,,,,,,,,,,,,,,,,,,,,,,,,,,,,,,,,,,,,,,
2094,,,,,,,,,,,,,,,,,,,,,,,,,,,,,,,,,,,,,,,,,,,,,,,,,,,,,,,,,,,,,,,,,,,,,,,,,,,,,,,,,,,,,,,,,,,,,,,,,,,,,,,,,,,,,,,,,,,,,,,,,,,,,,,,,,,,,,,,,,,,,,,,,,,,,,,,,,,,,,,,,,,,,,,,,,,,,,,,,,,,,,,,,,,,,,,,,,,,,,,,,,,,,,,,,,,,,,,,,,,,,,,,,,,,,,,,,,,,,,,,,
2095,39.400002,43.099998,42.299999,34.200001,53.299999,46.299999,30.0,46.900002,46.400002,50.299999,46.799999,45.599998,46.099998,46.299999,49.099998,45.799999,47.200001,49.099998,50.400002,46.0,44.700001,46.700001,43.5,31.700001,48.599998,44.299999,49.900002,43.599998,50.700001,48.700001,47.400002,32.799999,30.9,45.0,34.0,47.299999,47.400002,47.0,36.5,49.200001,43.200001,32.299999,49.299999,49.900002,49.400002,49.299999,35.099998,32.599998,51.0,29.799999,50.400002,50.5,47.900002,50.299999,47.400002,34.400002,46.400002,41.799999,48.400002,35.0,49.5,45.299999,47.799999,41.200001,51.299999,37.299999,38.099998,48.5,42.0,47.400002,44.400002,47.5,47.0,41.299999,49.5,39.299999,34.900002,46.799999,49.700001,35.5,51.900002,51.0,51.599998,49.299999,45.599998,34.799999,34.200001,43.700001,42.099998,47.400002,47.599998,48.400002,48.400002,49.400002,45.400002,43.400002,50.799999,33.5,47.0,44.0,50.400002,55.5,51.700001,43.799999,42.599998,38.900002,36.0,43.0,42.400002,46.799999,48.799999,47.099998,35.0,51.299999,39.799999,40.400002,34.700001,45.900002,45.900002,34.5,40.299999,45.5,46.900002,48.400002,34.700001,35.900002,47.099998,50.700001,33.099998,49.799999,51.299999,32.5,49.0,43.400002,37.099998,50.099998,41.299999,42.299999,33.200001,42.5,49.099998,41.900002,50.200001,46.799999,48.799999,33.200001,42.400002,40.200001,50.799999,48.5,46.299999,48.099998,51.099998,28.200001,32.0,46.5,40.400002,45.200001,47.0,46.700001,43.099998,49.099998,40.700001,39.200001,46.900002,36.400002,45.200001,48.400002,41.299999,51.400002,44.5,52.700001,53.900002,46.5,50.700001,48.400002,43.400002,42.0,52.799999,50.700001,41.599998,33.900002,47.0,33.799999,48.5,46.799999,36.599998,56.5,48.299999,48.5,39.299999,30.0,42.700001,48.799999,51.799999,34.200001,45.099998,44.0,42.400002,45.200001,50.799999,51.400002,51.0,33.599998,33.700001,45.200001,40.900002,46.0,48.900002,46.5,50.700001,40.700001,31.799999,50.700001,36.700001,32.900002,39.200001,45.799999,47.099998,49.799999,41.200001,33.200001,46.0,45.400002,47.200001,45.0,55.200001,47.400002,48.599998,45.400002,40.200001,47.099998,46.900002,31.9,41.799999,48.299999,43.5,41.099998,42.200001,30.299999,40.099998
2096,,,,,,,,,,,,,,,,,,,,,,,,,,,,,,,,,,,,,,,,,,,,,,,,,,,,,,,,,,,,,,,,,,,,,,,,,,,,,,,,,,,,,,,,,,,,,,,,,,,,,,,,,,,,,,,,,,,,,,,,,,,,,,,,,,,,,,,,,,,,,,,,,,,,,,,,,,,,,,,,,,,,,,,,,,,,,,,,,,,,,,,,,,,,,,,,,,,,,,,,,,,,,,,,,,,,,,,,,,,,,,,,,,,,,,,,,,,,,,,,,
2097,,,,,,,,,,,,,,,,,,,,,,,,,,,,,,,,,,,,,,,,,,,,,,,,,,,,,,,,,,,,,,,,,,,,,,,,,,,,,,,,,,,,,,,,,,,,,,,,,,,,,,,,,,,,,,,,,,,,,,,,,,,,,,,,,,,,,,,,,,,,,,,,,,,,,,,,,,,,,,,,,,,,,,,,,,,,,,,,,,,,,,,,,,,,,,,,,,,,,,,,,,,,,,,,,,,,,,,,,,,,,,,,,,,,,,,,,,,,,,,,,
2098,,,,,,,,,,,,,,,,,,,,,,,,,,,,,,,,,,,,,,,,,,,,,,,,,,,,,,,,,,,,,,,,,,,,,,,,,,,,,,,,,,,,,,,,,,,,,,,,,,,,,,,,,,,,,,,,,,,,,,,,,,,,,,,,,,,,,,,,,,,,,,,,,,,,,,,,,,,,,,,,,,,,,,,,,,,,,,,,,,,,,,,,,,,,,,,,,,,,,,,,,,,,,,,,,,,,,,,,,,,,,,,,,,,,,,,,,,,,,,,,,
2099,,,,,,,,,,,,,,,,,,,,,,,,,,,,,,,,,,,,,,,,,,,,,,,,,,,,,,,,,,,,,,,,,,,,,,,,,,,,,,,,,,,,,,,,,,,,,,,,,,,,,,,,,,,,,,,,,,,,,,,,,,,,,,,,,,,,,,,,,,,,,,,,,,,,,,,,,,,,,,,,,,,,,,,,,,,,,,,,,,,,,,,,,,,,,,,,,,,,,,,,,,,,,,,,,,,,,,,,,,,,,,,,,,,,,,,,,,,,,,,,,
2100,40.099998,43.599998,43.200001,35.200001,53.200001,47.200001,31.0,47.299999,46.900002,50.599998,46.900002,46.099998,46.700001,46.900002,49.400002,46.099998,47.5,49.0,50.599998,46.299999,45.299999,47.099998,44.200001,32.599998,48.799999,45.099998,49.799999,44.099998,50.799999,49.0,47.799999,33.900002,31.9,45.700001,35.099998,47.700001,47.900002,47.5,37.700001,49.599998,43.900002,33.400002,49.599998,50.099998,49.599998,49.400002,36.0,33.599998,51.099998,30.700001,50.5,50.799999,48.299999,50.400002,47.799999,35.799999,46.700001,42.200001,49.0,36.0,49.799999,45.700001,48.400002,42.200001,51.700001,38.400002,39.299999,49.0,43.0,47.799999,45.099998,47.900002,47.299999,42.200001,49.900002,40.200001,35.900002,47.299999,50.0,36.400002,51.900002,51.900002,51.5,49.900002,46.400002,35.900002,35.200001,44.299999,42.599998,47.700001,48.099998,48.700001,48.599998,49.900002,45.900002,43.900002,51.200001,34.5,47.5,45.0,50.5,56.0,51.799999,44.799999,43.400002,40.0,36.799999,43.5,43.299999,47.400002,49.200001,47.599998,36.0,51.099998,40.700001,41.0,35.799999,46.299999,46.400002,35.5,40.799999,46.099998,47.400002,48.700001,35.900002,37.099998,47.599998,51.200001,34.299999,50.0,51.400002,33.299999,48.799999,44.700001,38.0,50.400002,42.299999,42.900002,34.400002,43.0,49.299999,42.599998,50.299999,47.099998,49.5,34.299999,42.599998,41.099998,51.099998,48.700001,46.799999,48.599998,51.400002,29.4,33.099998,46.900002,41.200001,45.599998,47.5,47.099998,43.799999,49.5,41.5,40.400002,47.599998,37.200001,45.900002,48.900002,42.099998,51.5,45.299999,52.5,53.599998,47.0,51.200001,48.599998,43.900002,43.099998,52.5,51.099998,42.700001,34.799999,47.5,34.799999,48.700001,47.400002,37.299999,56.799999,48.599998,49.0,40.400002,31.1,43.299999,49.099998,51.599998,35.299999,45.599998,44.5,43.0,45.700001,51.0,51.700001,51.400002,34.599998,34.599998,45.700001,41.799999,46.5,49.400002,47.099998,50.299999,41.700001,32.799999,50.5,38.099998,33.799999,40.099998,45.900002,47.700001,50.200001,41.799999,34.5,46.5,45.700001,47.700001,45.299999,56.0,47.700001,48.900002,45.900002,41.200001,47.700001,47.400002,33.0,42.400002,48.599998,44.099998,41.599998,43.099998,31.299999,41.099998
